,R,Q
4628,7.104557964889927,2
2169,8.8803908051369,2
4138,5.527820899965001,2
1397,10.590081748724137,3
2460,12.37858515887409,1
1322,4.24172708212565,2
4405,12.990774977913194,0
4938,5.627416101284478,2
1295,3.006622904934771,1
4648,6.972194312263362,1
1991,1.2842760185055984,0
2961,12.397768837396189,0
1157,6.453171921249873,2
1409,4.385554994269138,1
642,14.369442068314042,1
2683,6.348797772163309,2
1290,3.2000356350240384,1
611,10.978009641246388,3
3211,15.275270527567026,3
4425,2.160970771261433,1
5124,5.970263138944148,2
3731,5.818258860831215,1
994,5.170779856519288,3
455,8.131125615351932,3
89,8.680363919471493,3
3276,5.524918815722577,1
2016,5.498892990872408,2
3528,15.210217450137673,1
2068,5.728437016672228,1
2359,13.643843782669377,2
4422,6.005733756945409,2
3794,2.7402404949364096,2
4090,2.7095691369003703,1
4236,6.490768444868321,2
1315,16.45327417770019,0
2913,6.416784555845926,1
3327,2.160711927668323,1
3820,8.433006313764361,1
3080,6.219074149177991,0
2763,8.67854231241864,2
3361,8.495174443890322,1
4952,8.316853188584492,1
2325,8.244980102152638,1
162,2.080612979834325,3
187,4.512705619842295,2
1617,3.0456565034809433,0
1508,0.9608133986535519,3
1485,8.471502533156352,3
2584,6.6975888999566955,0
3206,2.4205107777055046,2
3102,3.5906938989287616,0
2724,7.625260333826841,1
3066,4.809178829541754,1
1528,7.022754489411006,1
2260,6.549015691374203,2
5114,11.720991399074894,0
5362,2.6258004715021563,2
1899,20.48875900569296,0
2484,6.010672027461965,0
2411,9.972766280867763,2
5291,1.0593466420729807,2
2227,3.5950689541809826,2
4608,0.6032869754957535,0
1942,4.615287763239044,1
4306,2.1781650293604162,2
285,14.794039612276524,1
4756,7.254456666100145,1
2881,7.933560568776074,0
454,4.848362831547991,3
4022,1.590131690741565,1
2019,5.327478240229663,2
2720,4.853036294563522,3
2119,2.7553248930360374,1
3638,6.730139879764408,1
3734,8.421892789004385,1
4819,11.614037073520162,3
619,3.7656450077814902,3
4838,3.5404972855383336,1
367,0.9392736723102866,3
3159,4.5568393823807005,2
4752,1.3102671286090224,1
5035,2.29447394385926,3
3364,2.6587098898990362,0
1545,1.2657147669812627,1
5044,5.433267084276063,2
2017,3.354977412430051,1
2771,8.771693909115347,0
3436,11.60401021355735,2
2794,9.333721946249586,1
1552,4.436614006686122,0
2236,5.112277364263518,1
1793,11.132015605250295,1
3968,5.788563388496319,2
3526,3.290076234013938,1
4569,8.895550661213226,3
1477,5.002645012719934,1
2188,7.367477104190073,2
2192,2.5513389714990153,2
714,1.2801213535383287,2
2860,10.094315250096034,3
1834,7.0958241913321345,2
5246,2.6918280240503014,2
4906,4.362882005572336,3
159,1.25464030080295,3
1592,7.87583047174725,2
2732,9.228602301849355,2
2213,3.7199359528838762,2
5305,6.1792979603574505,2
4839,4.228841012475599,2
3636,3.7522237522410977,0
1921,4.652242037880175,0
1068,1.4510085663165353,0
4889,7.012473797340268,2
1168,6.438497744369856,2
1531,7.63113455903169,2
2842,5.851734843353577,2
1755,4.305735044249762,2
4629,9.47891350464166,2
3888,1.038628438283816,1
4127,8.369557912849947,2
232,12.29007837323495,3
4143,4.5004812788915185,1
3362,2.706791525383529,2
2156,6.2829913291812405,0
3504,3.3361873980124614,1
3902,4.19132081856684,1
3394,6.991934244612433,1
2097,2.7899020351289967,1
795,3.8514969671984485,3
5261,1.9858970849204725,1
213,6.722774377717734,1
1342,3.981621820750156,1
2224,6.291575879964826,3
3812,1.1569477910105812,2
4712,7.623741617550852,0
3144,3.9198559575144643,0
3803,8.188752494669664,1
909,4.704555873770454,3
2689,2.412880900369721,2
1286,7.238153887641394,2
1371,13.523918117255938,2
1444,9.823651017810157,2
806,4.1911093768311725,3
5276,3.3284817223088385,2
1561,12.57141061355821,1
5398,2.538465930833039,0
2164,6.711063712335813,2
4027,5.737577530312582,2
837,3.606431562613336,3
2133,8.082423611736484,0
3334,1.4280696385879832,2
5128,4.090240661843778,0
2454,3.368274822846992,0
4766,1.2446357916694055,2
848,2.453436572440681,1
5381,6.551794020294601,2
2173,10.08240292883667,0
400,6.372456014500477,3
2963,13.533533305438507,2
4779,16.59930050642778,2
158,14.361456438797886,3
1820,3.5451109303727195,2
5099,12.847649003281706,0
4408,3.1726883522746565,2
2092,3.863986545204929,2
1123,1.8932362192682235,2
1416,3.9927075408359265,0
4119,16.175783509863486,1
4865,2.8534950023301033,1
3444,4.423218410960606,0
2426,1.781564890510406,1
4224,5.337855899604226,1
1868,4.141526935079592,3
4277,3.2661860574922477,3
1605,7.002866505060675,1
4386,6.383525932000048,1
1644,3.553769768321933,1
2631,8.83910990502746,3
2199,13.950870843052304,2
1225,2.7577911190489237,0
68,5.23691708335567,1
3625,3.6871491881330836,2
348,6.778237027764629,3
3176,6.710877679489073,2
3163,5.80765280083331,1
4365,0.8282174055173459,2
2099,6.23280787602212,3
4734,5.465180715346532,2
3126,7.192858951362771,1
1958,6.789589677322217,2
3815,1.5919526016565304,1
2392,6.86837954084984,1
3258,3.5070989191108284,2
903,2.4995179713685,3
1143,8.062980679245358,1
2449,12.011479669806295,3
2861,7.9472357870928665,0
321,4.420975342004036,3
863,3.4035269110950637,3
357,7.057291179676925,2
4774,16.824217416215774,1
5045,1.8985443814654508,1
1194,1.5381132308834473,2
3875,8.20813190606154,1
3516,1.3224855259373762,2
760,4.179029541954932,2
896,6.888534160056231,1
299,2.2443553177268916,3
1736,0.743532508075115,2
706,1.070682073218976,3
3848,8.04652587191626,2
1354,6.981713552305951,2
4947,1.4116048907950585,2
5200,3.7019327643654565,1
794,2.604378946847932,3
85,1.5874141709024805,3
3837,6.049168062418796,1
1961,5.314562288065021,0
3909,11.059352602164473,0
1555,4.972764490286409,2
588,6.88740188365914,1
2946,5.71631685915392,2
4392,7.159973612468299,1
2849,7.85703644371964,1
2975,5.18543352267365,2
432,7.164307263926078,2
3162,4.5253012060606554,1
2934,1.92081357059843,0
217,7.187370980435318,3
1309,4.738864288737108,1
5085,0.3816183990069648,2
3646,11.763058947059616,1
191,8.735528785355651,2
5041,7.975031547174467,2
3761,2.5147824875869733,1
1340,7.560629049150219,3
2878,12.725184650523977,2
1776,8.249198060697225,1
1080,5.351289518212704,2
2652,4.76034732737378,2
1056,7.669142698656426,2
23,5.801851253664404,3
2515,6.771209324342195,0
993,4.349264695136476,0
914,16.330283434970553,1
1882,11.83176690787921,2
5273,16.773716044171486,1
1130,0.8519937776408961,2
4807,3.2611849222539044,1
3458,2.4764916495584473,2
143,2.515827964448533,3
374,10.755372114142514,2
3338,1.350856590679294,2
595,5.920649975062231,3
5341,6.353751123179521,2
2375,1.7949240142579592,1
1550,8.942581586602104,0
3928,6.829671132590311,1
1348,4.03341223705734,0
2373,3.0785621350620076,2
416,3.187326002179848,3
5131,5.250140590551878,2
2274,22.260789214968533,1
1662,10.177944114481193,1
4393,2.760245228276547,1
3494,3.748573698234254,2
1864,7.212519543317491,1
1064,0.6674414858390342,2
2309,5.783866180720974,1
1661,5.663685344376562,2
713,5.685032831837395,1
4757,2.3540855363712803,2
974,1.8998333827084517,2
2088,3.655750763380495,1
76,2.0611856824809767,3
1832,8.153045834999098,3
1400,2.0788974341776614,0
2703,19.796176583234036,2
1039,8.492020273491558,3
4272,6.061480511142723,1
3452,2.0972365867924254,2
3359,5.787340231765191,3
3662,5.141940072208567,2
565,4.192106064842925,3
730,5.323666945368123,3
4031,1.0567757633780144,1
4729,4.584556470674777,2
1045,4.600786485422978,1
526,5.7900075135030615,3
1034,6.942174667854367,1
2978,5.128992357135889,0
2353,1.70310430675944,2
155,6.92340499516702,3
1856,1.4822269867386182,2
4361,3.626403284949522,2
635,16.680031728440106,3
3916,8.079687211678698,0
822,8.521999861691782,3
2056,9.153041412951557,1
3177,3.200904365555208,1
2691,3.2920388793030266,3
2407,4.803022698904724,1
2717,10.989442688803756,2
2735,4.084019823804848,2
5392,5.5212019420854315,2
1033,3.8153565190832044,1
744,5.222629076682995,2
3079,4.093269530294553,2
778,3.338388098417573,2
2528,5.172602462395025,3
880,9.26489372946173,3
4595,1.744285987935919,3
5370,2.756338316366111,2
2240,4.387510126734464,1
5062,5.105342693057108,1
5223,3.671145067784292,1
4696,4.787774350232784,1
5325,2.309521619270538,1
1166,1.741000043317778,2
3409,21.540281609340866,1
2229,1.956472691158822,2
81,13.725626240046271,3
2395,1.4641387008495386,1
1101,1.5397499813236966,1
4421,0.9427770245567608,1
2121,5.851005985417633,2
4590,8.143774331654724,2
5169,3.2711927277240873,0
1512,9.113627690852915,1
4622,19.82249825831815,2
4613,3.2014186605816923,3
1351,4.583525048784622,1
4317,11.400818211766563,3
4685,3.8661579566252398,1
4754,9.895417244638734,1
2816,1.8257007354802675,2
3927,10.820588035514708,1
5025,7.884411713091113,2
3918,3.0353830626992915,1
4419,17.460756316851874,3
4684,9.264530098249494,0
3187,7.659673817139743,2
4389,10.493608621556815,2
2002,9.73939149895319,1
4307,7.678245988448109,2
2477,10.937932824123813,1
5115,5.557331588491668,0
2093,0.979827216291699,3
4264,6.198997861235453,1
1265,4.561264812625178,0
5037,4.468927178035209,2
5441,3.957566392776809,3
1903,10.136480975694202,2
3631,6.599278046028605,3
2944,3.92535671155181,2
4610,8.205218310262266,2
1797,6.213604375277218,2
2573,9.097382564898634,2
1960,1.1556450948738106,1
4967,11.136822421078534,2
4991,6.557207054554314,2
4923,5.569174570501071,0
3441,3.219418166550059,3
4639,8.31873108363998,3
2856,4.381356927051601,2
1079,11.47809758663841,2
2026,1.3302595904535122,1
4054,6.986804784301574,2
1094,6.005589382713778,2
1979,4.822962655298373,1
4363,8.37081910957276,2
2851,3.493539722560758,2
5154,5.3150485024700895,1
4520,7.082394813038601,2
1971,2.5670853603152595,2
4169,3.505330040156594,3
1339,14.495455028162366,3
5074,2.4566603235332076,2
1809,6.6405004969848935,1
4188,7.531163137530566,1
4968,15.857593130333678,1
949,9.190607727744709,3
5320,8.156795814092757,2
483,2.9144323583553264,0
80,2.217533131711551,1
3274,5.266133636732066,1
3324,1.4473609598035115,2
4558,6.552886618609014,3
4876,2.4889479694440917,2
2165,5.465233545529916,2
3023,1.2224323443105467,0
4023,7.601157162156412,2
917,9.083375762956907,2
2787,6.634510844314769,0
3501,10.77001416214524,1
3090,7.380522040863177,3
1392,5.117215639518033,2
629,6.465578496530882,3
585,7.310590741996732,3
1483,2.154026764511066,1
1757,3.4226827134865045,2
2618,9.925722439357225,1
2076,5.229491371353755,2
5050,7.285101863493633,2
3882,4.20022470931864,2
4704,1.5904681563015228,2
2791,5.3673933752722505,2
825,1.599278526389912,1
3697,0.7598070889141484,2
1901,14.929834917368495,2
831,2.9906415933251003,2
3347,3.0467352933548835,0
3032,6.637005256057137,2
241,1.1011612154789177,3
3087,5.205594131716671,1
2597,1.8399113313420365,2
655,2.38478569672099,1
659,10.019361347229507,3
3730,7.763201259727468,2
656,2.9111317698224015,2
3203,9.351977368128232,2
3155,3.312597455717821,1
2003,2.568427844917068,3
1383,6.563205789430023,2
4390,2.1835066835784445,1
1240,7.834905970363471,1
1047,6.2904856769779425,1
4936,9.888866611649577,2
223,3.2276700283594755,0
4019,0.8411256555215703,1
2466,7.721229332769271,1
1126,5.133441560231339,0
1947,1.7688132557596523,1
3545,10.847448168813795,3
4230,2.372960507806333,2
3483,3.0285955981769046,1
5306,9.999721708369997,2
504,3.2128993317193553,3
5212,3.286266880146113,1
1377,0.542447329936354,3
685,1.564099572758237,3
377,5.232876704917782,1
1785,4.6864391587141565,1
5084,2.811418547739126,1
2413,4.002452795537583,2
2422,6.737466232062806,0
1314,3.5630925471799673,2
4442,9.587384715030758,2
3323,2.12980939664487,1
1020,1.9825359195936756,2
4194,8.728150409481104,0
4280,7.022239033127536,1
616,1.0697310423920914,0
807,4.002706751503185,2
4747,12.411028552334809,1
1692,2.2600408257423674,2
3426,3.669329754717916,2
2695,2.6646847634955493,3
4976,4.211031420530073,0
936,4.911954294578896,3
4384,12.5312891410625,2
2071,4.376236324582576,0
3474,1.3729529758080714,1
4833,14.777464430900137,1
1841,3.238163460712526,1
1187,3.8813530271870316,2
4536,2.620801590719916,1
2617,2.8625970113503705,2
2011,2.939055573249605,2
4413,2.3683503348500374,2
2725,6.170034513374944,2
4655,13.705715911041244,2
517,5.777242994207769,3
2514,6.260547424358107,1
5110,3.429738427484573,1
1575,5.193411976329102,2
2719,1.7235145328135186,1
2151,7.822264725821977,2
4444,7.4720778975964155,2
3568,5.005685258608872,2
4781,6.768399794050595,2
201,5.95364813475053,2
2550,3.9061867731387396,2
2010,14.933770569521801,1
5179,6.7338086424965535,2
2161,8.993608199842528,1
289,1.9625966505325558,3
1072,5.625456766870453,1
234,11.48946183800902,3
1343,6.038560782023604,1
4869,6.5563673952168,1
4866,1.213297600722902,1
957,8.083407138405072,3
881,5.263967563156528,2
4170,8.236718512246046,1
1696,4.530701358097602,1
764,0.1813164818827374,3
1653,3.1922394940605523,0
817,2.877787112853548,3
4755,3.1318092735282255,0
4311,16.57546534222872,2
3484,15.156502650373945,2
5054,5.220771276973295,1
2541,3.3501712427338877,1
892,5.242709631027016,0
2637,10.206676352916205,1
2809,2.530430989616251,2
2066,2.9053228310314667,3
939,3.63102693585558,1
420,10.13887983494804,1
5292,5.922231997618372,1
3851,14.991417809130965,1
2833,8.284357539127896,2
2899,9.691319759904054,1
2297,8.269716667397057,1
3946,4.289288356435082,1
2171,3.743776819630418,2
1146,3.365306563987118,1
4215,10.994081734651305,1
3383,1.0336493466759868,1
2104,1.8058930671518993,1
2067,25.854437098563654,2
77,3.111801133326681,2
3637,4.223228216939568,3
5021,2.9943434688362274,1
3609,1.8592476273534169,2
765,3.1687593957327707,2
184,11.951861049235573,2
1817,0.4875886853321375,3
2441,1.2084414186642418,0
2736,4.992920591285096,3
634,2.9523525571580507,1
2808,2.3748243927313366,0
3092,6.127763898824542,3
476,4.866865458879959,3
3988,3.7240724324635406,0
1587,6.530887407263646,1
965,8.44194982855829,1
1300,1.7420965431997448,1
3556,16.190402532593126,2
235,5.020336270477051,3
2387,3.708402580051317,2
53,6.384382845969192,3
3363,15.211790484510548,0
2773,16.659069153723948,2
3600,12.122846213717832,2
1433,12.236218009448526,2
4324,18.807684522993434,2
1551,1.2500075463401337,1
990,12.01731241713912,3
3870,6.385647592006333,3
735,2.607012293448412,2
1098,1.5351855834947565,2
4449,12.340689497352967,3
4762,7.630241111472465,1
3049,0.8022725899173406,1
814,5.7343728201106945,2
927,6.849035594051761,2
4849,3.0441371776701818,2
1735,8.593494336206966,1
4714,5.728017334209599,2
346,8.542169782332858,3
5184,14.171861485593169,2
470,3.465438668754058,3
5366,2.0793530781592757,1
4122,5.366555176343169,2
711,7.489099326409255,2
922,2.138094072510637,3
1981,1.1537675929448872,1
2699,0.7534653822688531,1
4818,15.867239225190591,1
2414,2.8235598694653605,2
854,4.686566530692188,3
1037,7.2014203883958805,3
639,4.780146820799024,3
4784,2.6967311880054203,3
4455,1.406008505467799,1
4067,6.2008238226250025,1
65,4.717178892003926,3
1473,7.723688193874669,1
1013,2.6999017899762245,1
3992,6.13982556188917,3
2615,10.154388099610276,1
5209,3.100243186503283,1
542,6.491203175735391,3
602,12.475956323926177,3
3279,4.588602935419754,1
1553,2.6874983570589928,2
3832,6.982368667173052,2
1466,5.20276282597618,0
382,4.076064149603177,2
4432,2.7343308536536908,2
222,0.4605404858369432,3
3180,1.9579137667674482,2
1173,6.0914814975144225,2
5034,13.985430062183456,1
2576,1.7789832922617568,1
5076,8.420848810719203,2
5249,3.2448544217202806,1
2611,7.411820960934808,2
1565,5.919709031877078,0
4990,2.5647702083979307,1
3780,14.729343806037926,2
2471,4.689483850106129,2
1002,5.326132324816147,3
3406,4.3011360564743395,2
3456,4.309076663452827,2
5221,6.607139447445139,3
1209,7.804657768136403,0
3413,6.641275660724586,1
2442,4.7571567388155716,3
2523,10.19393413961044,2
3897,6.660662617180174,2
4174,6.07898276008623,2
2548,3.708297647840072,2
1630,6.426441321395762,2
4957,2.7722975156826495,3
3009,3.9420996567773754,2
1969,5.891871937391696,1
1811,8.763870445987614,2
862,5.565739701963127,3
2402,5.953842628448986,2
2936,1.0960932566844463,2
4959,2.4738244372673246,0
278,6.304938470036941,3
540,2.7704795870138357,3
870,7.044170121651246,1
136,10.514437668084888,1
3340,5.454223224042181,3
2651,4.28701361474713,1
2606,3.9588975634233345,3
3643,2.9246418188875025,1
104,4.707291589056294,2
1937,7.218442144108483,1
3704,3.246259468774171,1
5071,17.745800052415305,2
2966,0.7520359770587137,1
1838,3.3743631701951555,1
1501,9.006869976671394,1
3811,8.792714192570728,2
3985,3.8111923127232155,2
2670,11.045373017652064,0
82,2.5386026413358675,3
1333,6.29928424451605,0
3431,0.5124739265422931,1
1681,2.8933172150135578,1
2967,11.019875927663193,1
1753,5.855942902695643,2
695,3.1367282574480564,2
792,8.333372238772544,3
740,5.040202796476371,3
2893,3.6821098080296832,0
953,7.26613905908021,3
2124,1.1811846140040883,1
2547,1.3855137658336987,1
1629,11.720814512240562,1
3605,1.5049741603192757,2
5424,5.526879382080441,0
2506,11.527351778229963,2
2118,2.862330715653435,1
5125,5.6968454248114275,2
5349,5.041529470658077,0
948,4.06280346524755,3
755,5.6480406929604925,3
5431,4.249729039134749,1
3892,0.9977185519383416,2
2251,1.2668701836291032,1
3939,5.906758349975017,1
5440,3.645769615150904,3
3506,1.4563610912986114,0
3257,4.763023353070736,2
2519,11.096455396251539,2
1647,6.091762464300297,2
2608,7.360334659708126,2
349,16.360124668706977,2
413,0.8707454355013656,3
244,5.461519766493504,3
2292,1.9917935195422554,2
3133,1.2910758598339234,0
4925,6.206253216639002,2
328,0.5316686722215406,2
3885,2.756758456982162,1
360,2.0631846351443084,3
724,2.5318642911462304,3
3634,1.5870939606879373,2
842,3.1527451029248015,1
1941,9.703343649195258,1
3111,4.172977116907227,2
138,8.120937865047669,3
2406,1.9034334226955667,1
2258,6.902575941552069,3
1061,8.527249219943076,1
905,14.30102534371963,3
3906,16.96712941859839,1
4573,5.373684992710105,1
1729,11.104775034689553,0
3065,10.654660967031928,1
3499,5.741140554234001,1
1076,5.78787198293591,1
2365,1.1776824246198119,1
4012,0.39061896297104526,2
4020,21.52427521289681,1
4739,10.749660878102034,1
3299,6.0936336758715335,2
42,6.535461420925496,2
2396,11.913878754546479,2
1909,14.684335413416953,2
15,5.442022624416497,3
108,7.835738507541167,3
2304,2.9960309831636733,3
1704,6.2388405736823564,2
1908,1.2949743671205616,3
1806,2.8402587622994977,1
3165,7.984848970398163,1
4229,2.7790011562948225,2
719,5.5691958917064746,1
344,4.025919660799039,2
5343,2.677373338307433,2
2949,16.063344956113486,2
1731,3.155241497673157,3
2870,3.8444127115808135,2
4544,4.770148579117338,2
1135,1.1455784949297587,1
291,9.513252982951112,2
315,12.919124689421654,3
4024,4.931199157223585,3
1782,4.156610387726937,1
3470,6.214072370040379,1
2084,12.704881284918239,0
997,1.4320743718847084,2
2478,1.4815713868497358,3
928,11.152693778619344,1
3581,6.638729425250963,2
3076,2.2448937088241037,2
2980,6.234750390056842,3
959,10.630113261548285,3
2858,13.989720255795653,2
4150,3.513185995191245,2
2270,1.5188500846424544,2
3989,14.976784797202093,3
3189,3.594415791038286,1
3106,3.104525110000279,2
3903,4.303385882303659,2
2246,8.140296796736537,1
967,2.181657355747771,3
3678,1.2483732242228411,1
5402,2.078654377500865,1
3351,6.2322704384933045,2
1539,3.6590759543286495,1
2196,16.49189739038618,1
1302,8.655684933726928,1
4492,4.128515487967732,2
4246,8.221968162067006,2
2998,3.7851263147246987,2
4299,4.078101843060072,2
1097,5.081330050928975,0
4132,6.208399898344506,2
2903,2.723124890378752,2
2908,7.885131299247873,2
5145,8.302621603500084,1
968,10.495578144080419,3
4800,1.6063243828840363,1
4994,18.935986768647314,1
398,7.666796812641982,3
1689,7.94249814503861,2
3152,6.656788195474776,2
2170,19.29618157998788,2
2686,7.602429746221956,2
4665,5.069070950098368,1
2737,3.5741539841072987,3
2905,3.2615363392970953,3
4951,4.251201766492148,3
593,3.352386971178012,0
2330,8.312815393976802,2
3157,6.743471577123057,1
1878,2.661358025494696,2
3100,4.094076911141485,1
5214,12.49710116227531,2
868,15.48385796896999,1
280,2.1371756269826157,3
4201,4.460307745904631,1
3607,8.682099112118584,1
524,5.758116274226529,3
2234,10.762610164015939,1
4343,0.2795757977354137,3
3757,0.20450545245898136,2
2397,9.71765052979649,1
1830,7.639814808648756,2
1931,9.510248143712294,0
2419,4.148318689009571,2
3907,0.5755534816172247,1
5365,6.211961484746747,2
61,3.5413842408153444,3
3854,4.363084145243963,1
2977,7.14394982620625,1
396,3.728232697728135,1
736,5.1099412570345715,1
1583,16.761570545365338,1
5123,10.119399970272266,1
1998,7.935061912531934,1
3296,2.490567774476127,2
3088,6.626670874975541,3
236,5.184171158033383,0
2635,11.01535466087661,3
407,14.868516455110436,3
4097,8.720674775578118,2
1243,2.640425213762203,2
882,7.276237580697089,3
3747,4.675179557445863,2
2235,9.827553550662023,1
4624,9.898625528073183,3
207,4.40578894900501,3
2803,7.772124121637129,3
1131,2.808124964772407,1
404,1.0696655481000668,1
681,5.488770301191284,1
3883,3.7844703846533427,1
2291,7.594039078179994,1
876,6.562024960513412,3
3440,8.61339245414436,2
4068,16.739245114417063,2
4985,14.681363109397772,2
4670,2.4880008650428973,1
3195,4.339691655840803,1
5046,3.8969711684367248,2
3140,6.660279488114266,1
5077,5.25218497810581,1
3107,12.680323611325807,2
4852,1.8729257377854687,1
796,4.090086833263367,3
2248,4.062689399316394,1
3424,7.224478961476204,1
4238,3.0539356115227427,2
1699,3.7605442982161255,2
2525,7.749670277459801,3
4005,2.679956857164219,1
2657,16.581020406532563,1
2483,5.6483597879530345,0
4464,4.351532421379355,1
3995,3.1503062694048625,2
2850,16.251554350821632,1
1191,3.551483040480913,2
4126,7.434473392380664,1
2384,10.025657981396133,2
4047,2.5310114659205047,3
5436,8.881406309878523,2
644,4.7556842709030285,3
613,7.0844824187405315,2
3575,8.760931590403068,1
4117,2.243015322812888,1
3001,10.345092948176468,3
2549,9.644476109890716,1
916,5.267434522386364,3
3599,6.9267645083657285,2
3490,5.981626143753803,2
1385,4.133336926404885,3
5326,0.6424945176611727,2
4414,10.831164931097831,2
1138,3.8580494436400645,2
1610,4.459522449267977,3
3707,3.688223431023377,1
5202,0.757472625348826,2
3390,3.0651641379802657,2
4197,8.565458354050753,1
2991,4.471166606931178,2
5252,5.271022362614333,0
4796,3.592639793547576,2
3056,5.924196208185819,0
2929,0.4353047023998914,2
2972,0.2127622480922029,2
4702,4.556011735127518,1
4562,12.27045452995107,2
2668,3.4300227030507586,1
4074,10.589062648053657,2
5067,0.6401071380551147,1
1001,4.684990637820068,1
1430,3.209152179067617,1
3669,5.502016417830729,0
4905,10.154917330936598,3
3329,15.367452976771919,2
477,5.9630720973454,3
3246,5.308092998300127,2
3146,1.1657016288020792,1
5182,2.7873274080405697,1
166,14.00143141616952,3
2380,1.386735358391451,2
5272,14.76875356041111,2
249,10.321572744769494,2
112,4.183507577908052,2
161,1.2458463830907625,2
2964,3.4671258106933687,0
5423,8.742828270733176,2
531,13.844340789777096,3
3034,5.897357743148807,1
4731,1.2948534356827794,0
1459,4.862527644965676,2
5002,7.066421983449602,1
5277,6.2520627412631615,2
2582,1.302876397538066,1
4139,4.942416761675218,1
1917,2.7693230604468635,1
3071,7.894622628409203,2
3302,6.717072947675126,0
2526,3.884142536867002,0
3089,4.844375844504735,0
1720,8.004651211758546,2
3725,1.9227242622349945,1
1000,1.291707248366347,3
258,4.662721032690055,3
3127,10.053721226040158,2
3393,3.8730378427556316,2
35,9.543629345408666,3
4502,6.902574885089189,2
2469,6.319389937513866,2
1453,0.226047098595268,1
4321,2.3900475731709516,2
3198,4.608224139288508,0
5281,17.400252920338943,2
1598,14.097997723611577,2
2688,2.7300971232661544,2
5141,7.529447608694099,3
5425,4.351051166664051,1
120,2.2986123882170917,3
2245,3.2659078791106952,2
1472,10.384206318677947,3
4265,14.698366647676991,3
4341,1.9986884861848644,2
3214,3.8651756831483235,1
5201,14.038540252426984,2
1896,7.7516961358066325,2
317,4.25411556578253,2
535,8.27581222746131,1
4480,7.681779785273196,3
2927,4.005771457521936,1
4896,1.4041550985271183,3
1366,0.6780833699411576,0
2962,14.631178099277623,3
2482,1.7942399300512522,2
2675,21.436298352493278,3
2431,0.8517510918604488,1
4560,25.85254266434616,1
2846,11.334042282951454,2
2214,9.77242527245254,1
3388,11.725245239647855,1
5282,5.458853967145366,2
1360,3.8251651450922406,1
2818,1.3859855340791933,1
403,10.262566342192327,2
430,2.092801862974966,2
1176,5.985705104477452,1
4902,3.253739204781659,2
2181,6.0948730655267385,3
727,7.236779550757271,3
3835,11.164658250589465,3
3876,2.597807665976822,1
2053,0.7897771168130494,0
395,3.684283743191056,1
4346,8.354205853751276,2
1161,1.2248281558122305,1
1152,0.8741442766509864,1
2601,3.150720108892501,1
4728,3.3563111680362203,3
1156,6.077325611988418,1
5030,6.6835334925524315,2
111,7.111053345051875,3
2674,12.33454214826461,2
3724,12.133885381165074,1
2604,9.318417505855113,2
4776,2.3700235189897563,1
5150,11.241624692730127,2
3597,12.54270592874052,2
2487,3.471191905035656,1
2829,0.8296300753355879,1
4826,11.610343365834165,2
3135,4.1244263850937255,1
2034,3.7514666572652455,2
3915,8.565339916056224,2
5268,1.0933949169698476,2
3753,17.008078806501928,2
4345,21.174023025873247,2
4918,2.482142190056888,2
17,3.9532241434175655,2
3047,5.520569582189525,1
4596,6.52204409794758,1
633,1.9570793904119852,3
749,7.702012157449282,0
3319,6.170846018419121,0
4644,5.28558001123805,2
1368,6.835371908157109,3
2951,6.469758080237687,1
2906,11.613874690109576,2
4903,2.7836369703967794,2
5086,2.582661086405091,2
4975,5.31570513902637,2
109,2.3607601631337958,3
5307,3.678111211062712,2
225,16.354790447940616,2
951,2.0402443255252845,3
1148,11.315854854227421,2
2386,5.216065099795473,3
645,6.384434358860738,3
2595,9.747970189741682,1
5345,16.529792006408094,0
962,4.657498516298888,2
1015,5.303591340532131,2
4328,4.0217821245399215,1
4028,15.916511970519426,3
1609,2.0586974736291213,2
199,3.2823961878607353,0
4913,5.148478840898571,0
3779,3.651625543902351,2
438,4.8657106670103065,3
534,1.9960329587234258,2
693,5.1716077840594465,1
1542,11.116401723689036,2
4055,2.190225472644395,2
3425,3.9058877134041268,0
4514,5.161189345997278,2
2822,7.554257642023975,3
2941,6.680667175525719,1
3173,6.580778215888592,0
1248,5.170432204892519,2
4602,8.420007444809,2
2453,8.161895197695529,3
726,0.7272172710608968,2
650,3.9338179160415687,3
4061,5.033074634737775,1
5334,5.036066654212574,1
694,4.451999881577793,3
3570,1.7664276518903805,2
1584,2.5599546379607827,0
3341,5.893127085663899,1
72,10.860638276642895,3
2885,4.483138565746804,2
3285,2.4558415272772827,2
3855,2.300640958948067,1
513,4.380281209372632,1
219,2.5780105000565063,1
4292,24.84444126147507,0
5427,3.6877602150934536,1
4946,3.5073171497598503,2
3522,13.782316552865254,1
2921,5.849019192641903,2
913,1.2421451715444731,3
5220,1.9242336671664368,1
5104,0.5777943584573437,1
1482,6.488551019913093,1
3153,1.5618031279498399,0
1986,3.137753579343907,1
4542,3.736428717681561,2
1945,6.827954476324404,2
479,4.216172648084402,3
2128,4.434224890639033,1
1599,8.794458828351695,1
2175,8.35240750591752,2
2005,5.426198635611008,1
2661,1.6544451708565329,1
1803,4.140825742184374,1
5081,21.744752860197952,0
1879,14.096325790572607,2
2969,10.415971320419924,2
3352,0.6182933918202156,1
1886,10.40124502445334,1
59,6.08074377179209,3
167,1.5749180643061735,2
1093,5.665647070861125,3
2146,4.538096526801884,1
1502,11.357636747333267,1
1480,8.41905471636486,2
4768,3.596718219547242,1
5226,4.580406269910272,2
2288,8.822241880968683,2
3869,3.513533230699288,2
4505,11.313823034945132,1
2000,9.512049118408878,1
5159,6.295396146445141,2
1025,8.66827243275741,2
2255,2.463541650922113,1
1285,5.567282715940864,2
5376,5.111072198624499,1
3201,9.137320520061031,2
1105,5.771304852013117,1
4587,3.1434501321098614,2
5454,8.093715034512641,2
1006,5.458856072952475,3
1505,6.828800104965068,1
3781,6.37041435470403,3
3585,3.88203615943071,2
4300,8.431117697512247,2
5344,3.7475167244822494,1
4309,22.074951144629157,0
2160,4.215614510700682,2
1824,4.10053143012549,1
576,2.889648463174124,3
3826,9.72642937825242,1
4598,6.281054674002105,2
1700,3.149238726659611,2
3821,7.431795566020468,1
3350,9.61988654955163,1
5430,8.770346284416533,0
1854,14.607971064539669,1
2157,2.044561054800325,2
2746,6.95045221751945,2
698,14.413996600626879,3
2273,8.194041805035102,1
1915,5.388533751664632,0
4945,10.136978293208685,1
2682,7.935559206127815,1
4835,3.1566480107862285,0
871,8.592590251994308,1
265,4.596823171622142,3
2690,4.873181271580223,3
3182,5.627398917625443,1
4434,13.553214686838015,2
1338,7.617683624695523,1
1916,7.096541214809472,1
5314,8.26903845454554,2
2917,8.336890802738115,2
4315,10.697825861876419,1
4749,1.3076208853879385,1
3170,1.6268787348740261,1
1790,4.518074061902858,1
4616,4.710700366746809,3
4479,2.6284555351909114,1
2057,8.268638735738655,2
1877,3.441496406357321,2
834,2.2902373243742935,1
26,4.565337531253802,3
1761,4.209360573128164,1
1296,4.16261344989325,1
495,6.190881482923267,1
1762,9.580610100425801,2
5109,4.3013957094084105,1
2354,6.36291565640606,1
738,4.903696005096843,2
5364,1.555693458925774,2
151,18.545177926525827,3
4785,14.668377454037156,0
5405,4.943099552850301,1
1839,4.711870022423554,2
558,0.2618977691403927,1
3530,6.0961398438077286,1
5293,17.56049306898506,1
5092,3.246114241341398,0
2855,2.5744787285448405,2
3142,4.972695342595713,2
1174,2.7740528335046806,2
2780,1.4149716477475023,1
564,1.7217084244340266,1
2756,12.815555029292904,2
609,1.7963877524371175,2
3313,5.16986701454286,0
204,2.701723313708764,2
708,6.593137666259656,3
2039,3.685189542896348,3
3864,3.0645736782872053,0
2820,17.28977201344729,1
4890,10.249247472679961,2
4062,1.8993032886918577,2
25,5.693506723071211,3
5060,6.343567379333551,0
1412,6.716971235221086,1
1,4.483394190646763,0
2142,11.011343229537957,2
838,1.2728717689314002,3
2187,10.349409083847183,2
327,3.8406251363462047,3
1737,3.024075306683905,1
5394,10.39983827144755,0
3748,4.873712642934496,1
71,6.261178567391992,3
4499,10.991596201306688,1
2115,3.2499555297189335,3
2770,5.557298522687296,2
1849,1.7309955650297333,1
415,4.320749465696476,1
62,4.400995111084819,1
867,4.8941905081443595,3
2379,8.051728100350807,1
3262,5.370403842138238,2
1628,10.396730912884944,2
2178,14.955771794669584,1
1320,0.22848557384063228,2
947,6.1793778944740145,1
2892,9.247474167990163,1
3222,2.4393437766071795,1
5180,5.183137794333852,2
1601,7.281248620689792,2
3655,1.5555035463921079,0
3073,1.0278863730745398,2
1995,7.3682646821959015,2
3360,13.860800946238353,2
2533,1.7681531434816073,1
4291,7.765352439472192,2
1465,9.70607819161205,2
2920,0.9262891119340897,2
4040,2.5012736007824343,3
4077,11.773902615941811,2
3620,1.484271936028459,3
1683,10.113793051615863,2
3548,6.1145641574309035,2
5337,9.145978614005775,2
3184,1.7087987491857708,2
2465,10.490754232995902,1
563,4.986060400362055,3
873,4.622049304040301,3
3783,5.855410400988934,1
4130,8.929023839479392,2
2080,1.61653423532682,1
2827,10.25753017245081,1
1085,12.998770188437927,0
4814,9.236984189315638,3
3842,4.327669168996691,1
1335,4.643012883859846,1
4009,5.751045534277501,2
3616,2.7287523856517053,2
844,13.666299895569637,1
5233,4.504454579896555,3
4249,1.1688293692742309,1
3665,8.806370783883793,2
3208,7.849660386479615,1
4396,7.085729263890915,0
2371,6.6487773866385655,2
276,12.382022048318436,3
2317,7.461644328379837,2
1813,5.07543946978965,0
2030,2.9855557542692055,1
2239,2.203001708512277,1
4941,6.806298245874071,2
649,1.5932910337689306,2
1160,4.683758032624863,3
4815,6.140326467944034,0
4403,4.602338047940275,1
1814,6.21636385052622,1
4257,8.886114890038659,1
2341,6.1859221935630835,2
147,3.376897067322071,3
751,5.59817139964236,3
168,4.43487660167898,1
2122,11.715162667533955,0
409,6.710629792848305,1
1774,4.097602208742298,1
4783,3.2610115323826907,2
539,4.625645427318386,3
1840,5.59094097626567,2
828,14.656875219028528,3
2960,2.8572900120065663,1
3464,2.1648329506749437,1
1046,7.038909501563243,1
3686,0.6070077984596708,3
2636,3.9573725595140745,1
3859,7.232689142050187,2
333,0.3950090458155917,3
4922,2.771385449610234,2
5064,18.94461007014738,3
2945,3.7111395316717517,1
4794,3.317724081877647,2
1524,2.541684491822444,2
4516,2.6595306477331624,1
3381,2.680985299595214,3
1494,5.287584110462841,2
937,9.013474273363114,3
3378,2.5446184735850785,1
3769,5.491875499552735,2
2996,3.791881666356991,2
3630,6.083229171339413,1
4591,1.489284062269105,2
5057,12.611864467077769,0
1855,6.277822682953566,1
5328,8.509566004681059,2
589,5.148635826323021,3
3705,6.280122625099177,2
4114,2.5321284056277964,0
4793,3.156751725643912,2
1646,6.694915580374923,0
3957,0.5402784406486153,1
336,7.872973482474188,3
978,4.374242939554392,1
900,4.324569676458179,3
1199,2.272209562531793,1
1594,4.699982603629904,1
2727,2.9352683610822856,3
1889,6.487102271888985,2
2007,2.3761619948653983,3
791,11.141577131252873,3
5396,3.5136656670788313,2
2783,3.1389252532505125,2
1119,4.30272423049357,2
1632,6.003738444097287,2
759,1.3546612922609242,1
3297,5.643492642280319,0
4398,1.2419175309141726,2
3551,11.317260989159786,1
3438,18.896172452277025,3
4320,6.192703472779678,0
2499,10.722711424413276,2
1606,5.793221300741057,1
3321,2.0392044346030325,2
4286,3.0541584569650673,2
1978,2.250299869441227,1
2730,3.133017898376738,2
2006,8.165624934929534,2
4806,1.2750129601816624,1
257,0.5065885361877119,1
4072,13.08151947104719,1
5308,2.1593871143019263,3
2481,0.35144616638351683,1
4033,6.153589281097394,1
2859,8.191875723587485,2
3325,3.2732089034185954,1
5007,15.139734637247514,2
5251,1.9817761469787933,1
4153,9.526408249775693,2
3639,2.48715290543053,1
2174,6.4413706964643485,1
2311,6.590702767203038,2
1907,4.847075813251252,1
1588,5.070104156408579,2
2712,1.2110618383055716,0
4428,0.40557633726112063,2
3987,2.0424557518243396,3
3766,1.3175886798022238,2
2590,3.2761086423964043,3
4376,5.575731156576349,2
3817,1.298178546440153,2
1679,9.361563319219435,1
1158,4.81392739230757,1
4767,2.597223051594941,2
641,11.15034182739264,3
4859,3.075222528131822,2
2324,6.647746511969978,1
2680,9.823995638655711,1
4671,11.346487419704474,1
502,5.917772648108545,2
3718,7.693347678246373,2
2269,9.934383925431078,1
3226,1.9297315807001758,2
2838,5.3214373047797565,1
2271,8.833932898058858,0
2425,5.127477957124332,2
3459,3.2507220976994935,2
28,3.4197294920599512,3
1975,14.696218735519484,0
4564,11.998514392307909,2
1848,3.3129486610664154,0
2337,11.177205947449748,1
4723,10.855648786449757,3
5316,2.841469716437043,1
1062,10.395374916144007,2
4551,8.233293266732106,1
4445,3.865387551681347,1
1129,8.119736710572171,2
1972,8.61885526488789,3
4538,2.324693660402666,3
2821,8.543211520676248,3
2954,9.673711620836984,2
1733,2.311054678992032,2
449,6.997575777488272,1
1627,14.548493824440493,2
3698,1.4343563068333118,2
5153,0.8112016822295146,2
860,16.426714814145644,1
3148,5.025405751706778,3
3074,1.6474674328434669,1
1133,5.337768381913757,1
2102,8.145394106478335,2
1559,4.398013972378992,1
4963,11.001901161394946,2
462,12.958612931375024,2
3091,0.7038157960915828,0
5133,3.9872105367134423,1
4032,3.055944549450537,0
1468,10.42169149246909,3
1090,8.32919393506516,1
1147,10.33106898330687,2
5117,6.231471875352973,1
1724,2.2324623468266727,2
2163,6.029681078715349,1
5250,2.811290216786537,1
1831,5.2989322938833,3
1128,1.8634510293360202,1
3981,2.2719531932112,2
4683,12.073402357678832,2
2162,2.4082002068531847,2
2540,8.716112588227254,0
4349,8.461063958509886,2
2131,7.941887751272699,3
489,3.1517060226650004,2
5375,5.756213699548811,2
3475,5.6741591683246995,1
1044,3.405703323665299,0
701,3.0685732013224714,3
4120,10.951710988093192,2
2461,2.3151707359087217,1
5373,2.3674544230635335,2
3659,2.98007336061833,2
4137,2.544642286196237,3
2848,6.861953904389355,3
2045,2.611739641186933,2
4535,11.719477534982008,1
2117,11.423588451430078,2
2225,9.759165114009228,1
1923,2.581066664670272,2
1562,4.513004978152989,2
467,10.36594067267972,2
2592,4.813257191019147,1
2216,6.529933118469872,3
320,5.342914473135959,3
46,5.3447658046615585,3
3938,3.731177377756754,1
3824,6.728556383135673,0
3167,9.153762419741764,2
2507,7.886333962099535,1
5389,8.205091686025888,1
2037,2.0447627314158323,3
1446,3.7271360091231713,1
2138,8.622194124911136,2
2262,4.164216434263607,1
3123,11.69910441478365,2
1633,5.340975995302543,2
2748,19.141433743453575,2
2329,3.158640471877147,1
3945,4.787188706860658,1
4563,5.8681275437809495,1
220,19.180056980355168,0
3210,4.503847789793164,1
787,1.3869455890758067,2
2457,7.277256328834449,1
1781,7.97576260341483,1
1602,9.550512714346466,1
1393,13.375456163109442,1
1863,4.803095396460581,1
4350,10.31976212465067,2
3588,7.80035053422262,0
4908,5.690707983524059,0
3398,9.274718809898316,3
292,1.3039205849894495,2
2862,14.241536860983961,1
5108,10.160028480637727,2
1875,7.531997236707287,1
319,3.0066103208895374,3
4717,1.1362196550762782,0
689,2.4123506463829485,3
5032,1.7766033784225397,1
1293,9.68749546463695,0
163,7.011751479409012,3
5105,8.967920158562322,2
2570,8.753859053460232,2
852,1.7536324710632103,2
5013,8.167516420681823,3
1936,6.529709703695314,3
2083,7.59617891218609,2
1005,2.6160267160463127,2
1420,4.718941478001105,2
1959,9.419844119572078,1
3886,1.7915330022825067,2
2979,12.241250995958204,1
538,7.964637815537841,3
3282,5.568207269270949,1
5197,3.0407858338984077,2
1441,3.4380749027663002,1
1675,3.80652417809301,2
5429,2.4879570100472836,0
4578,5.788807542253524,2
4069,10.888241922380402,2
1928,5.895575527406316,1
3654,7.4729570026344,3
2753,4.356369281315401,1
4858,7.161341985396767,2
4369,6.619035327591854,2
188,2.4533840475509967,1
910,6.2486132695064835,3
2029,7.840290787049131,1
5135,5.662240739951666,2
2678,10.719284106705562,1
5015,2.4965938980675717,1
3539,2.5196688975754573,1
3518,6.928138501379317,1
3,4.146906882995402,3
3113,12.551291596810971,1
2882,5.589023185580591,1
1710,6.798399237143878,1
3511,1.5351716310949999,1
2671,1.5415389611232406,1
3284,7.001523590757759,3
3557,8.685869762569833,3
4700,9.47173694240778,1
1732,7.201356749130375,2
4418,3.519307327431796,1
530,6.607843547256029,3
1672,5.173776099243891,2
2598,3.7261250077389025,2
824,4.482703901371177,3
5230,10.778620370395899,1
380,4.8742168825226795,2
424,0.7222277767361951,3
4597,15.551438902132823,1
1125,6.471041255736976,2
3562,7.994695245786769,2
2492,2.863695120182989,1
599,7.975851046046756,2
5245,0.5924397051594847,2
4337,3.3323779660977553,3
1687,8.124270182072486,2
2627,4.475154995655281,0
3778,11.673868635828951,2
1802,3.975119088885533,2
560,6.835432483611134,3
1767,4.935943929840111,1
4208,15.853266354851726,1
5275,0.9951492862350759,3
2013,4.859622248771302,2
3084,13.669610748507287,1
4158,3.0591228002317914,0
5147,12.211771155383037,3
2249,4.30714422281739,1
3598,17.37846920126635,2
2823,4.574419172275871,3
757,9.65294765144235,3
2750,10.306991830023305,3
2467,11.150655007641284,1
836,15.114191196134643,3
4448,6.37358508824302,1
4476,2.4179270327961784,0
4874,12.623923532237793,1
5258,9.424829928869164,3
3671,5.232577875756775,2
2491,5.046154014078634,2
2193,2.4583645022607983,1
3403,3.3457013557182136,2
1381,6.911324257940324,1
2307,9.730912534584098,2
1595,3.2510496607990547,2
2315,4.841094263934722,3
2677,1.2335213265809626,3
4400,14.249503889672066,3
1526,0.499762824951556,2
4708,5.428432044795649,3
3689,6.516680925071238,2
2096,3.744153555677661,3
4254,3.5675574875521745,2
4599,6.304990659880374,1
4377,2.6044158579738164,2
653,5.060580423985023,3
4987,11.735632538164452,2
4921,0.5269764199719317,1
1102,13.600715223515026,1
2503,5.918374686971278,2
541,4.122683342735625,2
1685,5.1862062612005735,1
4226,6.561810852760857,2
2326,9.57212039393328,1
1904,7.205573132770583,2
3231,2.066808094519147,2
2985,4.614889976582102,2
988,12.430179016676295,2
3542,1.825912700095536,0
2062,4.509874947306589,0
2268,3.417840922085916,1
3565,10.991433296699315,2
1347,6.919473327205635,0
1159,0.7165770578947167,1
897,9.38159165287893,2
4342,2.34169195037053,1
4406,6.055506846706228,0
912,5.451649677998271,1
1332,4.314208692876402,1
3793,4.172431415393048,1
5216,3.1280354824386674,2
3428,4.558887793105619,1
4368,5.502221370678305,3
1250,5.994081660405914,0
156,8.640208496882332,2
4919,8.5519569038537,1
775,2.8305725238264925,3
3912,2.8909346494836194,2
2243,1.9610498104098173,1
2754,12.182606402137296,1
318,6.579591191266082,1
2242,25.344008236963273,1
5217,3.9027647929686675,1
4168,9.561707603473625,2
1717,1.6544400761912226,2
3104,3.9205761122540053,0
4736,11.197463086950554,1
4837,1.3202319291146698,3
975,9.657472787558284,3
4983,1.3796753580454335,1
9,0.6477448304717562,3
3554,0.6096914878402806,2
2642,3.8607913703233088,2
3658,4.526808436929096,2
2764,2.3440611890721788,0
2090,3.2482188360294657,1
3219,0.7658323571439609,1
973,1.928667748520927,1
230,11.100239433031657,3
3809,10.595948173127406,3
214,5.91909242469781,0
518,5.18201294879605,0
1556,4.210572528047221,2
283,2.8906264181839005,2
4493,0.9499151312344378,1
3232,9.167706331004187,2
1540,4.535945681464053,1
2673,1.172580329620047,1
56,2.744057351344576,3
4314,0.7358636676276051,0
487,12.766116829444485,3
4178,5.14010918914419,1
758,1.1721485754054473,0
2350,6.779097406776742,3
677,1.4086386154066584,3
1294,13.147272282386037,1
1734,2.914844355191567,2
590,5.4794356878624,3
5143,5.16459016508874,1
393,7.1449138768942335,3
1462,5.491988532622276,2
507,7.6542045824708875,0
4038,6.435661251298047,1
1394,6.4267432839956165,1
2206,10.476654322199954,1
43,2.8945338692766516,3
4657,5.535811545077176,0
707,0.5711960564993541,3
4029,18.50218124412849,1
4193,1.8679245956245936,2
2021,6.849202566772727,2
1612,0.6493721058949637,0
5265,8.833601768717456,1
3202,8.360729680564033,2
362,5.218941816081944,3
2022,6.861249525870415,2
324,6.688581285923171,3
1614,5.315481834335072,2
5213,5.3169273350769775,3
1042,10.590964761268513,2
2381,3.9230593016195163,2
4269,4.4458101179327105,2
3553,8.730368500646314,0
3710,1.9014050233008097,3
4666,2.8853917839881777,1
51,3.2975913543700877,3
1648,3.3148728480093164,1
5113,5.755005269435468,2
1361,1.649628816545348,1
754,3.917646198657388,3
1086,8.072245826327837,2
1866,6.294986359979102,1
3488,9.613739474805426,0
5144,4.137748049263724,2
591,4.067960267716844,1
200,3.388558559300108,2
1189,7.737824275442934,1
4303,5.951337340679551,0
4151,3.34231199997474,0
4577,0.8903717272032261,1
1081,5.002045054612305,1
1391,11.039440276333936,1
137,2.70980047870751,3
703,5.133169795481915,3
1082,7.708615996245248,2
394,4.125785405809707,2
3951,11.19344825016163,2
405,7.733469079278929,3
1103,1.2641930728963744,0
549,5.800397010074153,3
4121,5.132330632267149,3
4898,11.651709079424379,1
3005,2.987293439714416,1
3030,2.405175063742002,2
3843,3.225140633239202,0
4092,15.899099968488088,2
237,3.4516166379072835,3
5236,3.3425875357466155,1
3267,9.74537775427615,1
1106,5.074526264638501,1
3461,6.4768261908533615,2
3218,4.299372297905819,2
3657,29.021273097050738,1
4477,2.50034862638474,2
453,10.288507093395214,3
3942,7.053961365427044,2
330,5.071673850315814,2
5229,2.1156201280868103,2
2815,6.993743126772438,0
339,2.377975925475352,3
2572,6.445453537099356,1
1009,5.082994679831077,1
3958,3.81727629709312,1
3768,10.860687158240765,2
3021,10.284713432444557,2
3566,4.507828826370088,2
1456,1.5727008471502226,2
2563,3.4073323399989803,3
210,6.356923589215955,1
963,8.28174973249085,3
1121,1.222508983527,2
5185,6.1193420133403915,1
5207,3.814601104142004,1
2106,3.0262166467905995,2
4873,4.236136616646273,2
5260,15.900118429283912,2
2440,9.155738540087793,3
3225,1.1935212787440779,0
4359,12.433571588387322,1
1992,8.80025179813238,0
1277,5.903715011713469,0
920,3.8122660480175785,3
891,2.007416531821428,0
1186,4.161753293806239,0
1021,6.843721473129462,3
4645,3.460218571377332,1
4737,13.554538700356026,2
2797,11.005276046802715,2
2751,8.7166035439516,2
1311,8.407299719219981,1
1763,1.8508104471511153,0
4738,2.1297700867263822,1
2789,2.2258078969877966,1
2202,9.74089540772788,1
2813,8.405433045052922,1
66,0.6423152457180019,2
4962,6.727524081374091,1
452,1.8730320171939663,3
4450,11.12302584711688,1
434,3.0855066729395304,1
173,9.065099766776319,1
770,4.410806332072395,1
819,5.082837770808059,3
790,7.3797452353532655,2
2672,6.31612439620848,0
4370,2.410349786054821,1
672,9.466581887397426,3
3865,9.781610088158898,2
4933,9.760685253460467,1
3298,6.546279946699277,1
874,4.251930780094245,2
986,8.11172389363252,0
2524,3.286649934118374,1
1469,3.9340862787486666,1
2252,4.985281120341174,1
1665,4.505498705028097,1
5432,3.3416126652925064,2
803,2.403159813358496,3
3696,4.175566954044474,1
101,6.775135046284247,3
1247,9.090310356275355,1
4716,10.306617670122574,1
931,5.681237119356848,3
4185,3.690748977861419,3
4318,2.3486881404094566,2
5384,6.186302047907317,2
4111,12.622322991135936,3
4416,10.842398229533462,2
4759,13.421236940853834,2
4212,12.894541800137645,2
716,11.477844532791371,3
2207,0.13446940107897432,1
3455,3.6350435194841957,0
2888,0.6808624184709617,1
1023,11.943979382871028,2
5315,2.704153685151079,2
878,4.021735535186526,3
5426,11.305042087955401,0
2561,5.486903340197156,2
5289,5.24872318243948,1
12,13.095530602450586,2
440,8.272536657451454,2
1372,0.9370313213667956,1
2408,16.662520111590318,3
721,3.8958079301779094,1
4875,6.982024208707152,3
192,4.952718278076571,2
3926,6.661797316776861,1
3158,5.76378883264943,2
3399,7.47504142064119,1
3013,11.623493763636459,2
1821,8.013601661479987,2
412,6.289362896173456,1
607,8.623847882370484,3
131,2.5643934322426087,3
1069,7.081145643054015,2
4543,10.198389563931578,2
1963,4.0174279474524965,3
2036,4.8876967986485536,1
786,5.749912683664541,2
1541,6.11717455863303,0
2430,5.574498295145678,2
4161,2.5667139772844116,2
4581,0.5002871250539578,2
3333,3.943865304045043,3
206,9.111578738658862,0
1404,8.263475833512272,1
2760,10.317658361494436,1
5121,7.2618666537909835,2
352,6.16458495124346,3
4501,6.880544226821629,2
2854,7.771112706003584,2
4366,6.434802765746336,1
3147,7.635713664413149,3
4910,24.760400294002608,0
1577,6.542314409075198,1
429,1.2911674772919135,3
1950,6.7973741611935115,2
4256,2.782394258257819,2
2464,2.640672847425343,0
1180,12.9341781413294,2
1940,7.703480547348537,1
4182,9.26243499211645,2
3971,4.439659825951926,3
58,6.236790914344182,1
1538,5.387895435333595,2
2259,4.628830648464078,0
4817,9.237237189852717,0
5358,12.18020461772791,1
5225,0.550871918519851,0
3908,5.118758430083519,1
3252,3.208315325749883,2
2339,13.070569075208958,2
2130,4.144215743957259,3
3683,2.669121544447115,2
5049,10.809411359988966,2
4326,4.229437389745415,2
5006,3.7553272643499565,2
568,2.79648928824126,3
620,3.854898237536985,3
832,2.5345500241790178,2
20,8.910180282639418,3
4625,7.3747322426762185,0
1162,5.846469008180035,2
175,6.287096498486569,2
2832,2.3029907389418756,0
2470,3.734630519739464,1
29,10.313397901558348,3
4451,3.280203772622506,2
3419,10.703394190652686,3
4620,5.1125656142510785,1
83,3.853509653608919,2
4159,11.063383004495865,1
1031,14.098840744616156,1
567,4.102483023934838,3
686,2.767875131173729,3
3496,3.497921512235619,0
3593,8.296586462519056,1
1022,4.497654799915746,2
1164,1.4667499210939439,3
2364,0.5982375052325785,3
1513,3.6976905688846404,0
2589,4.517285206165958,1
1711,6.359046131738274,2
2711,2.756248302795212,2
1050,3.029636165781459,1
1788,11.72544711559075,2
4336,4.140608622844945,1
1607,6.946604571553863,3
2722,4.15328104225824,1
4593,3.829679011805387,3
4909,4.62043594418774,1
5330,12.781250814921057,3
1474,1.1801975462871601,2
1741,1.894984328372933,2
3054,3.9761324213690172,1
3481,2.661341171609539,3
3022,6.020122619992183,1
437,2.741142061582159,3
3749,10.439677765278912,2
875,4.1731439045591605,2
767,4.940939291752988,1
3495,7.514522220869978,2
354,5.4357641125910385,1
3422,11.544160023534044,3
983,9.807754468526893,3
2277,1.6250245914230357,2
1604,6.683198435884151,1
3411,5.741930198723658,2
942,13.509468333243742,3
5333,5.718583121536355,1
2060,3.1309006903369667,2
673,1.0505634012724487,1
2070,1.521176278852993,2
4454,3.3737007835423034,1
964,3.4959087644033437,0
1980,4.298799380221186,3
2040,5.786973401355108,0
5285,3.0036354905955447,1
3627,7.98725333353309,2
1325,3.6187666934218683,3
70,4.2913793178918995,3
4534,7.700539545615733,0
3890,4.934897120793499,2
4362,7.454218558934761,0
2423,11.848177494359192,0
252,8.32569232067921,3
4630,10.38091160129121,2
4308,4.227085322053378,3
8,5.996880792193941,3
3932,6.218197901166369,1
3767,3.241641346923705,1
5056,5.5870223792771005,1
2385,6.952351590209234,2
227,7.157424286808354,2
5176,2.490136645530311,1
1693,10.457995851326189,3
1481,3.9782414651835283,2
4552,2.6098755091308674,2
4769,4.4873546903029755,2
5134,2.109728484320699,2
1211,11.741210922200212,2
2873,6.932350881747898,2
2153,17.357756789795516,2
3816,3.542991939119518,0
1111,12.061769831279925,3
1153,3.1629254660113126,1
3633,1.748506014917887,1
3244,8.615981561122608,1
3169,5.601283230412168,3
1401,2.2523010138268136,0
3830,11.679219147620582,2
955,7.883145126406148,3
643,1.744679034945777,3
1690,0.2912435960557827,1
4372,8.4349093403492,1
2351,2.937539770807553,0
451,5.84827614850086,0
2136,11.416900810853635,2
3668,5.489939082989496,1
2302,13.125986941385733,1
1759,4.000266480719152,1
4848,19.479615913732445,2
4775,5.200437933558088,0
592,0.9219426211063613,2
2061,0.831751961502823,1
2731,5.738942941777951,1
4474,8.939988344737351,1
4744,5.563274000586593,3
2710,10.817618377802903,1
5138,8.725672973831998,2
2042,10.101083504180776,2
388,9.56986475326474,2
3647,6.778458634396868,2
4049,3.5410770468482973,3
5295,9.589884072377814,2
2685,6.366199073539027,1
3673,4.406076096233759,2
1026,11.98533466516121,2
4175,1.0740673916798913,2
2105,11.215788976198168,3
2284,5.580062896336684,1
4721,22.561697306172196,1
3714,0.8427855461234182,1
64,6.065290924552798,3
4489,4.093680071191115,2
1429,1.4786759465917663,1
859,2.1286188715747407,1
1739,6.764560698576388,1
3172,6.512309026999685,2
1395,2.159301832172053,2
1356,3.55580095403655,2
5238,4.767877301536553,2
4711,1.1826727163039508,3
3582,5.208252241840096,2
1054,4.273992630822672,1
3014,3.641294526857151,1
5149,4.888898101113528,1
2653,13.092305704828584,2
3478,6.393239867227418,3
1245,2.3079522985381153,2
1151,3.1986943809823836,1
482,7.16004212951095,1
469,12.68556740158839,2
2740,7.765939398651413,0
901,12.438837072380903,3
2874,5.591531516930115,3
5421,5.544781549777573,2
3016,4.748293777537551,1
3345,3.6454620501860893,2
1246,6.446516934496026,2
1787,7.247519382938885,0
3468,4.9115798406107745,2
4600,13.407483884858497,0
1943,9.788706347950816,2
1032,8.214175336480174,2
2232,8.116284725294769,2
3760,11.239561873173942,3
4000,1.777215605796286,2
571,3.098040738798629,3
4379,1.2292125957328959,1
1748,2.6230710836511375,2
5253,3.173538215427945,0
1825,2.3878327600241342,1
3751,6.78222424912078,2
4746,8.54933268983482,1
1523,11.938219936012715,3
1874,4.568422136787088,1
3717,3.3012907419540376,1
1637,3.504191033441129,1
3840,9.081269698815365,1
4517,0.7004445902542423,1
5453,8.876520624370022,2
3303,5.239144159734505,2
2055,6.559465090809393,2
1155,12.969733406925286,2
820,5.991596165291512,3
5093,2.389334706273644,1
3002,7.553260493538589,2
1431,6.800895089345486,2
1188,6.809879130699934,1
1386,16.91621481462341,0
1535,1.3198332643165622,1
1449,7.254178937056883,1
4709,2.9939176254629523,3
1053,7.302047215470523,1
383,13.37973435555491,1
3453,9.221112841227441,1
4095,6.422030192216264,1
1938,3.282204621592003,2
3900,4.2912803320233355,3
402,3.2364490828530332,3
4099,9.683156395143524,2
5438,2.3780924210729197,1
2802,3.2732749733876467,3
5298,13.234899716078917,2
1926,1.4633212695737496,2
4373,6.143590193376049,1
5166,14.710457423535203,1
4715,16.123484618563044,3
2955,3.9261850911473237,1
254,1.3333317549430577,3
537,9.197351002072285,1
4732,2.858334954410275,2
3762,5.161320908766522,2
1638,8.747645796812511,2
818,11.49261005657814,1
5083,2.096935578096648,3
3822,12.10819354196886,2
3229,4.249060281679775,3
4920,7.919420860521822,2
1713,7.266907802639619,1
5420,11.282682585811845,2
2935,5.646759030008953,2
885,8.750155233952217,2
2602,2.04686308242231,0
4809,8.717766499152225,1
4271,2.235927712908791,1
2950,4.457926277241179,1
494,3.6437351815320773,1
149,1.5339182337848902,3
461,2.2739018024734596,2
1557,1.1839280853610963,1
251,4.027488956837839,3
153,11.686803157928102,3
1306,1.9227729918706051,0
3124,9.108682796416343,2
555,3.4633737211966062,3
243,13.734873477934872,2
364,4.412665013007052,3
1865,4.5373427465228,1
1514,1.38542927399569,1
2641,1.3979085258949364,0
2428,3.2099903074474048,1
514,5.5900163672202225,0
73,8.514218089417081,1
1719,6.100895452991588,1
5155,3.004157470601883,2
5434,9.683681333718994,1
4440,2.5204780728648104,2
851,9.687523456023818,3
1051,12.435720481842317,2
3737,2.5877946991012526,1
4718,12.904758365324993,1
1768,8.624390796600629,1
5181,2.750510730604869,1
5299,8.251121977094526,0
2744,4.192916813143431,2
3247,6.156380812539123,3
4557,2.1274502461270206,1
3004,11.373410945882393,1
2009,15.450291193820071,3
1548,2.7240228491781315,1
4730,5.190869020300038,2
2772,1.2638672000516529,2
4108,3.959021164682216,2
3000,7.3966528625822985,0
2433,2.720112717278479,1
3613,8.88663577917983,1
4798,1.536718236041973,1
2050,8.014027214510758,2
1847,7.721978507574452,1
2279,7.154933366857412,1
1745,1.5904454810962636,2
3700,4.425782525104893,1
1714,3.4181334099308724,2
522,13.935642569041018,3
628,9.45479767452399,3
3735,4.683296104395255,1
915,10.457945218738674,0
4469,1.6590212565905982,0
1452,7.210811046308528,1
4136,11.677336292508333,1
717,3.871943327602639,3
3691,9.454281177933478,2
3587,4.828735376569769,3
2496,1.9265710021096383,1
523,7.743245240504205,3
1283,3.3035427197083136,2
3150,2.9812237509170147,1
1623,3.6910659840083864,1
4160,1.93305240549155,0
4237,7.853612793051944,2
1276,1.825526390346365,0
2455,7.831748275289465,1
2622,6.404823594279884,0
987,7.252704986775774,3
4172,8.907709481864789,0
205,4.218045463653176,3
3132,4.740477016474152,1
918,2.8987593301144456,3
4881,4.917719399217138,2
3670,1.2834642013416615,3
4982,4.439173952905875,1
3879,7.79265463440451,1
445,7.8096653374104585,2
2676,0.5911627141574471,2
1826,4.9455934794745815,1
938,7.430473266137328,3
2968,14.020140156414282,2
2768,10.128482374476938,1
2452,2.4001114176115386,3
762,8.554167033329485,2
1011,3.352759064684272,2
3741,3.7243971809751786,1
1415,15.77318541313964,2
4375,12.793478599506631,2
668,2.6114822324498173,3
2231,13.103875834878853,2
2758,4.673013747920231,2
3547,6.267245568772198,0
4559,3.8634592597981094,1
1608,6.16146475707038,2
450,6.855300684768,0
2902,8.119311519477662,2
4294,6.046075040343161,2
3756,1.1788132865684817,2
3601,2.290413982118231,2
3190,13.042499864407754,1
4693,2.2085245565778155,2
2990,0.9030663382054225,2
102,4.108559514416791,3
2535,3.8389611651776563,2
1065,1.0006479480819317,1
5218,16.27861718396593,2
3059,5.306546609136413,1
2869,1.3026964289314558,1
566,5.104852927658532,3
626,8.408110127668703,0
2868,20.303594306590583,3
5198,3.165976992680145,2
3188,7.545249989639431,2
3193,6.858774420262036,1
3930,4.44343036111209,3
3003,2.4625943150266,2
3309,11.45931369389261,3
313,3.0819875808418686,3
1059,8.366858791404972,3
2981,1.1728244339708997,1
5112,0.20928899205102885,2
4438,3.8536709585396896,2
1678,3.029986606896172,1
1267,3.995798392312744,2
1108,1.552448387897237,2
3288,10.271633033739722,3
2389,2.7845321041248767,2
2041,16.561307006481886,1
2348,4.280504438634634,2
1362,9.317042283884383,2
3349,11.520654919046617,1
4233,6.878853574323601,1
4041,0.7531304385997993,1
3143,2.5574980820154365,1
3337,4.7517128476600545,1
3754,2.7540148161119538,1
5262,4.335703038786476,2
3421,5.097332699041206,1
3521,4.170230782783843,2
3648,0.425337357685615,2
3230,12.712339532892043,1
3713,4.087559349762271,2
5111,5.6274877182596175,1
784,2.807727633388236,1
3742,4.141724529074272,0
128,7.271804367392194,2
3397,6.402929837242172,3
337,19.958048401774267,0
1287,15.095841177544493,0
1369,2.809626693973534,3
499,4.872794053277201,3
1291,9.178160824059713,1
2884,5.781104047132047,1
2518,12.758531954857576,2
601,13.175844555037862,3
3346,0.6571284072441284,2
1252,4.719035750320873,1
1674,3.5763867119703336,2
57,3.835304751692941,3
3635,2.5558384845593825,2
816,6.713230601347607,1
4183,5.5990866118203435,2
1346,4.85589650670102,2
1636,7.098104058986442,2
3138,5.931828207487484,0
4385,15.410307035627893,0
1989,12.269938777579394,3
4509,6.030302127497049,1
826,4.2333611377765115,1
3052,2.142674418482725,2
1983,1.8426784936708833,1
1169,10.251989306899723,3
1298,3.402151846117037,2
1799,5.132872726103734,1
4186,7.83282936118133,2
50,2.476895203515788,3
945,1.6826686037899754,3
5346,11.030053565282374,2
3209,6.5147672420931455,1
5139,3.9243217911485537,1
621,18.12696851219064,2
2891,4.625136253347509,1
2896,8.000231060063973,1
715,2.6580611592177363,1
4727,8.662808481988861,2
5414,0.6997136074500991,1
3543,0.6418012936930154,2
5348,2.85973112626717,1
2493,5.742748832713726,1
5301,2.3821727565799966,1
1668,3.5117276300338096,2
4521,3.493456899720222,2
2444,5.4081736064502195,2
4792,5.531691574088763,1
3610,10.023208012368102,2
198,6.010025254934959,3
4673,3.75061726637112,2
5287,5.008209097846754,3
1510,7.181824243602168,1
4228,10.522663856692557,1
3377,1.9581869205749287,2
2933,7.350735910081246,2
1384,2.7177452301272793,2
1411,1.3732831874494356,2
1568,9.717648287178847,1
1885,0.8925413870221061,1
4312,1.929105708216139,1
2179,6.345558080878473,0
2616,9.071535315255273,1
4105,11.390532721496117,2
3083,2.4249436932861417,1
2427,1.3591625800776024,1
4129,5.6334541392892685,1
2644,5.780614726543841,2
5350,7.1943599544244385,1
3326,5.206785530128573,0
506,16.104629666420106,2
41,12.306787371621631,3
894,3.7089614267619666,3
371,1.1454876429201795,2
3181,2.692240629100998,2
3606,3.3065955142138135,0
2355,11.249143001978272,0
4399,12.983199155399479,1
3220,14.438765231860394,0
3472,5.819805209259023,3
2621,2.680377164005355,2
3007,3.632910277513079,1
3306,0.7106781679002312,1
2844,5.071025152606558,1
4877,12.705382486453953,3
5019,5.785570381597148,1
890,2.472632880942661,1
624,4.7277846617636605,3
3997,3.6387065351133234,2
5379,13.25838941937169,2
815,1.471455943175759,3
4008,8.42236548594422,0
5017,5.933065011279142,2
2784,19.214686800870346,0
3910,5.0033918976371305,2
995,14.857264047609462,1
4411,1.471317723338613,2
5270,1.9169136805484694,0
3307,6.841150486326498,1
4964,6.301454362332471,2
548,12.116527999273725,3
4003,3.6761367529711353,2
4465,2.4761665936693045,2
3970,5.630617130964673,2
991,5.297880403758539,2
1116,3.583429629560629,2
1819,4.0498609234571745,0
4840,2.1115348976868225,2
2825,3.446852347213478,2
2436,11.60247505615653,2
1702,2.5929620480141633,3
4155,6.587260082357768,1
729,22.20391271517257,3
857,16.167092940127294,0
723,9.695935402771896,1
5390,1.5478498477172051,2
1038,2.527451976956065,1
4862,11.292477885250648,1
4547,4.991825956968184,2
2605,7.920835988662161,1
297,2.4228413502581514,3
1507,31.013794631763723,3
4720,2.703999338185313,2
2335,4.134372028204247,2
4331,2.653662195899315,2
2081,4.799393068511069,1
631,4.478622863908946,1
19,1.9204119145316505,0
4017,2.440999320263142,1
5122,2.8924133827005063,0
1750,1.6865648337308528,3
3433,8.876204230621399,0
1677,1.8818559194618802,0
2209,3.3721109714333863,3
2700,2.1478514149907664,1
3046,2.7234378589387944,2
1122,4.953325696924813,1
3617,4.302213230094218,0
4125,2.849532247055588,1
1237,10.527346687738406,1
3026,6.11610222544969,1
1680,8.13038453723517,0
4813,2.7658094650564986,3
5172,3.1702409953288697,2
2824,3.1430296830456808,0
5130,4.932461940602252,2
4463,7.775118530689906,0
2546,2.9714575237218295,1
1117,8.156956375244757,0
2594,3.289156959654381,2
2999,6.811983735439655,2
551,2.8112168732500056,2
4808,6.218477936200831,2
3979,1.7925214054117615,2
1529,3.156466534693472,2
5399,8.699580972836557,1
4113,8.709547017303596,2
4928,6.124884298819913,2
3914,3.7425909755604154,0
1500,7.36322203526592,3
3420,5.673352871669736,3
3414,0.8177935476569578,1
1258,1.0808019612114177,1
4667,2.2116818384228,2
1954,8.361623531035608,2
4103,5.279486963484154,2
4688,1.8948547682141612,1
4545,8.901201409996615,2
756,5.011806465997542,3
846,10.107311076335883,2
2807,12.614164328276473,2
4293,2.9357088010681687,2
3386,1.6248391614991378,1
605,4.901681082971579,1
2915,3.0008234476710967,1
122,5.228846626557877,1
4297,5.320899014097243,2
4064,11.175867492443896,1
293,7.512661157928138,1
5368,13.683141692559488,1
5416,12.331509815058613,1
3680,8.866583549510613,2
4828,4.049625036833751,1
5222,3.5274078846321153,3
2599,0.5058030969101182,2
448,8.975105314124061,2
3550,3.992768134517159,1
1948,17.636455502000018,2
3758,1.4435825010400711,2
1313,5.370418113781733,0
1115,2.1406960470981407,1
2388,2.283164156158751,1
3156,9.49463540890178,3
4071,2.4747648326657927,2
1425,6.8857320896609275,1
5127,8.31656768191258,1
5014,17.285950928435106,1
3507,2.353856197851554,2
160,12.916971047687353,2
1443,1.914495374112442,3
5072,8.904598055768119,2
226,2.265192505056446,1
2693,3.883621180509481,2
2940,14.763512221150897,2
4883,1.6286303346741418,2
4397,5.890623978656132,2
2714,6.906744505497512,1
600,1.0425195281014348,3
2495,9.387645041347973,2
255,0.8789672159447341,0
347,2.2113648261976038,3
1792,21.12701639487797,0
2087,6.559151176099027,2
1968,3.250861087873776,2
505,8.133218840531967,1
5027,4.302943127412265,1
1071,10.719693936792293,1
4725,2.3628025032456472,0
4115,11.870856537429349,3
116,2.3851820431801705,3
1910,3.046887765620703,1
2420,12.287124913219294,1
763,3.083057773983644,2
3623,13.711507826649374,2
1010,2.7275953696791846,1
519,7.939746056851797,1
1359,1.827887624491526,1
378,5.807085490724123,2
4387,4.174851662115023,0
4048,1.1385999589807112,1
1365,2.9690864823243928,2
1216,6.704933823203913,1
3937,4.102570345958138,3
1657,4.978495977371066,1
1134,6.801810215401616,1
872,11.416220022448927,2
3110,7.4764266812381965,1
4705,6.400785482164775,1
743,4.310258979538282,3
1271,14.311020199234685,2
1349,4.625945356896026,1
4332,15.872365168077714,2
5088,9.634910531488545,2
4924,5.084145593713462,2
4135,6.8812889117265765,1
1316,4.6460456777708075,3
5012,6.156176623057645,2
2346,2.2113118107233767,0
369,1.4744621450914588,1
229,15.976169064900628,3
2082,10.099752336727633,3
3245,0.3612454898998592,0
5152,3.305664152505334,2
3369,1.1947920810795216,3
2843,0.30135462968979254,1
4907,4.365924746099202,1
2776,4.405305000347795,1
273,3.213959684092845,3
3922,4.636997467625198,3
3410,3.0057709254608524,3
3344,0.6337638107020116,1
5279,6.848783852644992,1
5321,3.839345111341566,1
2520,4.157437064079135,2
5353,0.8747443058036198,2
372,4.792651043156996,3
329,2.0237654147266766,3
1204,5.228104535690994,3
3773,2.6364909269339813,2
473,3.9861297849075408,2
5211,2.0228235811169752,3
1137,4.323514389590765,1
584,3.3503124388535594,3
1708,16.127065147575408,3
414,5.691383328759463,0
4926,10.8541964048755,1
2628,6.647563282621183,0
1370,9.360772084134931,3
1312,6.203654768901721,1
4357,3.4779658358814576,3
1894,14.167992511920321,1
2796,4.855454121134618,0
1579,11.849442242775227,2
1764,4.080463343762919,1
5094,10.67598838802612,3
532,4.749648966794145,1
4142,8.541971188194582,3
2603,13.499222585473758,1
435,5.487584696098683,3
598,4.852335326403919,3
1144,7.200537481936017,1
303,8.511203477709941,1
3105,8.687822252516103,3
4641,9.281247375521735,2
3505,10.619875163570727,2
2667,7.521911259443865,2
2835,14.877868193555258,2
2814,14.028427368483973,2
4929,2.6567009285105665,0
14,3.174082317162911,3
30,6.363131818169766,3
1914,4.013013656978613,2
2911,7.12143714590819,2
1235,7.816955930459946,0
1124,6.3429945130294705,3
4258,5.860959179650907,1
5284,4.877014082101731,0
3292,2.473938876824091,2
2894,5.205930787008249,2
1618,1.1497286886793745,3
1324,2.361665488343708,1
4680,8.648316464151803,1
2863,2.5703547832469766,1
2837,1.3625175611844433,0
146,9.158436895041234,1
1307,6.49327551604984,3
4431,7.156908901869611,1
5028,6.009185821359381,2
3602,1.5034438265463963,2
2127,10.532595878572927,1
4649,3.6278962282529807,1
246,15.345124969233437,3
2281,12.795973457124974,2
2120,2.920378921359864,2
3973,6.102967278864984,2
1924,1.7800105079691366,1
1407,11.436831297699538,2
3874,2.8763330222684553,1
4661,1.0808511557061746,3
2201,1.4312820148237817,1
1773,12.53971181681926,1
406,0.49449181882544757,3
5187,1.407305291373345,1
4572,7.198426888777496,2
785,3.7143793244033843,3
2567,11.64550412635798,0
1154,10.696323540210862,2
2290,4.841604379356715,2
4467,10.810140348437718,1
3387,12.822124797532114,2
38,3.3643049025602956,3
1861,5.989204925205597,1
4940,4.640463128988687,2
282,1.266832871785047,3
4044,3.7411114692955394,0
1172,3.294019257516942,2
2943,1.3800973602885234,0
1860,5.327719315256461,2
3300,1.4938067388915064,0
2513,5.9961804211175975,2
1464,2.6044569528064496,1
2409,10.99917773366707,2
5257,13.641612421233908,1
3772,5.8457333359650745,2
4582,5.849316708852255,1
134,0.6944529572138106,3
4618,1.7557725768280912,1
3917,1.1020280518792636,2
1183,27.326443585843368,3
1036,5.574300329147815,2
3823,3.745941640405996,2
2577,6.5417985419753215,2
5409,9.782836605263903,3
3884,6.936987409430714,1
2587,1.0471605570522962,1
3586,6.257783671935405,2
2282,3.905991229395765,3
426,7.284794531157549,3
2283,14.835625452030238,3
3642,5.817213070302917,2
3261,4.380845926303619,2
3663,6.999163799944089,3
418,5.797507280951539,3
4289,3.9406962923906326,0
3856,4.082276929814217,3
777,8.111994216376162,3
4678,4.8291419341237445,0
1268,9.664332255180526,2
1631,3.2595154810896623,1
4070,1.404737789529936,2
2497,4.849922928157283,1
1289,3.5550990688919306,3
456,9.585428518119208,3
2203,3.907861596879907,1
3236,1.0592046851955443,0
5435,2.6633202961189695,2
4631,10.238804931625271,2
630,18.233445251624097,3
574,9.504074846979268,3
1740,2.1139295181451683,0
3033,0.9131922008656221,0
256,4.787935482770691,1
3095,11.523287469349771,2
4484,2.564025636225427,2
1920,4.320178578009886,2
272,4.192087380583672,1
2241,11.726435468587603,2
4540,11.847933691288617,1
359,3.2699130497924602,3
1951,10.534514504141956,2
475,2.5768900122445477,3
4263,5.332478812947716,2
1770,1.085944893454004,0
1197,18.234069839145196,1
3618,3.611556241437653,3
4052,1.7444705310615358,1
103,2.6120560381386295,3
1184,7.433152911962127,1
2529,12.372469732689153,2
4209,8.227640202903476,1
334,1.181467146321372,2
1052,10.306713036618689,2
3649,4.8746919849515065,2
5422,2.971238594529139,2
4844,14.658377712961103,1
2333,2.762019451483244,1
2038,3.7823205264487783,1
165,3.6512298995310335,1
3986,6.302176601152638,2
3291,1.0029939110919448,2
5256,11.510714428717552,1
5456,5.048140236448127,1
1533,3.841965184257898,1
520,18.92919720993099,1
3166,2.6141436505117928,3
4855,1.7208934764779897,1
1932,5.601465394354106,3
3331,5.3397840101465714,2
2094,2.4105770598718146,2
4733,5.885406320716898,2
745,7.344856651267419,3
340,5.282328118182191,1
3525,10.23542434122476,1
1634,7.329072428501705,0
3857,14.254172086715052,1
2475,5.632298330269907,2
2445,3.9330500444407823,3
465,9.297566801163907,3
3667,2.1514925503731073,1
1145,0.43766926977235887,2
4471,3.243740363639966,0
688,11.556533499079396,1
1966,1.6466654000661138,1
2926,5.174542301713954,1
3040,10.163931886742642,1
1880,17.812828304298566,2
428,2.9858741551264205,1
1952,3.1640158080400616,0
2451,3.714916032754911,1
4777,13.875369804561377,2
5397,6.323593680398497,0
5204,7.973306409320662,0
2458,3.221197281550495,2
1930,3.516794019796337,0
2159,2.9328729539729887,1
2293,2.454176443331084,0
4310,3.3116789716391843,3
4075,6.356205164668195,2
2781,3.679225154153084,2
3311,11.092736068283175,2
907,1.0606010126159173,3
4335,3.391788127764703,1
2600,9.62749509314247,1
3322,1.5365846757031854,3
1537,8.843478681351597,1
1935,5.426658625753586,1
2301,2.307495171341054,1
2286,4.715388482120655,1
4676,0.575493794814447,1
864,1.0177815371124732,3
3308,4.018283714530595,1
208,4.928641122718525,1
5352,7.207138879266468,3
353,1.7850217635641177,1
664,12.505772749431337,1
2556,7.006776877605839,2
4965,3.373723867146597,2
2575,2.335446807880788,1
2116,11.527199829381043,2
2834,7.903213259025327,0
2805,3.206745009286154,2
4242,6.604004238295539,3
4507,10.306547193619252,1
2468,2.1169132571500184,1
114,7.065916885759476,3
5269,5.1709430006165915,1
3941,20.157661088576603,0
350,0.790545436885925,0
1503,6.4019779671896835,2
1527,4.440115262112059,1
865,7.26460999410889,0
4007,12.075170525068753,3
809,3.0646688017098382,3
2043,2.687563905578546,1
387,2.552026802378384,2
3196,5.131243317978733,2
544,12.935145931456697,1
2244,4.143021009708935,2
4084,7.993018745951316,2
704,2.5714772688645557,1
980,10.984890684945547,2
525,3.462615222105402,3
4268,10.126718085524177,0
2247,4.105342119745275,1
4575,2.1279765287274746,2
44,4.862525894666712,3
4897,13.504095985367705,1
1218,2.2439182285162103,1
4371,7.253760418101399,1
1676,11.371617738511823,2
3268,1.9272360689231764,1
4761,4.251632644036306,3
4030,11.724288165168876,1
5219,1.0595840939770833,1
2762,3.6410176712422793,2
4882,2.8051219210353513,2
3931,3.3809711830479277,1
4811,0.8743040851072578,2
5388,1.0941974933376428,1
3253,1.0262937237846819,2
3448,13.173256733602804,0
4407,5.40947846224868,2
4787,7.496630221771269,3
3029,11.084168462295796,1
4741,6.226147606526137,1
752,3.8048020838257806,1
5170,9.967182629826992,1
4847,10.706058259389449,1
1976,4.009425504359571,1
3881,8.629695776597211,3
1984,8.446700831371253,2
5339,1.3210918617980076,2
3984,5.0901691681036265,2
4443,11.150479631970367,3
4748,0.27397023073119403,1
2721,2.287091599280538,2
3068,1.9005831837951277,2
3777,3.093791677085659,2
3151,3.4140377685285923,2
4483,9.752601949058924,2
39,4.3148643473579655,1
2785,3.117473195038813,1
5418,6.990268612487181,1
709,14.67804918768973,3
1140,3.134429926914538,3
657,1.4269188276750127,3
2008,3.183749554975255,1
2517,2.2605493679048148,2
4526,3.100815308994938,1
4586,5.056977161483606,1
3380,5.3278885438772745,3
2509,7.072727081913376,1
3134,2.987062835630401,2
4973,5.547210026821026,0
4745,2.4389517951282658,0
3792,4.927895589240378,1
1375,2.3850466804258863,2
4860,1.8131673838006608,1
1912,3.493867841250575,0
1136,6.032969394525466,1
286,9.250845007757315,1
2390,10.38681020036098,1
3492,8.53696336570546,1
4462,11.903890397499897,1
3977,8.269075279206184,0
4878,3.3944417956265793,2
3711,4.547419010279694,2
4262,4.034921120179527,1
671,1.828047053801193,2
1198,5.013084678190774,1
1663,3.953009284824588,1
2619,2.591949451631575,3
5377,18.30498677582468,1
1871,9.282634517051706,3
1725,6.474101613031678,2
2841,9.52418809401377,0
2450,15.327578696940247,2
5066,11.296787988598378,2
2198,2.2206996498320564,2
4313,3.8632802551685614,1
1993,0.6683042334376487,2
580,5.805009617514696,3
1554,4.280791802234165,3
250,0.8133891027110791,3
2091,9.085843212228724,2
1596,8.69025191107523,2
4441,3.984373735155147,1
3263,6.444607521636318,1
4742,6.336222967336773,1
3703,2.250291553809488,2
1223,9.056879692588547,2
561,2.1121423038500913,2
3807,9.028895492726157,1
1185,6.380410642553477,1
3037,2.1868296332273918,1
2134,11.11045725669483,2
4156,6.5279656895985685,0
887,7.032766066494064,1
2658,4.131146628219404,2
1282,0.37600085960829893,1
527,5.532872612042907,3
2942,4.535352589023383,2
1212,7.971617105676875,2
1030,5.024914612370242,1
295,3.340714191198632,1
1363,15.960726496715232,2
2806,2.508156150524542,1
3929,4.501986577540476,2
3175,11.619904043432147,2
4244,10.091193377280197,3
652,4.359203381022559,2
5016,6.375731723975832,1
4827,7.0725828054231075,0
2132,7.932576756016554,1
5190,11.186390583692992,1
4128,10.385863760234502,2
2272,3.8775558143432924,0
5065,12.034254631097852,1
4383,7.55624383760213,2
2799,1.9201547119263032,3
808,9.127847567753562,2
1576,8.607932450884773,2
4274,5.182985518646755,3
821,23.3606712795577,0
612,4.820470029689991,1
4285,3.6062437182651816,2
141,0.5430336513634758,2
1486,3.798232361088318,3
4532,5.362735019966455,0
1489,3.731185359860116,2
687,3.9424517250133393,3
5357,3.0606972051515138,1
1471,1.6018216639107106,0
314,7.3454143194391515,3
1858,3.422358306246271,2
3137,7.206636504554043,2
1504,6.288509514008522,2
1256,3.2547221208739634,1
2522,8.035873819584857,2
3913,3.0387439240726604,0
4867,4.986544912101967,2
3672,3.6126194263605163,1
4435,9.005474653769408,2
1728,10.421786236874697,1
888,4.8632275511574,3
5447,7.5800470544964025,3
5196,12.042996833335113,2
1231,6.413175425967998,3
982,5.981184560366014,1
610,1.4751439647861828,3
4487,14.51462549315223,1
1712,9.043239294353787,1
1498,22.12229559918822,1
2729,10.486173689594395,0
4899,9.067415890194809,1
5372,2.2861893403528146,2
5040,2.3507815276290445,2
2930,3.6955543093659897,2
2687,11.29774995827475,2
1798,2.5198457073058647,1
5419,11.006365527626627,2
4235,1.1894484416603515,1
4134,7.524240486693285,3
4580,2.1277180323016838,2
667,6.170031866903621,1
121,5.619318839959944,3
2755,5.458509876050464,2
5022,1.1924172010857512,0
4527,5.4555985200712565,2
3489,3.4265984442289845,0
2267,1.3281408030465969,2
31,3.6519564409759626,3
3449,4.82000563375437,0
2634,8.197303840823723,1
2086,2.056808875457298,1
305,7.5514911314601205,3
4319,3.8799710623796937,1
3098,16.11589093084447,1
4412,2.8133908166956028,3
2014,8.014655948524606,3
145,7.221902909777327,3
4154,4.325195451123953,2
140,2.877134751088927,1
2370,2.619616389566753,2
971,4.9251646805895115,1
731,4.626697952478541,1
1944,4.948648179379204,2
4116,5.384751361090662,0
4605,8.322086972468629,2
3085,4.607895073971249,1
33,7.762856870123621,3
174,9.35607395659731,3
366,2.015262260698863,2
3693,10.619433943363104,1
2957,4.16630290225515,0
2659,5.568691824873671,2
2988,3.2425168694589095,2
3677,12.331362770731854,1
5323,4.687437276770307,2
4603,3.7905049801710335,1
640,10.620160459245263,2
2924,5.543068370478386,2
1560,8.19210380542625,1
2974,14.171784784144384,2
1897,1.071405733467619,2
2715,1.9353346437211651,1
5309,14.187372923907715,2
3379,19.385793769797935,1
3391,10.761112747546665,2
1591,3.337315905401181,2
4566,2.3862385018861656,2
572,7.561611143405474,3
1181,8.728278921849991,0
1906,5.320651596218784,3
4001,2.6298695005850554,0
1684,1.0346617236126299,1
4287,12.065789591762254,1
197,3.119071356169419,3
1536,7.264681327404746,2
231,3.3941275795704318,3
2817,7.0898569527409165,2
3514,4.230295891077002,1
2938,6.173796816564502,1
4960,5.078924367190702,1
4481,3.1593105067097746,0
3578,1.4084134953094969,2
5294,5.766892061405201,2
4901,2.7950282916975615,2
1911,1.3325340470039508,1
4568,13.763842323693307,2
4192,10.656162237957197,0
981,2.199721969971152,3
647,6.970253197706574,3
1716,14.716233687275224,1
2299,3.9657805382462956,0
233,4.56937913193362,0
1927,0.70935651369815,1
4232,2.1235310152178295,2
2639,10.763267034365327,2
2344,0.8702201966398355,1
5096,10.49517365926989,2
4609,4.062199533157162,1
47,3.9290541077267314,2
3954,4.044956670328263,2
3540,1.1169988111567473,3
4210,10.964459334303616,1
3943,2.7579657770479518,1
457,3.255841963422225,3
1746,3.027556371241581,1
4886,9.079001918984797,2
115,4.723205638278781,3
2912,2.884111743562873,2
1667,5.754200075518781,1
4943,4.400489355285998,1
5286,3.1250863171148895,1
436,10.90259373118997,1
3109,2.9420849713754347,1
4832,4.257089729294734,1
3192,4.852687105384425,2
804,1.9469354911019934,3
5446,4.983549773927001,2
2112,2.212971121743658,0
2221,12.545001329688468,3
4171,2.232476900824773,2
2532,2.2351639934518985,0
679,5.918319475246124,3
2210,1.4582030636062009,2
1193,2.724563188678986,1
1827,5.993724643225329,3
4879,12.835162506447087,3
3082,9.141050351062892,1
2079,1.964886812591653,1
3763,2.4469025084797242,2
307,5.188553928585529,0
2512,12.585592011222872,2
446,6.6217803614479855,3
5234,5.064986960936236,3
2377,5.087019502946395,1
4915,13.342186727868715,0
746,5.253888352205697,3
1058,7.262053181150709,1
95,2.712252878425553,3
1292,2.286215393962978,2
4970,2.2511111096896173,2
3933,5.104631812346207,1
1530,5.734547585954315,1
1238,3.7587354776923116,1
3131,2.7700690648976285,0
3339,0.43157560565748676,2
18,4.947907436820794,3
5444,5.294853941947194,1
3254,8.350117460391887,2
2147,7.715717514987576,1
3800,5.881547126506888,1
2742,7.9189809869217065,2
4541,2.4365755759025225,3
5400,8.184026014766893,2
1726,2.2665283319715934,3
849,4.986942166300634,1
2047,6.7592959598461455,2
3959,1.8053772691758883,2
2646,7.584542807158744,0
4576,0.9280968151562553,1
3512,6.612969297213975,1
636,9.183463839203414,3
2404,4.777098032074038,2
3482,5.423822051906439,1
4107,7.143356090921374,2
2195,8.140897699957353,0
2416,3.9328168878284155,1
1055,4.436706764202152,2
3385,5.790187572276215,3
4,13.949143236691953,2
3305,1.9330859594613528,1
4325,4.58100721897669,0
4885,3.459798637715478,0
4402,16.9696105629263,1
1666,0.5459870936303376,0
3529,1.442327064878374,0
4900,7.71238713313627,0
946,11.154633371940138,3
3271,2.007533203679494,3
4677,6.819635402625092,2
4788,1.3328690698742858,3
3850,2.8737313995947114,1
4496,7.409162450436152,1
427,2.683011346653884,1
4206,12.38111798741991,1
5036,6.039062870905801,3
4420,3.481164901366578,1
2557,2.560973886638051,3
615,1.4952986526066911,3
493,2.982385019720346,3
3036,7.759713572789101,2
2839,11.096307178299293,2
263,3.214662231003256,1
3371,0.6941426953034566,2
2054,2.4710795027807193,3
2155,5.160181604507018,2
1881,4.77906084403827,0
1650,7.554452261589931,1
1402,1.356372094466081,2
2910,6.393653156435441,2
4490,6.593883618340638,1
1578,17.570887947916848,2
4553,4.784330134211317,1
2701,1.7531457669171298,3
4282,1.8993834725233225,2
2663,3.1604384179415717,1
5058,7.810488351993175,2
5175,1.6839687548234092,1
3552,3.70666361391517,2
2233,3.0570868984830915,1
1373,8.54497370534768,2
5090,2.189347719205524,1
2398,9.347357575543871,1
3911,14.359429169920103,3
2607,4.214275754783283,2
2650,3.319846454044667,2
4887,13.832410183558583,1
1701,7.456490393688508,3
2253,2.8423079230108925,2
3764,8.064038793267866,3
2166,3.0533984767082627,1
468,3.252224505121414,0
511,12.490693922575968,1
1229,6.4801230005172545,1
3861,2.985171514973483,3
2716,23.741411201619865,1
304,2.8476994740966823,1
2334,2.741829574724275,2
242,11.760392221783547,3
691,7.878190435663916,3
3838,1.097386807218967,2
4036,8.855517733171748,1
3975,15.854541848710715,1
3666,3.947120151361745,1
1765,3.7787822596895797,1
345,2.0865441104532656,2
248,12.394483896108778,3
3154,6.80236341645981,2
2145,2.7065327646392596,2
3983,6.311007265066037,3
3096,8.37817588892187,1
2447,4.443547491023836,2
4177,6.492897248262688,2
5338,4.222240710483895,3
4162,1.1427015366150992,1
3063,5.680265376374476,2
3168,5.5279825998804135,2
2110,8.34450349774303,2
355,8.370521375909656,3
4409,12.986559366704748,1
52,9.449317180722751,3
3355,2.6304375479065802,2
133,20.389596594673463,3
3058,2.183540162699635,2
4340,12.32834399308301,1
3044,17.01978940916671,2
2581,2.6598891103113353,2
1114,5.055483324751612,2
5383,12.238010477664577,2
1655,6.364835911217615,2
5228,10.190535346591215,2
1902,2.57921481994436,3
4059,3.9240816544351156,1
3316,4.759863409682231,2
2792,4.559785601099624,0
1619,2.549503724450426,2
2401,10.69171029907674,2
417,2.550819801911415,3
5177,14.535118422828692,0
924,5.094389357147305,1
4329,4.7025126386689555,2
2063,10.76618427116223,2
1613,11.99129273087108,2
2745,1.410881881131036,0
4470,4.8035780573821745,1
5195,10.15059337140223,3
2340,3.9573313541419046,1
4719,6.008411948598916,2
4743,1.599411175340223,2
2877,1.680007861144139,2
1715,3.079102263679051,3
4664,7.938161094052705,2
3813,3.558083949376684,1
1965,4.193573045242954,1
1087,1.8916078270724266,1
3692,3.3310300853490453,1
516,3.626083137320414,3
5243,11.385437083468895,1
2845,0.8562264139781617,2
972,3.915309263448755,2
977,4.606281482504581,3
2984,0.829896156745106,3
4207,6.313499048487731,2
3317,5.88359544391721,2
3517,2.303959861150335,2
3200,2.3865065627352733,2
562,4.817481738179088,1
3121,11.587734635983521,3
1321,2.859358598912698,1
132,4.13774544211296,3
2073,3.60560988782419,0
4245,8.909026901765543,2
3652,3.518762730273373,3
1077,6.669850304109027,1
5215,12.069436496123167,2
2571,5.046084825741012,2
3204,4.775158122980031,1
2446,0.6264802166249162,0
4080,4.201909927067737,3
801,7.236008633044903,3
3896,12.858733109986678,0
3825,1.6361182861416874,2
5023,4.192552660910623,1
1574,2.986238234186551,1
4165,2.9521582369551376,1
302,5.394663625371583,0
1337,10.21706787208929,0
1521,4.914209285823006,2
789,1.942598056677078,3
3964,5.284365843712053,0
4750,6.871699921413794,1
4424,3.5612226945282233,2
2114,0.38620539517751007,2
5386,3.731386408342895,1
799,9.52314348029448,2
271,4.577450942415037,3
2313,2.590306316074838,1
1228,0.6000358025776612,2
4824,13.100410425713601,1
176,2.427515811496569,3
4707,5.308530780170549,2
4550,8.526113032925785,2
22,1.4183803315040202,3
748,1.625877450346671,3
4950,7.853873883119432,2
100,9.736185421211697,3
1620,12.270341406514184,0
4253,2.2095407288816102,0
3790,6.470312495741561,1
150,9.46388721718925,2
663,0.9513399524517884,3
3996,9.417314895537812,1
3641,1.2218823079052146,0
2987,3.708812877131649,2
2125,14.675615714650945,2
1582,0.4943516099312983,2
4651,3.7290660838041365,1
1100,2.4711676877792073,1
2786,3.037848222175323,2
3114,3.6806110515554664,3
889,2.6604468326341784,3
4338,3.947024538831627,1
3025,11.279787058823128,1
3446,9.637467294546946,2
75,1.2987366582230593,1
4570,2.062518193070046,0
3119,9.221493576139416,0
4304,6.727235167479588,1
2596,8.254044658779844,1
1304,10.81391799817784,1
5224,9.541205057194471,2
4500,7.844419899857479,3
4296,6.79734536591777,1
2956,6.061912167636182,1
1844,9.920975889329098,1
5168,8.407214430963757,2
1600,0.09512061022869239,3
4972,2.7607261158479623,1
2757,3.849909548953343,3
4221,7.597361757108118,1
3019,3.373567275441764,2
1305,1.8226972510306563,2
2456,4.717553637362053,1
498,2.50170139062374,1
3081,2.9833890189213093,3
4283,4.508955395832523,1
984,7.202653812316678,3
4508,3.5487640152476567,2
1018,4.518515473161919,3
3799,6.92141448085969,2
3255,5.498981250073321,0
1987,2.2416181555401407,0
4333,7.038334203880444,1
1012,14.204026105101008,0
2681,8.422518275629956,2
952,2.807649602245039,3
919,10.143876612990704,2
4488,4.95516888013346,1
183,8.858843486023538,3
1280,0.4902816286492343,1
1656,0.7624133638400656,2
533,1.2273033751636382,1
5450,9.511035549776667,3
343,3.273413826393688,2
2264,3.156366395198548,2
485,2.9153860639178877,3
4364,5.259390732787153,3
3519,1.9725404717596366,1
5089,6.4591343706900215,2
3739,6.806318231297922,2
3796,12.744843131027167,1
86,1.0007494947299733,2
332,8.949293555314508,2
4190,2.293823003761534,3
4751,6.313929916105064,1
923,6.826570107440642,2
4697,6.542234740125178,2
2625,5.006954734831779,1
4360,7.674049000372852,1
1872,7.52218204856486,3
2788,3.6490029718714334,1
5043,4.993914886464372,2
2919,2.6429208861916598,2
2649,5.9632660616430595,1
4614,1.482905533080651,1
2706,3.9649511065971375,1
2343,3.3052800440975973,1
774,0.9927162830412128,1
3024,7.360878512564371,2
5210,0.7810504070097751,1
2778,4.211999975920074,3
632,10.637172535443991,3
2158,1.6117996749166572,2
2287,3.703912675927471,2
1522,2.093901277960217,1
5011,1.233836979385851,2
1973,1.928353609864525,1
2058,3.7961796432062007,1
2982,4.287952424130905,1
1842,2.9955293257640383,0
4617,6.548387938840732,0
1419,5.558147845295997,2
3031,4.947884284278092,2
1682,0.5099958219300312,1
1775,7.840684281767556,1
1933,10.9715545665942,2
4623,5.648589208658173,2
5290,5.996674053585883,1
1571,7.384652251992895,3
3567,7.376514783879775,2
4231,6.237150696721841,2
3447,4.396465219538497,1
5101,3.8436373694819217,1
879,0.26170212237008317,3
2648,3.455762117142326,2
3752,7.245082762574933,0
3866,3.175007873755074,1
1445,0.47510629614175126,2
1572,6.848458317131264,3
720,5.7812955281944625,3
4275,5.518287807383417,1
508,10.640509124011983,3
2049,4.216565621094201,1
1490,1.5392373244728632,2
2801,3.07828565183641,2
5439,2.163812555906301,2
3275,16.393996284204377,2
4056,17.60178924805804,1
3093,11.88088071515693,3
5157,4.553667732276015,1
2997,10.094317590983549,2
4740,6.001869722505725,2
1918,20.00811045351463,1
4079,3.460443055891318,3
618,3.7675867763438218,1
4726,3.1704429368509084,1
4778,2.0328884705292163,0
124,10.47697969057066,2
3259,7.837265994318506,2
1738,6.575248337941844,2
5411,1.5856045462966941,0
2918,6.882070779620431,3
2439,5.208325982396845,2
4278,8.58207763236417,2
4222,15.35360958463793,1
2779,5.598644045449335,2
4870,4.9741785754905905,2
2382,2.6747962973533053,2
5193,9.046393460485927,2
3802,1.6527376249377312,0
4519,10.592625347216085,2
2623,2.7129904653201993,0
2141,3.0145047732043975,1
2400,15.763960809042253,1
1515,7.302832319259634,3
5237,5.329586478224637,1
3688,2.8127775965381514,2
4290,3.6096850028021255,0
107,13.006581650962847,3
3396,6.685556885136922,2
4763,14.99583140096593,1
2378,2.4829666236359436,2
139,5.178583915190566,1
4187,15.559254931062874,2
2217,12.140293373753872,0
2250,17.954435257491312,0
1870,12.464405177081371,2
2733,2.613393717614758,1
45,13.837618605220754,3
3786,2.375300803300093,2
1414,12.987496698780301,0
5008,18.223330388933963,3
4632,11.335494285156328,1
2230,8.224215948807744,1
1509,0.7819079804465499,1
1182,2.9839000433193448,3
1378,1.8936442187149085,2
3775,3.217294403143464,2
5047,2.2355939360081307,1
4771,16.774540748822535,3
3293,7.616801275764406,2
4841,11.785019643791406,0
2113,7.766263548666398,1
5119,5.739098444299761,2
2148,12.390567011479334,1
3960,1.4987910081723805,2
2429,3.5621983653493787,1
3974,7.896250782089153,0
1344,10.260676787294349,2
4110,9.622979133885302,1
529,3.132671137625272,3
1956,1.1934931748133926,2
5332,16.479354704488323,0
3962,1.8194742299835134,1
4654,1.3848031919684913,2
2336,9.941030899257063,2
2018,10.578345575142514,0
3160,3.3481102294911538,2
1955,1.6442043042962324,1
979,5.276247753444355,3
1743,3.09955695675911,0
1621,12.30921176732208,1
4330,0.43180643080021225,1
1427,3.5957273626547397,1
4453,1.7225286015160899,2
4461,13.177346947784546,2
4164,2.2347904336165896,1
4986,2.959538861523438,1
1730,10.870191623330678,2
4764,4.518466517917005,2
1269,3.7106145996223034,1
712,5.300182223765697,2
4046,0.6707577850819859,1
5393,11.178162856959833,3
2992,17.75285065211841,2
3118,6.751018549003254,1
5319,13.035200682205836,0
4805,8.976125968971733,2
4486,1.123474330205691,3
1195,6.8712855564434046,1
1088,7.718858125844735,2
1345,3.737593284141392,0
2176,9.16674344047401,0
312,9.997681848287911,3
2865,0.5928253826311977,1
157,1.989415792293964,3
3947,4.635092543318651,2
4458,2.1860440619173933,3
569,2.0374997673407775,3
4691,8.159793398595179,1
4939,12.290215822032835,1
126,7.271742625127594,2
3774,7.186048117630182,0
4523,2.1316007746168744,1
2318,2.1790887545764663,1
3853,15.067320068905303,1
4437,8.763770413393319,0
3269,7.979588172466956,1
2614,13.021725085374719,2
3904,3.529583334121769,0
224,6.443847782506053,3
4681,5.554677552755345,1
2363,2.407449262459876,2
4724,5.066848487792377,1
3224,5.430104225247557,2
4694,3.635578538824484,1
4166,10.21031994723111,2
5142,2.4420101536493584,3
2734,6.087133901498313,2
2218,3.0040682186658,2
3051,16.76215779512139,0
3744,1.4142807926493726,2
2278,4.065702660620859,2
5091,4.198671682189315,1
5075,5.426726318361098,0
2222,1.390105225674707,1
1597,2.5437747878285313,2
5361,7.411583922491123,3
1048,3.631369837843001,2
2749,5.024756348306231,1
2154,2.5045917830643583,3
37,3.895493403862873,3
3580,1.795860805805985,3
261,4.761152375907501,3
3569,0.6237435920068249,3
2793,2.4075085906391775,2
750,4.2180602659819995,3
5408,2.1273669832746984,3
4658,10.95574831013166,1
4981,11.789881682182422,2
3967,12.33331989329296,1
5354,2.3141582410959085,1
4958,9.542030720602122,2
5271,3.32437367162322,2
4214,2.9277825407464655,1
5415,4.3843828537099885,2
5082,3.7930804615044122,2
2376,2.609218201228264,1
4669,8.597981021289558,2
3584,0.6001255101971288,3
5374,17.25653066742757,2
1201,9.116152933959834,2
2319,3.7809919027266226,3
2883,3.8945178767036635,0
4430,4.528459716878016,2
4934,4.327914099896625,1
1977,0.40210476412981333,2
1946,3.1907294967303415,0
3538,6.351199241441732,2
4782,1.5990946091599467,2
290,4.29845679084738,1
1387,5.951020461043612,2
699,7.5432574538396615,3
1919,4.958029743456674,2
99,8.709833715606784,1
3070,8.24045651563005,2
2698,9.823845525533564,3
488,3.099258877858353,3
3868,3.9210975269465957,1
238,7.821025624429688,1
4163,1.9232840630323866,3
1436,2.485457513833496,0
92,2.801644250862679,3
1895,1.6828865399530082,1
2069,3.117737980121253,1
2705,5.331922178984284,1
193,2.2678443126328816,3
3701,7.36832318347326,3
194,9.807281728659609,2
4888,2.424551300934666,0
5183,10.98052620228985,0
4790,2.109802114564004,1
3404,1.6783340779455203,2
596,10.250617910779788,3
1255,2.4870393333029917,2
4356,0.6071683333852176,0
1233,4.113004163994545,3
1796,5.860810177875089,2
1253,1.77504888844652,1
5322,6.854022121275288,1
2726,15.98543380435623,1
850,8.211118506939485,3
3429,1.285516343630939,1
5136,6.76413497024693,2
3039,2.0387995898823643,0
1224,1.584425814755566,3
2508,4.557981875272947,1
1925,3.55993751337012,1
547,7.925198035643792,1
3510,4.3356198562945,2
651,12.444742778334696,3
3841,4.847316288068959,0
1259,4.121793240228614,2
3702,4.172461115372654,3
106,5.050525349074947,1
2527,11.795485536877733,2
4195,5.6860321967681795,2
3502,5.858134379845862,3
583,2.8776233529700437,2
79,5.270271880824442,1
421,7.062795190965295,2
2811,2.294332463887046,2
3595,7.015070568237263,1
929,5.791264564435136,3
2001,4.655494502549388,0
1222,7.463394394907473,3
240,7.268777834463696,3
2256,7.218357520518911,0
3443,10.166657222001486,1
1593,5.809633101742982,2
3611,4.00001801179922,2
78,1.0779515845567642,3
2476,1.5172811240676942,3
5355,8.390211982618723,3
3579,3.1340940133617545,2
5038,2.3094820316612554,1
4173,5.829329565229741,3
2185,3.051333120458069,2
2295,10.662291428917836,2
1448,4.218012172786558,2
4063,3.7228346842635656,1
3450,13.012267297486433,2
1206,2.999125005890609,1
660,9.84766834667838,3
486,11.163477634885705,2
4799,6.7196919921030505,1
702,2.009662333754047,3
2015,4.918169839057677,0
260,2.171777386568974,1
5137,3.221839097980559,1
2368,4.952519402403737,3
2871,8.774373671770288,1
1694,9.612377758917733,2
1843,2.0102466874495777,2
177,3.1291016757350665,3
4259,13.998833581365119,1
4656,5.69211826244994,2
2305,4.772500209218782,1
4157,4.167404541140639,1
4352,18.214085589826063,1
3844,9.337412860213378,2
5158,7.202989244446248,3
3676,5.315272797082297,2
1742,15.050127743739338,2
419,2.087389747642577,3
1642,3.275759342512285,2
5331,7.132736381487453,1
898,7.801754322317281,2
5148,7.163993586590129,1
1035,1.6549300000453482,1
4935,7.6871823375153765,2
2774,9.147821085824305,2
4109,5.178539740308875,1
1057,3.641173685872747,1
4058,12.88002269796224,1
845,17.48881529304897,3
5318,11.69667941397526,1
5340,6.188276315954511,2
3729,10.584090593555104,1
3250,3.168525609097526,2
3536,2.7592848365897393,1
855,4.54314106840093,2
1546,11.488365568929371,3
281,2.605493195945253,2
3493,5.363001390487317,1
5452,1.6786409224843328,1
2366,15.996659956066075,1
2312,1.0537920461824881,1
661,3.8444989906373515,3
3035,4.08765205301777,2
742,2.991385930347584,1
2909,4.885894981702986,2
3384,2.702354041621075,1
491,13.707189260240352,3
4829,2.2423109306381637,3
3685,12.443917307494022,1
3314,9.172789036195171,3
3589,6.136976957184384,1
3827,9.73545013059175,1
4401,17.375638344164663,2
55,9.768040694037103,1
1074,2.4508859205253017,2
739,8.883004435881894,0
401,1.5511952430636942,3
4459,19.35371866865051,2
2316,2.369370527269494,2
3935,9.244658709314743,2
4607,7.23006742930469,2
24,8.440061423937152,3
1784,13.13520519531668,3
123,1.7511658694204462,2
3038,8.088204694437568,1
2322,9.149703158171796,2
3280,8.081828079530933,1
1994,6.306026635516436,1
1691,17.811850306174378,1
186,6.363506526079917,3
209,3.963283630144257,1
1406,1.9852669925521451,2
5445,14.11237382648001,2
3401,3.9432406113183474,1
3795,7.307328805949641,0
1929,3.702897871174068,2
3412,10.720387344973265,1
696,1.3499247104774503,3
4822,2.4594478040468806,2
5160,5.244592821498964,3
2180,3.8178857389886693,2
2852,10.256984860751878,1
4039,1.641342939428075,1
1341,1.715210963760636,1
2023,0.40707595678805625,1
4659,0.7728729825055316,3
4663,2.923139497605135,2
1109,7.725729764617696,1
1323,15.178838015417346,1
4475,7.175135338778179,2
1141,6.902648846068995,2
3354,3.4664006210121334,1
2374,2.054635306690992,1
316,7.584542517477485,3
3531,3.161701117886615,2
1434,5.56614094334439,3
1260,7.096218243260678,2
3515,6.803314506874411,1
5001,1.5911751478876879,1
1777,6.0149174600182995,3
2876,9.3920992831924,0
4423,11.612105932541276,2
1095,1.0094936923575943,3
2538,6.22705333001963,2
4243,13.43422913618902,2
1518,3.056710403852036,2
902,2.8922627918849115,3
4687,6.07920338671747,1
1263,6.259198957168702,1
1603,4.606671745564979,1
3963,8.525716497026707,1
1639,2.7183838040599855,2
5004,3.552923649317112,3
13,4.1755565548774385,3
310,2.876503099206271,2
3982,6.5720004175002735,2
1435,4.580443054968442,1
3632,5.20033934316246,2
1772,4.175968443967486,1
3078,5.429072827431453,0
3466,8.726433439948464,2
773,1.3465330382191953,3
3789,2.5280228912580274,1
