,Q
2021,0
3951,1
3341,2
799,2
6495,2
5426,1
5640,3
5399,0
7960,1
9913,1
428,1
8772,1
4463,2
7735,2
6218,1
7972,3
9530,3
7489,2
5027,1
6833,0
8926,3
8223,3
9861,2
7955,2
5999,1
7652,1
8120,2
1617,1
4603,1
5863,3
3305,2
6235,1
3740,3
2582,1
2788,1
8649,0
5829,3
3571,1
8291,1
4469,3
2770,1
8777,1
256,1
2334,1
604,0
4562,0
8903,2
2002,1
4512,0
9413,1
4926,1
8595,3
3612,1
1483,0
6099,0
7543,1
5814,1
2614,2
2846,0
6936,1
3155,2
3150,0
6179,3
4679,2
1157,2
995,1
1964,1
9792,3
3821,2
8009,2
6060,2
4730,1
6432,2
4776,1
2154,1
1083,2
3313,1
53,1
6643,2
8658,2
8927,3
4647,1
3916,0
5474,1
3882,1
4789,2
7166,1
4258,3
8521,1
7255,0
75,1
8708,1
1121,1
7667,2
7225,1
3860,0
367,2
9850,2
1041,2
4384,2
92,2
3154,2
501,1
1204,1
949,3
3761,2
291,2
9678,0
8102,2
1851,2
9751,1
905,2
6349,2
4064,1
5702,2
7552,2
1329,1
8489,1
3232,2
8930,0
1836,0
534,2
4480,1
5762,0
4915,0
5920,3
1089,2
194,2
9543,2
5817,2
8199,3
8596,1
7141,1
455,3
3596,1
7639,2
4875,2
3755,2
639,1
5135,1
7006,2
5932,2
5191,0
5298,0
3053,3
3411,2
4901,2
1840,1
2315,1
4482,1
9320,0
6811,3
52,3
7312,2
997,2
4400,2
2441,1
8284,3
6257,2
4953,3
4499,3
965,1
1155,1
5611,0
9099,1
5347,1
6174,2
7178,2
4106,1
609,2
4833,1
1581,3
7301,3
6194,2
957,2
1195,2
329,0
172,3
2578,1
7306,2
8039,1
9973,1
7124,1
6278,2
652,2
3996,2
5689,0
4516,2
2681,2
5355,2
8551,1
6130,2
3112,3
3218,3
8953,2
7229,2
6586,1
4640,2
6271,2
7845,2
6980,1
4535,3
7980,2
176,2
8053,1
3276,2
4030,2
8304,1
1722,1
5389,1
5488,1
4872,2
9118,1
8840,2
5886,3
6261,2
7816,1
8536,3
6155,2
2842,1
4066,3
2041,1
7696,1
549,0
2726,3
8507,2
6966,2
4100,2
1257,2
5579,2
5436,2
1258,1
7383,2
6544,2
1285,1
7527,2
6492,1
5574,1
9480,1
2494,2
1621,3
320,1
3806,0
7827,2
5990,3
3063,2
9822,1
8696,2
1224,1
2721,1
6209,1
855,2
5402,3
7882,2
6031,2
9745,3
9945,1
2549,2
9356,2
9276,2
7690,1
5672,2
831,2
6411,1
8511,1
6479,2
1201,2
2572,2
6341,3
5700,2
9052,2
2387,1
1939,1
7692,3
1479,2
9203,1
3968,2
7825,1
3696,1
2096,1
9208,0
9091,0
6915,0
6406,2
4045,2
5407,2
9933,0
9161,2
7727,1
6817,1
3243,2
2562,3
7594,1
2058,1
808,2
1022,2
3161,2
8576,2
7701,2
5974,0
4913,2
5025,2
2372,2
2963,1
8974,2
530,2
2017,1
7637,3
6888,0
2813,3
567,3
8787,2
9867,1
5053,1
9577,0
6562,2
9962,0
2064,0
8080,2
3804,3
9590,2
2922,1
7118,1
5682,2
2320,1
8898,0
9581,0
3236,3
640,2
8656,2
9344,1
9766,2
5033,1
4093,1
4136,3
8823,2
801,3
5948,2
5158,2
9532,1
3398,2
5897,1
4918,2
166,2
7430,1
3286,2
2178,2
4607,3
521,3
7984,3
4252,2
1842,2
3777,2
3836,1
9292,1
9194,1
1159,2
5807,3
4681,1
3568,1
8968,1
8714,1
6316,2
4803,1
2356,2
8132,2
6098,1
213,1
1176,2
8944,3
1286,1
7762,1
2753,1
3012,1
5296,2
1118,2
3106,2
5462,2
2880,1
2035,2
6489,2
180,1
1374,3
939,1
1441,1
2828,2
5608,2
6366,2
6070,2
2812,1
1435,2
7751,3
8154,2
1078,0
6828,1
2226,2
2227,1
4215,0
787,2
79,1
9186,1
4648,2
85,2
535,1
1140,2
4377,1
9583,2
4576,0
4388,2
7666,2
8949,2
8016,1
1274,1
8346,2
495,1
888,1
7518,2
7216,2
6555,3
5385,1
9310,1
1049,2
8958,1
18,1
3214,0
4382,3
4867,0
1571,2
7869,2
5665,2
7356,1
7167,2
3123,1
6211,2
3509,2
1568,1
8040,3
3353,3
7362,2
4615,2
6041,1
1126,1
8000,1
573,1
3267,0
9494,1
7351,1
4781,1
8428,3
5271,0
6741,0
1501,2
8844,2
3315,1
687,2
629,1
4944,2
4337,1
5214,0
4621,2
5958,2
4664,1
585,0
6188,1
8052,1
6065,2
8038,1
7856,1
7799,0
6180,2
1666,0
4742,2
3195,3
2515,0
7274,2
2506,2
6829,2
2396,2
6798,1
433,2
2956,1
7009,2
9489,1
6089,2
9395,3
1867,0
7764,1
724,1
9448,1
8815,1
1974,1
6520,3
6264,1
1304,2
2234,1
8337,0
8921,2
8310,2
3410,1
4,2
5646,0
3729,1
8198,1
6532,1
582,2
9645,0
875,2
1473,1
4408,2
3651,2
6778,2
9918,1
7474,3
6633,2
8110,2
1693,1
9830,2
5614,1
8698,3
3310,1
812,2
1264,2
6172,2
892,0
6080,1
1726,2
5759,2
7988,2
9791,3
3443,2
5316,0
8942,1
2401,2
5336,0
5155,2
8101,1
1695,3
6439,0
4503,2
5371,1
8124,0
852,2
5843,3
9352,3
3130,1
4226,2
2875,3
2962,2
1929,2
8174,3
2719,1
7492,2
5122,1
7032,2
8345,1
5784,2
5478,3
8817,2
8342,1
5954,2
7876,2
6436,3
1788,2
9251,1
7724,2
6391,1
854,1
6498,3
3721,1
6879,0
971,1
9758,2
2628,1
6273,2
5368,3
6148,2
7730,1
6120,2
9734,2
6540,0
2094,1
44,1
9591,1
3272,2
4417,3
3663,2
2966,3
1544,3
4813,1
6122,3
4914,2
494,1
9966,2
9181,2
6793,2
668,3
145,1
2005,1
5410,1
4275,3
9793,2
1133,2
7157,1
531,2
3423,3
4218,2
5076,1
555,2
4402,2
4573,0
795,1
3055,2
8919,1
1593,1
3143,1
6985,2
9074,2
9121,1
3343,1
7682,1
8046,2
6992,1
8436,1
5200,1
2495,3
2761,2
5957,1
7817,1
3993,1
856,2
8248,1
9129,2
4884,2
1423,2
140,1
5571,2
1612,1
7122,1
2430,1
9122,1
6564,3
9187,2
8107,2
8390,2
5367,2
7574,2
302,0
6525,1
7066,0
8512,2
6551,0
1390,0
1760,1
3707,2
7529,2
1163,0
8262,1
6015,2
1132,2
6859,1
1248,0
171,2
778,2
2304,2
7803,2
6189,3
8899,2
12,2
2493,2
31,3
2899,2
2379,2
3266,3
6964,1
1243,2
6334,2
6077,2
5038,2
9803,2
4711,1
8584,2
345,2
5946,0
8210,0
1062,2
7588,2
6240,2
5215,3
8860,1
2185,1
6421,2
6776,2
915,0
2135,3
4331,1
6137,2
6363,2
9928,0
136,1
6156,1
772,3
5504,1
9084,2
8281,2
7685,0
9411,3
1031,3
8728,2
1283,1
951,2
6869,2
3347,2
4235,2
7786,1
919,2
5331,2
9041,1
6896,3
2193,2
4639,3
6990,3
6714,3
9807,3
9643,2
5212,1
6630,2
5673,2
5705,2
1606,3
9305,2
4188,1
2860,1
5168,2
21,3
444,2
5233,1
6752,1
2522,2
878,0
1072,2
196,2
7602,1
6878,2
410,1
318,1
6280,3
5311,1
3891,2
5583,1
4169,1
8807,1
6576,2
3933,0
1660,2
7959,2
5769,0
1614,2
2082,1
3733,2
7580,2
5455,2
4084,2
3307,0
8019,0
6983,3
4810,1
1522,2
2164,0
9394,1
3845,2
5178,2
4527,2
3401,2
1960,1
2877,2
2768,2
5795,2
8754,2
1540,1
9549,2
2622,2
356,2
9245,1
4917,1
1115,1
3322,1
5782,2
968,3
1678,0
7684,0
6530,1
6982,2
5328,1
1112,2
6207,1
5835,1
7646,2
2581,1
8920,0
418,3
7560,1
8498,1
1313,1
5294,1
8895,2
7917,2
4251,3
5597,1
8791,3
9278,1
8923,2
484,1
77,2
3546,2
4676,0
6197,2
7253,1
6229,1
8348,1
8956,2
9794,1
7813,1
7268,3
1655,0
4605,1
4611,1
5342,3
1397,1
373,0
2368,2
3880,2
1327,1
7018,3
967,2
7291,1
9363,3
5045,3
7170,2
5644,2
8965,1
502,2
8388,2
3758,2
3187,2
8372,2
6861,2
4205,1
6043,3
2220,2
4208,1
6468,2
7015,2
4669,0
4578,2
8541,3
7883,1
8680,1
9388,2
1364,2
889,2
1864,2
1742,1
8893,2
4145,2
6602,1
8146,2
5241,1
6354,3
9901,1
6567,1
4549,3
3871,1
1718,3
465,1
414,0
5918,1
9818,1
9436,1
2024,2
1652,0
9260,2
5447,2
4099,2
6599,1
4873,2
1210,1
4164,2
5310,2
5280,2
8300,1
4063,2
2560,1
6142,1
2458,3
348,3
8824,2
3676,1
3084,1
8204,2
8562,0
3201,1
760,2
8057,2
5020,2
5291,2
4651,2
9958,2
8724,1
7870,3
5163,2
9487,2
7906,1
1297,1
5005,0
2056,3
122,1
9999,0
6153,3
7627,2
7812,1
8169,2
3598,2
7188,0
2301,2
4677,2
5198,1
2730,2
5736,2
164,2
2175,1
7053,1
789,3
4199,3
8438,2
1287,1
6605,2
3834,1
185,1
7047,1
1449,2
3658,3
6296,3
631,1
3932,3
1610,3
6027,1
6814,1
5616,1
4506,1
3256,0
4081,3
1291,2
7414,2
6444,3
3515,2
723,1
9552,2
7734,3
1237,1
2982,3
9461,2
226,1
6940,1
2901,0
1381,0
2525,1
3784,2
7221,1
54,2
7333,2
6008,2
8322,2
2204,3
9996,0
3985,2
7263,1
8208,1
2755,3
4655,2
777,2
7296,2
3626,0
4912,1
6989,2
2192,2
5658,1
3839,2
2829,1
3402,2
9460,2
1150,1
4379,1
4407,1
3308,2
3127,2
9798,1
3697,2
5018,1
6922,1
5211,2
5534,1
8721,3
4862,1
7299,0
529,3
9185,0
9934,3
2302,1
6294,1
2505,2
6868,0
2464,1
3348,0
7675,3
5969,2
2711,0
8165,2
605,1
8733,1
6656,2
3104,3
8788,2
2763,2
1768,2
7008,1
9290,1
7665,2
1377,1
3388,0
182,2
5274,2
1942,0
2450,3
3748,1
3507,1
3289,1
9519,1
5083,1
2210,2
6092,1
6450,2
9027,1
2733,2
3309,0
9562,1
1875,2
9558,2
8808,2
2736,3
9248,0
7496,2
2757,1
5468,3
3391,0
9736,2
4635,3
8700,2
2137,2
2004,0
279,1
7679,1
8202,2
2241,3
7046,0
7406,2
9221,3
2532,2
1597,1
7508,2
4442,3
6409,0
2623,1
3944,2
6241,2
5722,2
6109,2
5803,1
3747,2
8654,0
1706,2
4812,2
2006,1
8768,3
2083,3
293,1
4518,3
3134,1
6407,2
7023,2
9882,2
9160,1
8303,2
1733,2
2841,2
7294,2
8029,1
9929,1
2624,1
3359,2
2141,1
5801,1
4551,2
343,2
5627,1
4987,2
8468,0
712,2
1769,0
633,2
9101,1
9357,1
7381,3
262,2
1122,2
5247,2
6902,1
3627,3
7081,1
6222,0
1934,2
3793,1
7444,1
9345,2
929,3
2914,2
743,3
6920,1
5461,2
8339,0
5637,3
9983,2
3900,0
5262,2
4659,0
8598,1
4860,2
66,2
3383,2
2565,2
7457,1
3445,1
1312,2
8683,0
1924,1
2466,3
4321,0
4709,1
6850,1
618,1
9153,2
2270,1
7036,2
2938,2
5002,2
4279,3
352,1
8042,0
3490,1
4490,1
105,2
1262,1
476,2
4046,1
6339,2
9302,2
6785,3
7151,2
5378,1
56,3
9829,1
1529,1
5194,2
4028,3
3677,0
9497,1
6939,2
1197,2
4758,2
4971,0
3943,2
7581,2
2216,2
4536,2
6889,1
615,2
4025,2
3897,2
4229,2
200,2
4368,1
1223,2
5220,0
2385,2
6849,3
3644,2
1275,3
8225,0
660,1
5861,2
7647,0
3147,0
7364,1
4620,0
4394,1
5632,2
8801,0
1822,3
8444,2
3164,3
8314,3
8448,2
8095,1
4221,1
2616,1
2282,2
412,1
351,2
9978,2
593,0
3539,0
2827,3
431,0
7403,2
1622,1
109,3
5938,1
7169,2
480,2
8744,2
7880,0
922,1
7024,1
3797,1
9315,2
9668,1
4606,2
907,1
9032,2
8966,2
3056,1
5823,2
2124,3
3162,1
99,1
9108,2
8564,1
3258,1
7205,2
8730,1
7806,1
1358,3
175,2
5497,0
7285,1
1656,0
747,0
2950,2
3242,1
5624,2
1005,2
4053,2
3458,1
5459,1
6559,2
5081,3
1803,2
790,2
4921,1
6237,2
3578,2
7737,1
6582,2
4733,2
6872,2
7568,1
3089,1
9065,1
7228,1
8967,2
600,1
2442,3
3448,0
6917,3
6417,2
6202,2
5600,2
5620,3
6467,1
2686,1
1321,1
6671,1
4721,3
7345,0
5749,1
5678,2
3264,3
2121,1
8235,2
5387,2
3675,2
6395,2
8244,2
8552,1
1147,1
4116,2
5281,1
3928,2
4976,1
9984,1
3858,2
3575,3
5858,2
3304,3
1331,3
2211,3
1143,1
4415,3
4371,2
2412,2
4582,0
349,2
8425,1
1395,1
4114,3
9823,2
8676,1
8681,2
8197,3
2672,0
817,1
2447,3
7455,1
4117,1
8258,1
7246,2
4898,2
141,2
9379,3
910,1
9729,1
7801,2
3327,1
2345,0
6353,2
7510,1
9495,3
5517,1
5072,0
8526,2
1505,1
9349,1
7145,2
6908,1
8420,2
432,2
5561,1
2298,1
7079,1
7775,0
5416,2
1576,2
2976,0
1002,1
610,3
6912,1
9275,2
7836,2
2284,1
4749,3
2597,1
4458,0
3796,1
1450,2
1405,1
2381,2
9568,1
506,2
5983,1
1559,3
2228,1
9922,2
6205,1
1967,2
9178,2
9925,1
2469,2
9189,3
6587,1
1774,3
2659,1
5016,0
1086,2
435,1
489,2
1628,1
7491,1
8211,2
1307,3
1399,1
1687,2
45,2
4509,3
9309,1
7379,2
4494,2
8352,3
8859,1
106,1
3673,2
6079,1
2646,1
382,2
7804,1
4244,2
6413,3
5039,2
3081,3
519,1
532,1
5931,2
3368,2
4298,1
2867,2
8184,2
1971,0
8891,0
8616,1
1416,2
1906,0
3231,0
2679,2
2568,1
2972,2
5388,2
765,2
6779,2
7653,2
1898,2
9603,0
4148,1
6913,1
9783,1
4772,2
8117,2
681,1
6480,1
9993,2
8643,2
3560,2
707,0
7566,1
2022,1
9652,2
7272,3
7101,2
1847,1
8993,1
4684,1
5746,1
1170,1
1817,2
6286,2
5844,3
7182,1
2845,2
1330,1
388,2
2919,2
9838,2
1228,0
9865,1
8902,2
2727,2
7593,1
5988,1
739,0
258,1
5837,2
5428,1
1514,1
2547,2
4300,0
7256,3
6557,2
914,1
5951,1
6999,2
7132,3
7004,0
7212,1
8957,3
9265,1
2695,1
9128,2
3547,1
729,1
2741,1
3811,2
2797,0
3817,2
7359,2
4255,3
8508,1
1365,2
630,2
8341,2
5492,2
8863,2
3741,2
3610,1
1415,1
9139,2
1241,1
1763,2
3259,1
6533,2
8411,2
1925,2
9634,2
5359,2
6383,1
2242,2
3532,1
9725,2
4672,3
6415,1
5074,2
7026,0
3204,1
5456,1
4495,1
8766,0
4083,1
6310,3
1604,2
5482,1
5512,2
6161,2
5451,2
6760,1
2591,2
1694,1
3851,1
1472,2
653,2
8422,2
2564,1
3643,1
2101,1
3196,1
3221,2
3602,1
4704,0
8589,2
5030,1
6601,2
9728,2
8870,1
5715,2
8962,1
8431,3
2552,2
2157,2
9720,2
1589,2
6583,1
9763,2
5821,2
4828,1
570,1
2634,2
317,2
6186,2
6052,2
3303,2
2217,2
7473,1
5157,1
9531,3
9940,2
3959,2
8126,1
963,3
4595,0
5010,2
364,2
3087,2
1017,0
2981,1
9638,0
2398,1
1691,2
9510,1
4722,2
2057,1
3432,3
8618,1
6775,3
1154,2
6969,1
7121,1
2488,2
4995,2
526,2
1117,2
426,1
4297,2
3812,3
6880,2
6959,1
6216,0
3542,3
7842,3
5973,1
3638,3
9780,0
4840,2
1996,1
8228,2
4177,1
2888,1
7595,1
3416,2
8412,0
3390,1
6701,1
4646,2
2869,1
6961,1
785,2
5304,0
6477,2
6233,3
6399,2
406,2
8295,1
6379,1
7465,2
8540,2
2422,1
7985,1
917,2
61,3
5420,2
8588,1
7469,1
41,3
1849,2
3914,2
2478,2
1060,2
7758,2
791,3
2644,3
8343,2
7490,2
1511,1
6038,1
1526,0
1997,0
2640,1
8693,2
2218,1
7097,0
9554,3
3613,1
9017,3
5080,2
3121,2
7210,2
255,0
8611,1
3789,0
2109,1
250,1
421,2
2857,1
199,0
6753,1
9204,0
1375,0
4988,2
5524,2
5585,1
8619,1
8203,1
8286,2
7630,2
2038,1
3778,2
3709,1
9026,1
3159,1
3679,2
94,1
8307,1
845,1
3251,2
2480,1
6672,0
8960,2
4209,2
191,2
1521,2
3725,0
3614,2
254,1
1858,2
4530,2
774,1
2187,0
6056,2
873,1
1629,1
1148,1
2970,1
7729,2
3222,1
5960,1
3628,1
3973,2
1753,2
2071,1
206,0
721,1
3570,2
1823,0
9353,2
2991,1
5865,2
4847,2
1940,2
5775,1
477,3
1750,1
1623,2
7780,3
7774,3
752,1
5059,0
1300,0
6882,1
3014,3
449,1
9998,1
6297,2
1787,3
8179,2
9378,1
1255,2
9731,2
3929,2
8472,1
9472,1
2943,1
742,1
7460,3
7504,1
4800,3
6394,2
6759,3
9354,2
3005,1
5669,1
2854,0
5800,1
943,3
6960,2
8633,1
4600,2
5162,1
5516,3
1946,2
3311,2
9406,1
5448,1
6169,1
264,1
4431,2
8130,1
9733,1
4487,3
9626,1
2613,1
6447,1
7071,1
4027,2
7281,1
2098,2
3185,2
9866,1
1872,2
7563,1
1989,2
7458,1
3561,1
6588,2
694,3
8089,1
1709,0
8663,2
1976,2
5206,0
1094,1
9156,1
6702,2
1084,0
8357,2
9280,2
3792,1
4932,2
7530,2
9146,2
2787,2
8612,2
903,2
9068,1
6957,2
8929,1
851,3
4077,3
9985,1
4112,1
6848,3
1509,2
9457,3
7822,3
5014,2
1336,2
7890,3
7117,1
9921,2
8479,0
771,2
3469,3
3734,2
5649,0
3319,0
9205,2
8641,2
3920,0
7800,2
591,1
4857,2
9667,1
540,1
745,3
4804,0
3387,2
2700,2
8884,2
5170,1
2866,2
1028,2
6717,2
5445,2
876,2
9965,3
1550,1
7562,2
1404,1
3128,2
1348,3
6463,2
2818,3
2570,1
1414,3
3097,3
5424,1
7713,1
5125,1
16,1
4943,2
4934,1
2072,2
9088,2
9685,1
2189,2
751,1
6911,1
5696,1
3002,2
9526,1
8494,1
825,1
8828,3
5145,1
8505,2
5210,1
9503,3
1778,1
8713,0
9560,1
2357,1
1499,0
580,2
2263,1
3843,2
9570,3
5454,2
9021,0
3637,0
9240,1
6095,1
3114,2
5586,1
9833,2
7638,3
3705,2
4539,2
5196,3
1320,1
3022,3
2870,2
7251,2
9790,1
366,2
9824,3
3654,2
5717,2
5167,3
7000,0
7346,1
9438,0
7913,1
5138,0
9450,2
4890,2
1302,1
9288,2
9425,1
8252,1
678,1
8970,2
8061,1
804,1
6797,1
1819,1
5697,0
693,1
1271,2
7426,0
1422,1
6627,1
8814,0
3386,1
8157,1
1524,2
2904,1
2265,3
2258,2
4309,2
1653,1
4806,2
705,2
686,2
4316,2
9995,2
2554,1
1193,2
8282,2
8122,2
363,2
611,1
1680,2
9031,2
9846,1
9773,1
2744,1
121,0
4528,0
1784,2
8634,2
6875,0
4945,0
1282,2
7358,1
834,1
8655,1
4468,2
6591,1
3712,1
7416,1
7033,3
8990,2
8439,1
522,3
589,2
4154,1
5567,0
2774,1
3681,3
2415,1
4211,2
8032,0
1019,3
4723,2
8087,1
2399,0
1584,0
4475,1
2060,1
9609,1
9518,1
6803,2
2606,2
8580,1
6337,2
1871,1
2772,2
7239,2
8931,0
8063,2
7181,2
9097,2
643,1
8745,1
7796,2
711,2
2371,2
9556,3
9023,1
2514,3
7439,1
803,3
1442,3
2790,2
2987,2
3202,3
5912,2
1874,2
6995,2
1402,2
380,2
4392,2
7872,1
9659,2
5141,1
3141,2
5222,3
8590,1
111,3
5221,2
7748,1
8078,1
544,1
4851,3
6944,1
1761,1
305,1
9781,3
2534,2
2183,2
8473,1
5057,2
8689,2
1220,1
7287,1
1181,2
1090,1
5258,2
8194,3
6611,1
9188,3
9937,1
2201,2
9228,2
8782,1
9488,1
1034,2
208,1
7123,3
9719,2
9514,2
7014,2
6698,0
2896,2
35,3
7222,1
7519,2
2563,1
4949,0
2103,3
4750,2
2673,2
4660,2
547,1
7582,2
8238,1
6953,2
3279,2
5943,1
7065,2
9836,2
6166,1
3726,3
297,1
4693,1
1453,2
369,1
3459,1
5224,3
1933,1
9249,2
5056,1
8785,0
1577,1
7886,1
131,2
5397,1
452,1
1408,2
7759,2
8441,1
4778,2
7200,2
9612,0
6986,2
4338,2
9700,2
8056,2
514,0
2249,3
280,3
233,0
5096,1
5753,1
9873,2
6336,2
5893,0
4830,2
5683,0
1380,3
2601,1
4796,2
6378,1
3861,3
9674,2
2989,2
1605,0
3558,2
8662,1
2061,2
8332,2
7688,1
5383,3
3683,2
2858,2
6260,1
3371,2
2233,0
6050,1
1232,1
1370,2
1583,0
4058,2
9955,1
6616,2
9538,1
525,2
4173,1
4956,1
5139,2
209,1
4718,1
1667,2
9067,3
3039,2
7307,1
3890,1
2136,2
4325,1
9772,2
9669,2
6217,0
819,2
5256,3
5264,2
5197,1
4369,1
328,2
3818,1
1092,2
3394,1
9471,0
4001,2
9636,2
86,2
2428,2
9389,2
5069,2
8523,1
2080,1
9164,1
982,1
2104,1
8876,3
1040,3
9340,1
9006,1
9762,2
1815,2
6683,1
8292,2
6145,0
6427,1
6894,3
3751,2
2093,2
3952,2
9298,3
4590,3
4702,2
6946,2
4271,2
3406,1
2283,2
5115,0
7792,0
1231,2
5859,3
5777,2
7641,1
2361,2
7159,1
2840,1
3963,2
156,2
8997,1
649,2
5305,1
8147,0
6047,1
974,2
3591,1
513,1
389,3
1306,2
5121,2
425,2
7738,1
14,2
6418,2
5024,2
1273,1
5379,3
1585,1
2807,3
7993,1
7423,0
2092,1
7973,2
7179,2
2338,2
5741,0
8137,0
8480,1
1861,0
2333,2
2129,1
2152,1
7384,1
6537,1
4786,1
9875,0
6430,1
8527,2
4727,2
310,2
0,3
155,2
8629,2
2134,2
6275,0
4467,1
7968,1
2655,2
634,1
4715,0
7077,1
8471,1
1459,2
5606,2
8738,1
7488,1
8050,1
9856,1
2116,0
3936,1
6921,1
833,1
7041,2
3001,1
404,1
1311,1
7155,2
9662,1
9657,2
2177,1
3140,1
8759,3
3102,2
9673,2
9120,3
163,1
1368,2
900,1
9932,0
3450,2
7309,3
991,2
3268,1
3299,2
1921,2
667,1
7244,1
4111,1
322,1
5176,2
2862,2
7866,0
7743,1
691,1
6607,3
4771,2
4034,2
8469,2
5879,2
4644,0
5092,1
5997,3
3668,1
6864,1
7027,3
9915,3
9223,2
4940,1
8376,1
8537,0
1298,3
7427,2
6289,2
5417,2
3025,1
5208,1
3906,0
8015,1
9043,2
9960,3
4880,2
2737,1
202,3
2235,1
6193,1
8639,1
6993,1
4239,2
4968,2
3083,3
4250,3
3132,1
8752,1
3059,2
7019,2
9507,2
689,0
3461,3
4784,0
6903,2
7770,1
7609,2
4831,2
6506,3
4452,1
2631,1
9126,2
9125,1
6313,0
1036,3
7343,0
8230,1
3447,3
7348,1
1165,3
2111,2
9,1
6078,2
1191,2
3361,3
3173,0
9869,1
1792,3
9493,1
7849,2
2509,1
1938,0
7059,3
7939,1
1491,3
1644,0
7087,3
7399,1
4304,2
2215,2
6068,2
5365,2
3713,2
8482,2
8495,2
3660,1
7851,0
9947,2
3604,1
7942,1
7783,1
6699,2
3986,0
9859,2
7995,1
8429,3
3487,1
2433,1
9380,1
5573,2
1079,1
2222,2
4899,0
3814,2
2128,2
5405,1
8492,2
2324,1
7464,1
4254,0
7557,1
8806,2
8657,2
5691,1
4128,2
6746,1
9410,0
1922,2
1552,3
4213,1
6783,1
2329,1
1961,2
3606,2
7575,0
699,2
3672,3
4362,0
6514,1
313,3
6442,3
4823,0
884,1
4870,2
9776,2
6121,1
2781,2
5569,2
5708,3
1396,2
212,3
6110,1
5688,1
5553,3
3888,1
4626,2
6857,0
7338,2
3887,2
1891,1
6642,0
586,2
7049,2
6735,3
3639,2
2766,2
7120,1
3489,1
727,1
7233,1
7561,2
2728,1
1270,2
1625,0
8005,2
2275,3
9463,1
1391,2
4224,1
5765,0
4460,0
3031,1
5414,2
7315,1
3273,1
538,1
6754,1
5361,3
5250,1
6948,1
9924,2
703,2
1427,2
8082,1
4243,1
2610,2
4601,0
5506,1
430,2
946,1
81,3
6558,2
3976,3
9016,1
7404,2
8640,1
8853,1
1337,2
2948,2
6721,1
6761,2
6067,2
3608,2
7704,2
3067,2
422,1
9832,1
3068,2
7068,2
9935,3
2802,0
562,1
4762,1
642,1
9458,2
4483,2
9005,3
3182,2
7558,2
5850,0
3026,2
4438,1
4219,1
9976,3
2864,1
3346,2
896,1
2425,3
1892,1
3647,1
1668,2
7781,1
937,2
9359,1
9964,1
7610,2
9811,3
8188,1
8290,1
4324,2
8036,2
3981,1
9987,0
7726,1
9123,1
5763,2
1322,0
3786,1
620,2
9820,2
6176,2
5001,1
9311,3
7135,1
4616,3
143,2
7341,1
3425,1
82,0
9081,2
80,1
823,2
9607,1
4504,3
6790,3
3342,2
4024,0
5654,3
8060,2
7131,1
6838,0
5199,1
4184,0
6219,1
4334,1
3198,1
2468,1
3226,1
8935,1
5563,2
7298,3
1160,0
6522,1
9687,1
8795,3
9358,2
8229,0
2701,2
8104,2
1192,3
1698,1
6312,2
207,1
1838,0
2571,3
932,2
829,2
7957,3
3977,1
8076,1
6255,1
46,2
2259,1
7717,1
5207,3
5128,0
7380,2
57,3
7864,2
6523,2
9134,1
3988,0
735,2
1674,0
7001,1
2689,2
1982,0
7214,3
2831,0
6757,1
450,0
6239,2
7104,1
6213,0
7844,2
8288,1
3270,0
1188,3
6764,2
7116,1
3431,2
1542,3
6146,2
5526,2
5890,2
9341,0
4118,2
2054,2
181,2
5937,2
5318,1
1888,1
4967,2
2792,2
4979,1
5967,2
8275,1
2898,2
9542,1
2370,2
8093,3
8885,2
1035,1
227,2
1180,2
1773,3
6019,2
174,1
7038,1
8883,2
6870,3
8435,1
6578,1
4491,1
9029,1
5811,1
6646,0
821,0
9741,2
2545,1
1890,1
3009,3
5605,2
6124,0
4865,3
7267,2
4426,1
4366,2
204,2
6515,0
2665,3
1145,2
1862,2
9505,2
6745,2
2107,2
2499,2
2170,1
1896,2
8394,0
6658,3
6841,2
405,3
3617,3
1093,1
4071,0
3949,1
4054,2
3316,2
7583,0
1158,1
921,1
8702,1
8392,2
8336,2
8837,1
487,3
4007,1
350,0
475,1
7261,2
2804,2
2929,2
6134,0
871,1
3895,2
3723,2
945,3
7339,2
5916,3
7626,3
6396,1
7304,1
9496,0
8456,2
5537,1
8476,3
1261,2
3633,2
9605,2
4422,1
4631,3
4777,1
520,1
9561,0
3954,0
5587,1
5660,1
1403,2
2596,2
4457,1
1734,2
4782,2
1219,1
1332,1
383,1
5054,1
5866,1
8530,2
9384,1
5662,1
7661,0
2502,2
9250,3
222,1
7513,1
5780,1
8025,1
403,2
2843,2
6266,1
3631,1
6485,3
2780,1
2019,1
6198,0
7417,2
5192,2
6288,1
8959,2
9730,1
3825,0
746,1
2487,1
8664,1
23,1
5437,1
8362,2
2358,1
5511,0
5297,2
5862,1
1030,2
1393,3
3601,3
6303,3
3189,2
1554,2
2467,1
2937,1
3868,3
9453,1
7342,0
7335,0
5129,2
1209,2
3940,1
8555,2
6598,3
9437,1
9702,3
9740,1
9746,3
2902,0
8092,2
5781,2
8335,2
1777,2
8546,2
3810,2
9113,2
9534,3
9601,0
9883,0
3254,0
8896,2
9547,0
1643,1
786,2
1673,1
1751,2
874,2
5465,1
3177,1
2848,1
1764,2
6874,2
7025,2
7923,2
7721,1
9596,0
8998,2
8164,3
1458,1
316,0
9701,2
5515,3
9968,2
9797,1
6534,2
4352,1
6412,1
1351,2
1308,1
5181,2
4185,1
5443,0
1177,2
7528,3
9747,3
8384,2
6663,1
9475,1
5147,3
3471,2
5812,3
5655,2
1538,1
5110,1
2253,1
6527,1
2149,1
7484,1
2882,1
58,1
4395,1
4948,2
1316,1
545,2
7820,1
7914,2
6852,2
4604,2
8327,3
8405,1
770,1
9313,1
4532,2
2911,2
9516,2
2181,3
6195,2
9479,2
5686,3
5970,2
7930,2
292,2
7706,1
7907,2
7909,2
6437,1
7088,2
9259,2
232,3
7541,0
5009,3
5798,0
1448,0
4540,0
7084,1
7461,2
4815,1
2454,2
9694,2
3808,2
4836,2
9887,3
987,0
1420,2
1001,1
1372,2
9415,0
3337,3
9949,3
4683,1
8987,2
1042,2
4308,2
3439,3
5035,1
3069,1
3160,3
5409,2
7286,2
3325,2
5670,3
7390,2
3101,2
8881,3
6893,3
792,1
8250,1
7779,3
9362,2
6615,3
6364,2
8731,1
8402,1
955,1
3728,2
6302,1
992,2
3211,1
304,1
2003,2
4096,1
6017,0
6074,1
2144,3
7108,1
6792,2
9159,3
9252,2
362,3
2543,2
8701,1
354,1
5774,1
8671,1
1061,1
5752,2
3350,3
7013,2
5434,1
260,1
1547,2
9057,2
3345,2
3194,3
3555,1
4144,1
1856,1
9368,1
8449,1
6345,2
4993,0
6076,2
1361,2
3476,2
3098,1
8560,1
5701,3
7938,2
7340,1
6343,3
6998,1
7902,1
9308,2
7040,1
2365,2
2203,0
1326,2
5257,2
9089,1
3732,0
4068,3
7355,1
7184,1
4204,0
3233,1
8367,2
6987,2
9515,1
2760,1
7981,2
8703,0
9517,1
936,3
6262,2
8151,1
6431,2
5584,2
5904,1
2110,1
7554,2
7932,2
3466,2
5442,3
798,1
8055,1
5595,2
2507,1
5618,1
2023,1
7933,2
2523,3
7334,0
3064,0
5899,1
2289,2
671,2
1720,1
290,1
2086,2
3956,2
8932,1
616,0
4039,1
3192,2
2479,1
6371,2
7805,1
1708,1
2897,2
1796,1
7419,3
6059,1
3657,3
5677,0
9402,1
7617,2
6362,2
4903,1
9048,2
1692,1
5077,1
9904,1
2179,1
6560,2
9834,1
7103,2
8464,2
9171,2
5645,2
7280,1
5928,1
6659,2
3007,2
6033,0
7509,2
7357,3
3966,3
1663,0
9536,0
6279,3
4591,0
9660,0
1956,0
4270,3
9149,1
8973,3
6517,2
8426,1
6057,2
3859,2
4465,1
2868,3
9886,1
4951,1
1532,1
7555,1
4728,1
3768,3
4284,1
1513,1
5227,3
3,1
33,0
7746,1
807,2
7331,1
2321,1
7577,3
3444,1
4092,1
3070,0
868,1
3249,2
1884,2
5345,1
9931,3
3122,1
1903,3
1977,2
7316,3
1953,2
4095,2
160,2
9190,2
6200,2
9611,2
6062,1
4740,2
2432,2
4521,0
1246,1
9326,2
3771,1
6855,2
676,1
6877,3
7393,2
2999,1
6667,2
4496,1
7252,0
9767,2
6191,2
8421,2
7284,2
8445,1
4614,1
3615,2
1221,1
4222,1
9216,3
5816,1
4902,2
8222,3
1456,1
400,0
5621,3
1596,3
9545,1
1183,1
9637,1
8413,3
3413,1
700,1
3536,1
857,0
9853,2
5011,2
6739,1
2800,1
6224,0
8939,1
9071,2
2457,1
3594,2
6247,2
3636,0
5203,2
6171,2
9600,0
4908,1
6929,1
6510,3
3775,3
6543,2
7921,2
4409,3
1482,3
2619,3
8647,1
3870,2
4874,1
4547,2
9370,1
2638,2
1136,1
7966,1
5324,1
9862,1
1908,3
8219,3
9141,1
192,2
2611,3
5797,2
3620,2
2273,0
7386,2
5453,2
2604,0
9397,3
8510,2
9109,2
6661,3
7353,2
3360,3
8240,2
5847,1
1969,1
1975,2
252,2
2751,2
8265,2
2651,1
153,3
8606,3
4958,3
8105,0
482,1
1468,1
9941,3
2266,2
5508,2
3850,1
4697,0
1053,1
7915,1
5714,3
8637,3
6682,1
3244,2
5333,1
413,2
2068,3
9151,1
5283,0
9916,1
6971,0
6622,1
5373,1
1987,1
7201,2
7983,2
5087,2
5558,2
767,1
5285,3
4541,1
4421,1
8121,1
8665,2
7901,1
1561,1
3517,1
9566,0
5051,2
5343,3
2706,1
5358,0
3704,2
4376,2
5692,1
8709,1
5398,2
603,3
9826,1
6048,2
2239,1
4433,2
2524,1
2986,0
7388,3
9391,2
1716,3
6568,2
1091,2
8685,1
2460,3
7875,2
688,1
9739,1
7109,0
814,2
3765,2
8058,2
3382,1
5236,1
9879,1
1746,2
2588,1
9004,1
7709,3
9738,1
5596,1
5483,1
6687,0
3716,2
4798,2
898,2
3551,0
4056,2
6541,0
1018,1
6141,2
5022,1
3785,1
820,1
8486,1
3329,3
4135,2
4201,2
1379,1
1841,2
9778,1
7308,1
894,3
2240,1
1085,1
3557,3
9857,2
4584,1
1222,2
8922,2
2065,1
2404,2
664,1
548,1
9654,1
5153,3
5363,1
6380,0
6381,3
2326,1
9263,1
220,0
9147,1
9633,2
4432,2
558,1
6919,1
8822,2
5513,1
8315,1
2605,1
3506,2
9893,2
2053,3
7732,1
632,3
223,0
9525,1
9112,1
8333,1
715,1
5309,0
4952,1
1480,1
6729,1
701,3
4566,1
440,2
263,1
2050,1
849,1
8799,1
6335,1
8414,2
7337,2
5481,3
9610,3
755,2
4346,1
5565,2
4525,3
5104,0
396,1
2477,1
7742,2
3354,2
8609,0
6032,2
2400,1
2207,2
1886,1
6063,2
1507,1
9582,2
461,2
8567,3
4061,2
3138,3
958,2
9079,1
5136,1
8743,1
9520,2
1723,1
3328,3
6072,2
5914,3
935,0
3619,0
8946,0
6666,2
6554,2
4609,1
763,2
7045,2
8816,1
2519,2
7187,2
103,2
6513,1
4936,3
6801,2
2264,0
5942,2
3357,0
9014,3
259,1
4577,2
9595,1
4450,2
334,2
6507,1
3947,1
6823,2
5822,2
6595,2
6617,2
1712,1
2501,3
7313,2
2341,2
8999,2
9491,2
8488,1
8879,3
6126,2
665,1
4354,2
76,1
2834,2
9304,2
659,3
4386,2
3483,1
3197,2
4962,2
6160,1
1771,3
5185,3
1495,3
5491,1
9020,2
5711,2
8646,2
4738,2
6579,2
374,2
2392,1
3572,0
6907,3
4524,2
9979,1
9640,2
670,2
4923,2
4333,3
8077,3
6795,1
1167,1
7162,2
7878,1
69,2
72,2
2075,0
6639,0
3501,2
3992,1
2011,3
9708,2
2106,1
1985,2
2891,2
6767,3
5356,2
9037,2
5919,2
3798,2
2497,1
7635,3
6178,2
3718,1
4534,0
6723,2
6713,1
4102,2
7592,1
4802,0
4680,2
5694,2
4176,2
4977,3
518,0
4942,2
2451,3
7424,2
4508,2
7002,0
2921,1
4241,2
4957,2
1843,1
8400,1
1905,1
5680,3
3823,1
541,2
3735,2
6333,1
3491,3
9580,2
6029,3
6158,1
3436,1
3336,1
4794,2
1845,2
8502,2
2161,3
8718,1
3754,3
3409,1
5566,2
2720,1
9110,2
2012,3
8579,2
9839,1
1,0
3238,2
7429,1
451,0
7622,1
6566,1
6539,1
9754,1
8690,1
1317,2
8008,1
6175,1
650,2
1299,2
4180,2
408,1
1916,1
4845,3
5796,2
2823,1
4306,2
1816,0
8001,3
3569,2
8234,2
8440,3
5729,3
2675,3
3872,1
636,2
6634,0
7260,3
6102,2
3245,0
9920,2
7668,2
4505,2
4510,0
9427,0
2660,1
5562,0
7012,3
832,2
5896,0
2191,1
4760,1
7407,1
2819,1
7396,2
5594,1
5339,3
168,1
1502,1
6182,1
5112,3
2973,2
7410,0
230,3
289,3
6423,3
2079,2
3392,1
3795,2
1166,2
104,2
6501,1
402,3
9650,2
9046,3
1280,1
612,1
656,2
4497,3
4999,2
3086,1
2274,1
1531,2
7119,3
5996,0
3543,0
6071,1
1024,3
890,1
3876,0
303,1
4012,2
4411,2
1057,1
2150,1
9064,2
8409,2
8358,2
9314,1
5900,1
3250,1
6003,2
7370,2
37,1
2285,1
7136,3
7620,1
2090,2
7385,2
6748,1
7586,2
9019,1
828,1
9686,2
1619,2
2413,1
2409,3
6934,1
9512,2
4359,1
4010,1
128,2
2503,2
1702,2
7372,1
9664,3
9529,3
434,1
6073,1
2252,1
4000,1
2306,2
9623,2
3781,2
9045,1
266,2
1011,1
2352,1
588,1
7613,2
4050,0
7172,1
2416,2
1156,3
4454,2
2782,2
5668,3
3918,2
4596,1
6486,1
969,3
2292,2
5940,2
6742,2
1211,1
744,2
7440,0
4351,1
5871,3
2712,1
4430,2
4698,0
286,1
654,0
4143,2
3523,1
3708,1
1825,2
6012,1
7174,2
1681,1
7320,1
83,2
7944,0
8736,0
2825,3
2386,0
2148,1
9347,2
3144,1
3302,2
5570,3
5924,1
7570,1
91,2
7154,1
2654,1
1715,1
8594,1
9040,1
5766,0
3094,2
9303,1
3171,0
3378,0
8992,2
9579,2
2879,1
505,1
101,2
2889,1
5867,1
4575,0
1227,1
7947,2
6777,0
214,0
1392,1
5503,2
4602,1
7375,0
8232,2
3962,1
1263,3
3335,2
7722,1
9467,2
6040,2
124,2
9539,2
9050,0
8028,2
565,3
1129,2
8613,1
78,2
9175,1
4691,1
4774,1
8350,2
8692,0
8023,2
4982,3
7772,0
2517,2
8224,0
3609,1
4363,1
4389,1
7838,1
3923,3
1389,1
1519,2
7824,1
5815,2
4552,2
1235,1
6049,2
9350,1
3465,3
1994,0
4998,2
3588,1
8773,2
8769,1
4329,2
7374,0
8277,3
5636,1
3167,1
5744,2
314,2
6253,0
7832,2
22,1
8437,2
4507,0
8108,2
3240,2
4127,3
4793,3
2243,2
9274,2
2771,3
3573,0
5335,3
8770,1
10,0
5161,2
8387,1
5868,1
3893,1
4795,1
5268,1
1545,2
8854,1
4941,1
2308,2
3527,1
8867,2
5761,2
6446,2
8760,0
602,1
5984,2
9069,1
3468,2
8083,2
5772,3
8360,2
8245,3
8416,1
3176,2
2707,1
3919,3
4472,2
7650,2
3331,3
5552,2
5949,2
7723,1
5773,2
1385,1
436,1
988,2
8034,0
4406,2
6208,3
9594,2
47,2
6737,1
7736,1
4610,1
8239,2
5088,1
8506,2
6058,2
6916,2
1648,1
7534,2
224,3
3294,2
757,0
3037,2
2690,1
219,1
5864,3
1743,0
7874,3
1919,3
9682,0
7262,0
6891,1
4212,2
5418,3
8182,2
1444,2
6865,1
3072,1
9072,1
3623,1
2573,2
4763,2
7903,3
1452,2
1543,1
6791,1
8525,2
822,1
3169,1
210,1
6712,1
7051,2
4837,1
73,1
8762,2
8894,1
6844,2
5193,0
5760,1
4103,1
2540,1
568,0
6871,2
150,2
7171,2
1440,3
5635,2
3475,2
3576,0
5219,1
3990,1
7176,1
6577,1
9775,0
9723,1
9923,3
6457,2
504,1
7016,2
5684,3
516,3
977,2
2908,2
7254,1
5097,1
9908,0
973,1
2967,1
4887,1
3092,2
1503,2
3820,2
4686,2
8217,2
198,2
2293,3
6846,2
6799,1
9903,2
993,0
7247,1
6854,1
9329,2
5929,0
2200,2
5396,2
1266,1
9158,3
7447,1
8725,2
1334,3
3537,1
7643,2
5464,1
2995,0
8861,1
1065,1
2180,3
7192,3
8989,2
6245,2
4783,3
6815,1
6010,2
3334,2
6675,2
2384,2
8446,1
3237,2
826,1
7787,1
1510,1
3145,3
3050,0
2946,2
9054,2
9103,3
9946,1
6082,3
6975,1
8906,1
574,0
800,1
655,1
3865,1
2747,2
3085,0
8487,1
8033,2
6139,1
815,2
2229,3
8049,3
9179,1
4166,1
5473,2
5695,2
8577,2
6574,3
5716,2
2362,1
17,2
7114,1
9332,1
448,2
6035,2
7452,2
9447,1
6326,2
6093,1
8625,0
4759,1
3235,2
2511,1
7707,1
5502,1
7677,2
6996,3
7747,3
4811,1
9392,1
7146,1
2861,1
1281,2
7548,1
3635,2
9333,1
4223,2
1488,2
2435,2
2066,3
8153,1
9663,1
6686,2
2954,1
870,1
2377,1
5687,0
7137,2
1175,1
9212,2
6762,2
126,2
4779,3
2198,2
2884,2
719,1
9768,2
2330,2
3665,1
1000,1
1256,1
2890,0
8167,2
3477,1
6173,0
9891,1
3464,1
9095,2
8081,2
3984,1
8135,2
3352,1
3516,2
3816,1
9713,0
4544,2
4375,3
2676,3
9969,3
6719,0
7686,1
9703,2
9321,2
2669,2
7978,2
9986,2
4529,3
7795,2
6624,1
8774,3
578,2
9756,0
9567,1
990,3
1765,2
5068,3
8749,1
9988,3
161,2
5201,1
2718,1
1714,0
6199,3
472,1
4563,1
2670,2
7377,0
9127,2
4556,1
3524,2
6571,1
6649,3
6118,0
1269,1
7164,1
657,3
897,2
1572,1
7624,2
251,2
6254,1
7441,1
2421,3
9324,1
1309,3
2504,2
6459,0
3948,3
909,2
8571,2
9589,1
8607,1
6827,2
7190,1
4947,3
9130,2
5149,2
4489,0
5510,1
6589,2
3630,2
8803,3
2174,2
7475,2
6688,2
3833,2
7819,2
4040,1
4440,1
4287,2
9033,1
3714,1
1063,1
1548,2
2437,2
4808,1
7021,1
2209,1
9801,2
1518,0
8845,1
3931,3
6325,0
7619,0
2955,0
4453,2
8535,3
7893,2
1067,2
5432,1
5648,2
9107,2
1139,1
8465,2
8274,2
6112,2
1010,1
1685,2
3826,2
975,2
1944,1
9982,0
240,2
8600,2
8289,3
2752,3
3624,2
6925,3
3805,2
4707,1
3183,1
9222,1
5725,2
3510,1
2641,1
4969,2
948,1
5015,2
2474,2
3927,3
6677,2
8954,1
4471,1
8091,1
2909,0
5218,1
1756,3
7694,2
295,1
7472,1
9234,0
7129,0
2754,3
8980,1
5187,1
100,2
137,2
1535,2
1679,2
5520,3
503,2
2411,1
1073,3
9927,1
6309,2
9421,2
5728,2
2388,1
6387,2
5947,2
261,3
5726,1
4259,0
8207,1
4437,3
6626,1
1885,1
7094,1
3997,2
6000,1
344,2
8268,1
6696,2
3513,2
4581,2
5239,2
1141,1
1434,2
8071,2
5638,2
891,0
7462,1
1804,3
944,0
9619,2
730,3
4714,3
5764,1
5106,0
4191,3
8434,2
1267,0
1749,2
4597,2
4198,1
7823,1
8909,2
1205,1
5251,2
2049,2
3314,2
3978,3
3321,3
5306,1
8162,3
5724,0
5108,2
6044,2
1325,2
9219,2
738,2
272,1
9671,1
7750,2
9501,1
347,2
1947,0
5350,1
3611,2
5923,1
2300,3
1986,3
8129,3
5479,1
720,3
2900,1
7941,3
4716,2
4115,2
6242,2
6143,0
7802,3
186,2
3369,0
6314,3
885,2
5093,0
1941,3
8241,1
8842,1
6644,1
901,2
4498,2
9614,2
4160,2
4029,3
7631,1
913,1
7540,3
4130,3
887,1
7531,2
7486,3
9018,2
7710,0
9769,2
9585,2
7325,2
3913,2
3835,0
9813,2
3200,1
7550,0
1492,2
419,0
1360,2
7373,2
9465,3
8963,0
3372,2
8325,2
1508,2
7376,0
4228,3
5887,2
6885,3
3819,1
5186,2
3618,0
3750,0
1070,1
2359,0
2453,3
8320,1
3559,0
6728,2
964,0
7369,3
2742,1
1481,2
2186,1
6135,2
2708,1
9432,2
2512,1
9951,0
7591,1
9209,2
517,1
7503,2
4523,2
4593,2
1173,2
4015,1
7798,2
4858,1
8604,2
6022,2
959,3
2481,2
3190,3
4630,1
6590,2
7674,0
197,0
8620,1
2363,2
5833,1
4341,3
9841,2
7516,2
838,3
3530,1
3592,2
4113,1
1868,2
4514,3
5804,3
9312,2
4826,2
3937,1
3047,1
5723,1
95,0
9750,0
5058,0
6268,1
8109,1
8688,3
4435,3
6372,3
7163,2
1665,2
9285,1
797,3
5514,2
7507,2
3852,3
3146,2
1615,1
7259,1
3930,1
5667,0
3113,2
3295,0
8591,1
3076,3
9049,1
2639,2
336,2
9821,1
6438,2
6550,1
3035,1
39,1
5085,1
5485,2
134,1
6212,1
1684,2
8377,2
3165,2
55,1
6689,1
6905,1
9270,1
1808,2
8572,0
4617,1
9200,1
6596,0
285,1
7790,2
8195,0
1562,0
1493,1
2648,1
1016,0
5609,1
234,1
731,1
4864,1
5484,3
9676,1
4158,2
7700,0
9440,1
2830,1
7057,1
8652,1
9322,0
9337,2
8221,2
4671,1
8610,1
7149,2
5411,3
7102,1
4492,2
1626,2
9256,2
7505,2
9716,1
7224,1
4665,2
4564,2
6276,3
1128,0
8981,1
2348,1
1200,1
6734,2
7058,1
1995,1
4533,1
599,2
9905,3
2199,3
7616,3
4869,1
2510,2
7100,3
6813,1
9066,1
4317,3
7657,2
9959,3
7752,2
3296,1
7889,2
8660,2
2777,2
2176,1
4364,1
1981,0
9632,1
865,0
1198,2
5091,2
9808,2
9651,2
1076,2
7785,2
395,1
7483,1
6220,0
3655,1
248,2
5165,0
7604,1
5933,1
5103,1
8686,2
8890,2
2290,1
4876,2
4854,2
6330,2
2527,2
741,2
8779,2
6863,1
7497,2
9117,1
120,1
9770,3
5509,0
8793,1
5532,0
2076,0
537,1
7086,1
2859,1
2975,1
9428,1
7911,2
1635,1
8820,1
3333,2
4797,1
6545,2
4357,1
9144,1
6251,2
1240,3
1465,3
2040,3
4253,0
3274,2
4473,2
68,1
3563,1
473,2
2074,2
3646,3
1100,1
1340,3
1387,2
7877,1
415,1
3600,3
7105,1
2132,3
5360,1
1080,1
6572,2
1253,2
1824,1
1419,1
7413,3
923,2
9266,1
9656,2
8263,1
7363,1
2091,2
8626,1
7050,1
986,0
4044,2
5898,1
3634,0
238,1
9374,3
7754,2
3961,1
5557,1
6873,1
6826,1
6685,2
3479,2
3702,1
4769,3
5351,1
4883,1
7257,3
3680,1
7368,2
2767,1
9975,3
26,2
8264,2
6674,1
9557,2
340,1
5993,3
5501,0
4877,2
5232,2
5876,1
2874,0
7235,2
8419,2
3901,1
3293,3
4233,1
2694,2
2393,1
7127,2
2127,0
8831,1
1428,2
149,2
3605,2
6338,3
4121,1
8915,1
3339,0
4897,2
3801,2
8892,2
6693,3
726,2
8678,2
4842,1
7884,2
972,2
7091,3
2838,1
8142,1
4560,2
2465,2
6593,0
1662,2
8396,1
9211,1
5877,3
189,2
1620,1
5581,2
4414,1
7728,2
1970,2
3323,2
7776,3
8321,2
5841,2
1631,2
9163,2
5395,2
2705,1
1553,2
2826,1
4181,1
188,1
4367,0
1735,0
5329,2
3412,1
3994,1
3898,1
9473,2
365,1
7479,2
29,1
3437,2
8941,0
8574,1
2138,1
8543,0
7042,1
9383,1
2544,0
3480,0
4866,1
1602,2
5000,2
8363,1
7931,1
4653,2
7463,2
4005,2
193,2
3029,0
7495,0
8933,0
7478,3
9155,2
2905,2
7669,1
4955,2
5727,0
2924,0
2269,2
4174,1
7927,1
5550,0
3832,1
8710,3
9176,2
5542,2
4090,0
7344,1
6426,3
848,1
1279,3
5213,3
3470,1
4909,0
2267,0
1638,1
6004,2
5523,2
1920,2
9015,1
5132,1
9180,2
4911,2
1153,2
2353,3
2097,1
9439,2
4787,0
6293,2
469,2
978,1
3541,2
9670,1
3292,1
2851,2
8259,2
6448,1
9335,2
6464,1
8900,1
7456,0
2366,1
9528,3
4954,1
3965,2
439,0
6733,0
3395,1
9080,2
377,1
4892,0
4933,1
3223,2
9166,2
417,3
9442,1
8975,0
281,2
217,1
115,1
2688,2
9038,1
3015,1
4401,1
7438,1
4151,3
1217,2
1565,2
5738,2
3766,2
5884,1
708,0
2429,1
1642,2
5408,2
2926,1
3813,2
5364,2
19,0
7243,2
3381,2
6001,2
524,2
1523,1
6397,1
3116,1
5693,1
2996,1
6458,2
794,1
2067,3
714,2
7395,1
4824,2
9760,3
4410,3
7971,3
6812,2
3743,3
8271,2
3229,2
6927,2
2539,2
6722,0
1027,0
9364,1
3024,0
7241,2
1184,0
6116,1
7090,2
3864,1
3531,1
2043,0
6061,1
6655,2
577,1
9295,2
1588,1
8189,2
71,3
1310,2
8359,2
4313,3
4989,1
3877,0
7011,2
8877,2
5144,2
4459,1
4195,1
3983,1
9863,0
8558,3
4570,1
7940,2
1728,1
6132,2
3562,2
5651,0
4904,2
4746,2
3212,2
2913,3
8113,0
1196,0
2407,2
9666,2
9111,3
1794,3
1737,0
4461,0
9060,0
3964,1
2865,1
4210,2
4013,2
3482,1
4732,1
4305,1
3745,0
8984,2
6443,2
4220,1
1460,3
2941,1
7175,1
6111,1
9991,3
566,3
479,3
5604,1
4717,1
4972,1
5312,3
925,2
371,2
4162,1
5107,1
2769,1
1599,2
2167,0
8636,0
7712,2
7633,3
2317,1
1401,2
5546,1
1627,1
7506,2
7649,2
2939,1
7400,0
5991,2
4265,0
215,2
5934,0
5026,2
1865,1
7293,2
624,3
9872,1
2202,1
4925,1
9714,2
4846,1
2112,1
7347,0
3975,2
3036,2
8111,1
6943,1
5340,1
7360,1
4283,1
9119,2
9537,0
9142,2
4720,2
8467,2
5582,2
7708,2
1353,1
7992,1
8901,0
7648,1
5100,2
1837,1
836,2
9105,2
7365,2
205,3
3799,2
4829,2
6375,1
5659,1
6026,1
6324,0
1323,1
750,2
8065,1
2490,2
4891,1
7470,2
283,2
2740,3
2403,2
3744,2
8247,2
2979,2
7718,2
2391,3
7165,3
5894,2
7223,3
1528,2
4542,1
114,2
8878,2
8549,2
2569,1
8781,1
147,2
8887,3
4339,2
9997,2
7311,1
3052,1
7099,2
1624,2
3957,1
4075,2
5972,1
3780,2
762,2
7405,2
3441,2
7865,1
1394,3
6711,2
9408,1
132,2
2230,2
8723,2
4517,0
7282,3
9426,1
4511,1
7332,2
4405,2
2224,2
1290,1
1305,3
912,1
231,3
3629,0
411,3
8318,0
3969,2
1608,3
2732,2
4754,1
4713,0
2652,0
3505,2
2692,3
7450,2
3011,3
867,1
4966,2
8312,1
1099,3
7794,1
2032,1
7031,1
1412,1
5177,2
4016,1
8497,2
2472,3
2261,0
4332,1
8667,2
8503,1
8528,1
4580,1
1096,1
5580,3
183,1
1045,1
3061,1
1251,2
468,0
8500,1
4767,2
7628,3
6892,2
572,2
2912,1
9825,2
6597,2
427,1
1464,0
3003,3
8988,1
1110,1
9239,2
6367,2
9485,0
3689,1
8916,1
4190,1
7290,2
7987,1
3320,2
5663,3
1082,1
4282,1
6315,1
3433,2
6807,1
3493,2
4021,1
5758,3
8757,2
1486,2
1234,2
9277,3
1149,1
1288,2
3215,2
5301,0
2423,2
8695,2
3282,1
4587,1
4214,1
628,1
3117,2
2244,2
9639,2
2095,2
7892,2
1462,1
3504,1
236,0
3290,2
846,2
5906,2
7150,1
7269,2
2746,3
8170,1
6895,1
9675,1
2346,2
2931,3
2042,1
6755,1
9167,2
1301,3
6988,1
4245,1
319,2
4280,1
7831,1
2916,2
1335,1
9261,2
695,2
8914,3
4900,1
3670,1
9055,1
4624,0
3815,0
7514,2
3787,1
6935,2
6149,3
1199,0
5613,2
2786,1
1557,1
2964,1
2125,1
575,2
2390,0
2809,1
5549,3
6030,1
4423,3
3955,0
1272,2
7965,1
1688,1
1437,1
1328,2
2600,3
59,2
5832,3
4249,2
2245,3
3769,1
6478,1
3519,1
9390,1
5334,2
9371,3
6018,1
8349,2
173,1
4196,1
1081,1
5599,3
4729,1
3693,1
8340,2
8775,2
8742,2
9182,0
4267,1
6138,1
4974,0
6653,2
3109,0
5174,2
2778,2
7683,0
9644,1
4179,2
3074,1
8044,2
5013,2
2063,0
5712,1
2709,1
2988,1
3533,2
880,1
8256,1
5043,1
178,2
6606,1
3503,3
5698,1
1567,2
7922,1
6075,1
257,1
830,2
2678,1
8674,1
4871,3
7326,3
9804,0
2508,2
5290,2
6768,2
592,2
3717,1
9521,2
5380,2
9546,1
4751,0
7302,2
2934,1
9367,1
1406,2
8427,2
4574,2
4935,0
7270,2
4613,2
4425,2
8002,2
1729,0
6064,2
2364,1
4675,3
9950,2
3518,1
3791,0
5854,2
6357,0
2087,0
1853,0
8212,3
8311,2
4009,3
2331,2
6529,3
184,2
5528,1
5874,2
8575,2
5577,2
9618,2
710,2
2084,2
3678,3
1664,3
4240,1
1516,2
1830,1
420,1
9948,2
4700,2
9132,1
7645,2
8581,2
2476,3
5494,1
3584,1
6705,2
30,2
1603,2
2313,0
2645,2
6825,1
330,2
7711,2
7636,0
4634,1
7634,0
1537,1
7112,0
8395,1
4020,0
2592,0
7152,1
962,2
8299,1
3180,2
9992,2
9145,2
947,1
1114,1
5182,1
9980,2
7283,1
112,2
6668,1
9484,3
6580,1
8531,2
5706,2
7814,3
2907,2
8545,1
2536,2
9490,0
9598,1
8669,3
2297,2
8548,2
9815,2
7545,2
1762,1
138,2
2820,2
9706,2
3023,1
704,1
8484,3
8094,2
6028,2
4636,3
8297,2
2314,2
1346,1
8148,1
6244,2
7654,1
9267,0
3219,2
3844,2
7603,3
2932,3
4052,0
5007,2
2958,0
6327,1
9272,1
8624,1
6968,1
7897,2
3248,2
8418,1
673,1
1226,3
5917,3
2749,2
7601,1
8763,1
3126,0
8597,1
2184,0
353,1
4206,1
9707,1
4290,2
3175,1
1206,2
7521,2
9748,1
459,3
3456,3
551,2
6508,3
6703,1
2223,2
2462,3
2291,2
201,2
8166,3
685,2
5282,1
3088,1
5848,2
1877,2
7861,1
5245,0
6881,1
7809,1
4825,3
4006,2
6923,1
2758,3
2920,2
8712,3
1570,2
9317,2
6204,1
1530,1
8270,2
4975,1
4072,1
507,0
8592,2
9174,2
7039,2
8172,2
4770,1
4924,1
2942,2
9698,2
8433,2
7219,2
7763,1
6858,1
9233,2
4445,2
1171,1
2855,1
1134,3
6014,2
429,1
5422,3
1850,2
2498,0
3453,2
9765,3
1215,0
7498,1
3909,1
3077,1
9788,0
3915,3
4047,3
9382,2
2237,1
7614,1
3925,2
1015,2
3649,1
4739,1
4757,2
5734,2
7022,1
4766,3
4057,1
7173,0
8821,2
8410,2
3511,1
7010,0
3685,2
7853,2
470,1
7567,3
9173,2
9569,1
5735,1
9504,1
4983,1
3318,2
3759,2
539,1
3803,0
8650,2
5849,1
844,1
920,1
2099,0
4141,3
9840,2
2026,2
2816,2
9409,2
698,2
4622,1
9477,0
9699,2
9136,0
2584,3
9435,2
2894,1
6503,1
1901,2
1686,3
2951,3
4537,1
1324,2
162,1
2254,0
7693,3
1549,1
5449,1
8746,2
9509,1
1918,2
6214,2
9162,3
8118,2
2440,1
8450,3
3642,2
8875,1
8423,0
3188,2
4960,2
5249,1
7436,3
3454,2
7158,1
9082,1
3377,0
8809,2
6800,1
4149,2
8316,2
2559,0
6201,2
7958,1
7791,1
7144,2
9749,0
2389,0
9858,2
2703,1
4476,2
4773,3
4889,2
4398,1
6933,3
6168,1
4673,3
6416,2
1900,1
4855,1
9369,2
2272,2
2844,1
2773,0
6505,2
2664,2
9100,1
116,2
564,1
2567,1
6963,1
3241,1
3136,1
2779,2
8457,1
5994,0
1859,0
2553,1
8013,0
635,3
5548,3
8644,3
5349,2
7156,1
1826,2
4315,2
6163,2
3435,2
9028,2
4230,2
4293,2
1721,3
8483,2
8771,0
7319,3
5825,2
9724,2
1835,3
583,2
8181,0
4650,0
9346,2
3021,2
4292,0
3590,3
6304,2
4197,2
7265,1
2250,3
3111,2
8159,1
2397,1
9078,3
8338,1
5629,3
5901,1
1776,0
9919,2
5805,1
4273,2
7757,2
2801,1
5935,1
9201,1
4248,2
2485,2
5223,2
6965,2
6034,0
7551,2
6084,1
3033,2
2513,2
1690,2
2325,0
759,1
4436,1
4237,1
916,0
5575,2
5982,2
5966,2
3581,1
5826,1
5690,2
5102,1
4479,1
6819,1
8704,0
93,1
8570,2
5964,1
3013,0
1044,2
1807,0
8811,0
8326,3
1294,2
780,1
4657,1
6931,2
5255,0
7698,1
6087,1
4980,1
1894,2
1696,2
8373,3
9282,1
5028,1
8477,2
8209,3
2443,2
7904,1
2160,1
9956,1
8176,2
1109,2
5098,3
2977,1
3115,1
5225,2
8798,3
1438,1
4991,2
737,3
6608,2
1069,3
2158,2
7847,0
9053,0
6820,2
6862,3
1105,2
6806,1
563,2
8007,0
3082,1
8200,2
5601,2
2350,1
243,2
5802,1
6784,2
1869,0
7471,1
8276,1
8871,2
339,1
5040,1
3217,1
2118,2
7662,1
5400,2
1710,2
1098,2
1087,3
7062,2
8865,1
8175,3
2960,2
3960,1
4841,2
5639,2
6918,0
8797,1
6403,2
5936,0
669,0
4289,2
6756,2
5431,1
651,3
4645,1
8138,2
511,1
4080,2
6942,1
9286,0
6484,2
8074,1
5661,0
7515,2
2414,1
5751,1
4356,2
8918,1
6374,2
2143,1
9544,2
4262,1
2983,1
8114,2
3553,2
3556,1
7576,1
860,1
7835,2
4286,1
9361,3
7744,2
3586,0
4554,2
5118,2
6604,2
6684,2
3526,0
7881,0
8675,0
8144,0
4820,1
5099,2
2743,1
7314,2
2280,1
6086,2
8679,2
5317,2
8907,1
2734,2
2723,2
4731,2
4153,1
7394,0
5499,1
4155,0
7354,1
7191,3
1048,2
2656,2
1260,2
4658,2
6382,1
8519,1
4067,1
1292,3
3794,1
6856,1
8642,3
5592,2
2027,2
8697,2
7597,3
355,2
462,2
107,2
3091,2
1671,2
5779,1
9229,2
809,3
7975,1
6981,1
5323,0
6718,1
508,2
9727,0
8847,1
6306,1
7607,3
9680,2
2647,1
2546,1
1432,2
4748,2
6780,1
4444,2
7453,1
4548,2
4927,2
3690,1
9385,2
1724,3
9952,2
872,2
5731,1
1767,2
3800,2
9377,3
5066,2
2255,2
2839,1
6358,3
758,0
8858,1
4994,0
9764,2
7818,2
8261,2
9230,2
3363,3
842,1
242,2
4791,3
2081,0
1654,1
8699,1
3057,3
5783,1
6914,1
3788,1
9752,1
9009,2
5743,1
123,2
6128,3
8666,2
6842,3
7951,1
8022,2
5430,2
3521,1
2621,2
2947,2
2617,1
4501,1
1421,1
6847,2
5989,1
8215,1
3019,2
5466,2
8748,1
8829,2
601,2
9375,1
5480,2
1137,2
1239,2
2257,2
5314,2
2374,2
3664,3
1962,2
9483,1
7454,2
5952,2
4343,1
6511,2
9293,1
5260,1
7788,3
8982,1
2852,2
2985,0
5031,1
6025,1
2085,3
1151,2
5142,3
4060,2
4986,2
4168,0
8638,1
337,0
8758,3
5047,2
7753,2
62,1
4661,1
6708,3
3000,0
5017,3
2971,1
1607,2
8722,1
7147,1
1945,1
5647,1
9289,2
8533,3
523,3
3544,2
8784,2
7644,0
2236,1
6620,1
5229,2
6440,3
8603,3
6258,1
533,1
5319,1
8615,1
7587,2
9779,2
5021,3
7382,2
6088,3
3481,2
1829,3
7697,3
6248,2
7391,0
9787,2
6472,2
2238,1
4916,2
6434,1
6570,2
7249,3
2426,2
7378,2
4390,1
6009,2
5151,2
3118,1
8279,0
4420,3
7656,2
7672,1
3582,1
8031,2
2299,2
7854,1
2872,0
3078,1
225,2
818,1
4350,0
1633,2
1059,2
8068,1
9938,1
8158,2
5979,0
9753,2
9157,3
8544,1
2332,2
6051,0
7526,3
5382,2
3103,3
8059,1
1097,2
6460,1
9881,1
7996,1
749,0
1236,3
3234,1
7640,0
4260,2
1383,1
282,3
5175,1
3881,0
3017,1
4446,1
5394,2
6628,2
3847,1
1973,3
9535,2
1952,1
3048,0
5421,2
467,2
5778,1
4735,1
816,1
1707,2
277,2
8955,1
8285,2
3970,2
1252,2
2360,3
2980,3
384,2
6910,2
5322,1
2895,3
5346,3
8585,1
5536,2
5754,2
4734,2
9283,3
5809,1
859,1
617,2
3393,3
3855,2
5652,2
9177,2
8547,2
6603,2
3896,0
5703,3
3358,3
5521,1
9373,2
50,0
736,1
7512,2
8330,1
3184,2
1214,1
2697,1
9527,1
5034,1
2046,2
332,2
2693,0
7618,2
2556,1
6115,1
9253,2
7549,2
5374,1
9294,1
2108,2
498,1
9003,2
7231,2
4246,3
453,2
928,1
324,0
5307,0
3485,1
1363,2
273,1
4464,2
4455,0
1367,1
5321,2
6368,1
5327,1
9330,2
6227,1
2286,2
3648,1
9837,2
8452,0
4907,1
3941,2
1250,2
9885,1
3213,2
4104,0
5467,1
5325,2
9454,2
6144,0
8532,3
4266,0
9625,2
7608,2
3857,2
9524,2
9502,1
7846,2
1880,3
1043,2
6352,2
3809,3
8627,1
4699,1
881,2
43,2
6232,1
5308,1
6821,1
3340,1
8542,1
716,1
7539,2
6311,2
387,2
6497,1
9433,1
165,1
7292,2
8462,1
4589,3
6876,0
598,2
4690,0
1895,2
1775,3
8790,1
692,0
6625,0
8,0
1051,1
784,1
2122,3
9843,1
2448,3
9635,1
8079,1
307,0
3641,1
6021,0
483,0
5052,3
6361,1
9898,1
7350,2
2214,2
9704,2
6831,2
7599,1
4859,2
2555,2
3749,1
2873,1
4079,1
3206,3
9563,2
8852,2
409,1
7970,2
3884,1
4598,2
5046,2
416,1
3179,2
5171,0
5880,3
4726,3
4161,1
4278,1
9355,2
9013,2
1106,1
2593,2
3365,2
9809,2
6360,1
7905,3
9761,2
866,2
1120,3
1104,2
1800,2
2587,2
3420,1
3426,1
9786,3
2603,2
8599,1
6884,1
5362,1
3841,1
4561,0
1725,1
9622,1
1781,2
6101,1
8329,1
4668,1
6433,1
5980,3
1020,1
2997,2
7371,1
9533,3
6736,1
9035,2
1618,2
2001,2
3317,2
6654,1
5041,2
1008,2
2520,0
5084,1
8719,1
5273,3
6346,1
6804,3
9297,1
9235,0
584,1
2881,3
4242,1
5985,1
6834,2
5657,3
8334,3
6706,3
2115,0
8565,2
1164,3
4310,1
7950,2
6455,1
980,2
4038,1
321,1
8833,2
7916,0
5071,1
7060,0
3105,1
3044,1
4403,2
7573,1
8072,2
9116,2
862,3
3186,1
2133,0
3137,2
3079,2
9672,1
9683,2
2007,1
2837,0
4319,2
9897,1
550,3
8623,2
8206,2
1445,1
7028,3
8880,2
5470,1
8191,2
4393,2
6422,2
445,2
1247,2
4314,1
65,3
2045,2
6581,2
4656,1
7408,2
2113,1
3139,2
5860,2
5354,3
3550,2
1801,0
4373,2
7867,2
2822,2
7761,2
1278,1
394,2
2803,2
8353,0
9599,1
1127,1
4381,1
315,1
4633,2
4014,1
850,1
3565,2
9386,1
9789,1
3054,1
6384,2
2759,1
9681,3
3129,2
3496,2
1006,2
8233,1
6647,1
6938,0
5959,2
2957,2
2279,3
1425,1
9237,2
7673,3
1474,3
4662,2
36,2
6547,2
7937,2
1347,2
8583,1
9597,2
2188,2
8006,1
626,0
6772,2
2815,2
4037,2
6548,3
7926,1
9914,2
378,2
6385,1
5435,2
1436,0
1107,3
6425,1
9878,1
5261,1
8298,0
6113,2
8163,1
9615,0
9848,3
4355,2
491,2
1641,1
6563,2
6131,1
237,3
6356,3
5375,2
6069,0
7912,2
6531,2
9812,2
8602,1
2294,0
8011,1
167,2
2140,0
561,2
6984,3
4019,1
6317,1
5828,2
8187,2
8098,0
1669,3
4018,3
3178,3
5276,2
9059,0
6250,2
9906,3
6549,1
6715,2
1490,3
1400,0
4163,2
333,2
4170,2
3980,3
157,3
1950,3
663,1
4312,1
4579,3
2903,1
5810,3
113,2
5747,2
6538,2
5450,2
7695,2
1487,1
1719,2
4441,1
2811,2
4747,2
1497,2
1007,2
6635,1
713,1
9264,2
8994,2
3404,2
3463,2
5891,1
9217,1
5406,1
4929,0
9576,1
1356,3
9648,3
9967,1
8573,3
8872,2
9300,1
1820,2
4069,0
2444,1
2446,1
2821,2
2311,1
4207,1
5183,1
2637,0
9255,3
4413,2
249,2
4642,2
5173,2
1736,1
8466,2
2595,0
1496,3
1645,3
3731,3
4565,3
3324,2
2952,1
4558,2
7976,1
1988,1
3922,2
4853,1
4543,2
6909,1
8614,1
2354,1
9874,3
1066,1
357,2
5903,2
7625,2
9396,2
7248,1
2585,1
5075,1
8751,2
4805,1
2062,1
1566,0
7185,1
4708,2
4850,2
4462,1
3848,2
5094,1
1478,3
3399,1
3355,1
2328,1
613,2
6810,0
486,2
1413,2
4150,0
8628,0
5202,1
6046,1
3172,2
9262,1
1992,1
60,2
3924,0
2529,3
3418,1
9721,1
3869,1
7276,2
359,2
902,3
3908,2
3288,1
3457,1
1658,2
3032,0
7956,1
151,3
6724,2
9336,1
3041,1
3373,3
9431,2
1245,2
64,3
7699,2
4701,0
9799,1
3842,1
6720,1
8458,3
6243,2
6005,2
1058,1
4372,3
5078,1
3520,1
4358,1
6215,3
6519,2
6621,2
2436,1
9926,0
5452,2
7194,3
1738,1
6013,1
1388,1
7500,2
2635,2
4984,3
3875,0
9617,1
7676,2
1600,1
6573,3
677,1
8186,1
3883,1
7733,1
177,2
5615,1
4183,2
187,2
924,1
621,2
1943,2
9366,3
2248,0
4852,2
146,1
4790,2
2925,3
6673,2
8917,1
5341,3
5089,2
4827,1
2674,3
8850,1
2663,1
8319,2
7860,1
9271,2
1343,2
2863,1
139,1
9884,0
8586,1
5381,2
7969,3
864,3
9888,2
9743,3
9331,0
661,1
2542,1
6100,1
7681,3
2577,1
927,2
2518,2
9805,1
6456,3
7967,3
7598,2
8911,3
13,1
9855,2
4502,2
9464,2
5189,2
4380,1
15,2
934,3
709,3
7415,2
2835,1
9254,2
3967,2
4896,2
3344,2
6321,2
8386,1
6042,2
7953,2
994,2
2817,2
3500,2
4484,1
3170,3
9083,1
3462,1
2810,0
5384,2
6164,0
3283,2
2653,2
2548,2
8064,1
4361,3
6389,1
3442,1
4353,1
6569,2
9616,2
8983,2
4264,3
6452,1
4937,1
4608,0
879,1
4818,1
8201,1
1349,2
6840,2
2662,1
4257,1
9522,2
4861,1
4741,2
1930,1
1876,2
5713,0
3853,2
7080,1
3688,1
5179,2
6991,2
5498,0
8014,1
9942,1
9868,2
9602,3
8493,2
170,2
2033,2
9429,2
7110,1
7850,1
9688,2
1789,3
4120,1
8156,3
8843,1
5390,0
8846,2
6747,0
6690,1
4370,2
9137,1
5909,0
4202,1
9318,1
1814,1
7925,2
702,1
