,Q,A
2021,1,1
3951,2,1
3341,3,1
799,2,0
6495,2,0
5426,1,0
5640,3,1
5399,1,1
7960,1,0
9913,1,0
428,1,0
8772,2,1
4463,3,1
7735,3,1
6218,1,0
7972,3,1
9530,3,1
7489,3,1
5027,1,0
6833,2,1
8926,3,0
8223,3,1
9861,3,1
7955,2,0
5999,1,0
7652,1,0
8120,2,0
1617,2,1
4603,1,0
5863,3,0
3305,2,0
6235,1,0
3740,3,1
2582,1,0
2788,1,0
8649,1,1
5829,3,0
3571,2,1
8291,1,0
4469,3,0
2770,2,1
8777,2,1
256,1,0
2334,1,0
604,1,1
4562,0,1
8903,2,0
2002,2,1
4512,1,1
9413,1,0
4926,2,1
8595,3,1
3612,2,1
1483,0,0
6099,0,0
7543,1,0
5814,1,0
2614,2,0
2846,2,1
6936,1,0
3155,3,1
3150,0,0
6179,3,0
4679,3,1
1157,3,1
995,1,0
1964,2,1
9792,3,1
3821,3,1
8009,2,0
6060,3,1
4730,2,1
6432,2,0
4776,2,1
2154,1,0
1083,2,0
3313,1,0
53,2,1
6643,2,0
8658,3,1
8927,3,0
4647,1,0
3916,0,0
5474,1,0
3882,1,0
4789,2,0
7166,1,0
4258,3,1
8521,2,1
7255,1,1
75,1,0
8708,2,1
1121,1,0
7667,3,1
7225,1,0
3860,1,1
367,3,1
9850,2,0
1041,2,0
4384,3,1
92,3,1
3154,2,0
501,2,1
1204,1,0
949,3,1
3761,3,1
291,2,0
9678,0,1
8102,3,1
1851,3,1
9751,1,0
905,3,1
6349,3,1
4064,1,0
5702,3,1
7552,3,1
1329,1,0
8489,2,1
3232,3,1
8930,0,0
1836,0,0
534,2,0
4480,2,1
5762,0,0
4915,0,0
5920,3,0
1089,3,1
194,2,0
9543,2,0
5817,3,1
8199,3,0
8596,2,1
7141,1,0
455,3,0
3596,1,0
7639,2,0
4875,2,0
3755,3,1
639,2,1
5135,2,1
7006,2,0
5932,3,1
5191,0,0
5298,1,1
3053,3,1
3411,3,1
4901,3,1
1840,2,1
2315,1,0
4482,1,0
9320,0,0
6811,3,0
52,3,1
7312,3,1
997,2,0
4400,3,1
2441,2,1
8284,3,1
6257,2,0
4953,3,1
4499,3,1
965,1,0
1155,2,1
5611,2,1
9099,1,0
5347,2,1
6174,2,0
7178,3,1
4106,1,0
609,2,0
4833,1,0
1581,3,1
7301,3,0
6194,3,1
957,3,1
1195,3,1
329,1,1
172,3,1
2578,2,1
7306,3,1
8039,1,0
9973,2,1
7124,1,0
6278,3,1
652,2,0
3996,3,1
5689,1,1
4516,3,1
2681,2,0
5355,2,0
8551,2,1
6130,3,1
3112,3,0
3218,3,0
8953,2,0
7229,3,1
6586,2,1
4640,3,1
6271,2,0
7845,2,0
6980,1,0
4535,3,0
7980,3,1
176,3,1
8053,2,1
3276,2,0
4030,3,1
8304,1,0
1722,1,0
5389,2,1
5488,2,1
4872,2,0
9118,2,1
8840,2,0
5886,3,0
6261,2,0
7816,2,1
8536,3,1
6155,3,1
2842,1,0
4066,3,1
2041,1,0
7696,2,1
549,1,1
2726,3,1
8507,3,1
6966,2,0
4100,2,0
1257,3,1
5579,3,1
5436,3,1
1258,2,1
7383,3,1
6544,3,1
1285,1,0
7527,2,0
6492,1,0
5574,2,1
9480,2,1
2494,2,0
1621,3,1
320,2,1
3806,1,1
7827,2,0
5990,3,0
3063,2,0
9822,2,1
8696,2,0
1224,1,0
2721,2,1
6209,2,1
855,2,0
5402,3,1
7882,2,0
6031,3,1
9745,3,1
9945,2,1
2549,3,1
9356,3,1
9276,3,1
7690,2,1
5672,2,0
831,2,0
6411,1,0
8511,1,0
6479,3,1
1201,3,1
2572,3,1
6341,3,1
5700,2,0
9052,2,0
2387,1,0
1939,2,1
7692,3,0
1479,3,1
9203,1,0
3968,2,0
7825,1,0
3696,1,0
2096,1,0
9208,0,0
9091,1,1
6915,1,1
6406,3,1
4045,2,0
5407,2,0
9933,0,0
9161,3,1
7727,2,1
6817,2,1
3243,2,0
2562,3,1
7594,2,1
2058,1,0
808,2,0
1022,2,0
3161,3,1
8576,2,0
7701,2,0
5974,2,1
4913,3,1
5025,2,0
2372,3,1
2963,1,0
8974,2,0
530,3,1
2017,2,1
7637,3,1
6888,2,1
2813,3,1
567,3,0
8787,3,1
9867,1,0
5053,2,1
9577,1,1
6562,3,1
9962,1,1
2064,0,0
8080,3,1
3804,3,1
9590,3,1
2922,1,0
7118,2,1
5682,2,0
2320,2,1
8898,0,0
9581,2,1
3236,3,0
640,2,0
8656,3,1
9344,2,1
9766,2,0
5033,2,1
4093,1,0
4136,3,1
8823,3,1
801,3,1
5948,2,0
5158,3,1
9532,1,0
3398,3,1
5897,1,0
4918,2,0
166,3,1
7430,2,1
3286,2,0
2178,3,1
4607,3,1
521,3,1
7984,3,1
4252,3,1
1842,3,1
3777,2,0
3836,1,0
9292,2,1
9194,2,1
1159,2,0
5807,3,0
4681,2,1
3568,1,0
8968,1,0
8714,2,1
6316,3,1
4803,1,0
2356,3,1
8132,2,0
6098,1,0
213,1,0
1176,3,1
8944,3,1
1286,2,1
7762,2,1
2753,2,1
3012,1,0
5296,3,1
1118,3,1
3106,3,1
5462,2,0
2880,2,1
2035,3,1
6489,3,1
180,2,1
1374,3,1
939,1,0
1441,2,1
2828,2,0
5608,2,0
6366,3,1
6070,3,1
2812,2,1
1435,3,1
7751,3,1
8154,3,1
1078,0,0
6828,2,1
2226,2,0
2227,1,0
4215,0,0
787,2,0
79,1,0
9186,2,1
4648,2,0
85,3,1
535,1,0
1140,3,1
4377,1,0
9583,2,0
4576,0,0
4388,3,1
7666,2,0
8949,3,1
8016,2,1
1274,2,1
8346,3,1
495,1,0
888,2,1
7518,2,0
7216,2,0
6555,3,1
5385,1,0
9310,1,0
1049,2,0
8958,1,0
18,3,1
3214,1,1
4382,3,1
4867,1,1
1571,2,0
7869,2,0
5665,2,0
7356,2,1
7167,2,0
3123,1,0
6211,2,0
3509,2,0
1568,2,1
8040,3,0
3353,3,1
7362,3,1
4615,2,0
6041,1,0
1126,2,1
8000,2,1
573,2,1
3267,1,1
9494,1,0
7351,1,0
4781,2,1
8428,3,1
5271,2,1
6741,1,1
1501,3,1
8844,3,1
3315,1,0
687,3,1
629,2,1
4944,3,1
4337,2,1
5214,0,0
4621,2,0
5958,3,1
4664,2,1
585,1,1
6188,1,0
8052,1,0
6065,3,1
8038,2,1
7856,1,0
7799,0,0
6180,2,0
1666,0,0
4742,2,0
3195,3,1
2515,0,0
7274,2,0
2506,3,1
6829,3,1
2396,2,0
6798,1,0
433,3,1
2956,1,0
7009,2,0
9489,2,1
6089,3,1
9395,3,0
1867,0,0
7764,1,0
724,2,1
9448,1,0
8815,1,0
1974,1,0
6520,3,1
6264,2,1
1304,3,1
2234,1,0
8337,0,0
8921,2,0
8310,2,0
3410,2,1
4,2,0
5646,0,0
3729,1,0
8198,1,0
6532,1,0
582,3,1
9645,1,1
875,2,0
1473,1,0
4408,2,0
3651,3,1
6778,3,1
9918,1,0
7474,3,1
6633,3,1
8110,3,1
1693,1,0
9830,2,0
5614,1,0
8698,3,0
3310,2,1
812,3,1
1264,2,0
6172,3,1
892,0,0
6080,2,1
1726,2,0
5759,2,0
7988,2,0
9791,3,0
3443,2,0
5316,1,1
8942,2,1
2401,3,1
5336,0,0
5155,3,1
8101,2,1
1695,3,0
6439,1,1
4503,2,0
5371,1,0
8124,1,1
852,2,0
5843,3,1
9352,3,1
3130,2,1
4226,3,1
2875,3,0
2962,3,1
1929,2,0
8174,3,1
2719,1,0
7492,3,1
5122,1,0
7032,3,1
8345,1,0
5784,3,1
5478,3,1
8817,3,1
8342,1,0
5954,2,0
7876,3,1
6436,3,1
1788,2,0
9251,1,0
7724,2,0
6391,2,1
854,2,1
6498,3,1
3721,1,0
6879,0,0
971,1,0
9758,3,1
2628,1,0
6273,3,1
5368,3,1
6148,2,0
7730,1,0
6120,2,0
9734,2,0
6540,0,0
2094,1,0
44,2,1
9591,2,1
3272,2,0
4417,3,0
3663,2,0
2966,3,0
1544,3,1
4813,2,1
6122,3,0
4914,2,0
494,1,0
9966,2,0
9181,3,1
6793,3,1
668,3,0
145,2,1
2005,1,0
5410,1,0
4275,3,1
9793,3,1
1133,3,1
7157,1,0
531,3,1
3423,3,1
4218,3,1
5076,1,0
555,3,1
4402,2,0
4573,1,1
795,2,1
3055,3,1
8919,1,0
1593,1,0
3143,2,1
6985,2,0
9074,2,0
9121,2,1
3343,2,1
7682,1,0
8046,2,0
6992,2,1
8436,1,0
5200,2,1
2495,3,0
2761,3,1
5957,2,1
7817,2,1
3993,1,0
856,3,1
8248,2,1
9129,3,1
4884,3,1
1423,3,1
140,1,0
5571,3,1
1612,1,0
7122,2,1
2430,2,1
9122,1,0
6564,3,0
9187,2,0
8107,3,1
8390,3,1
5367,2,0
7574,2,0
302,0,0
6525,2,1
7066,1,1
8512,2,0
6551,2,1
1390,0,0
1760,1,0
3707,2,0
7529,2,0
1163,0,0
8262,2,1
6015,3,1
1132,2,0
6859,3,1
1248,0,0
171,3,1
778,2,0
2304,3,1
7803,2,0
6189,3,1
8899,2,0
12,2,0
2493,2,0
31,3,1
2899,2,0
2379,2,0
3266,3,0
6964,1,0
1243,3,1
6334,3,1
6077,3,1
5038,3,1
9803,3,1
4711,2,1
8584,3,1
345,2,0
5946,0,0
8210,1,1
1062,2,0
7588,3,1
6240,2,0
5215,3,0
8860,2,1
2185,1,0
6421,2,0
6776,3,1
915,0,0
2135,3,0
4331,3,1
6137,3,1
6363,2,0
9928,0,0
136,1,0
6156,2,1
772,3,1
5504,1,0
9084,2,0
8281,3,1
7685,1,1
9411,3,1
1031,3,0
8728,2,0
1283,1,0
951,3,1
6869,2,0
3347,3,1
4235,2,0
7786,1,0
919,2,0
5331,2,0
9041,2,1
6896,3,0
2193,2,0
4639,3,0
6990,3,1
6714,3,1
9807,3,0
9643,3,1
5212,1,0
6630,2,0
5673,2,0
5705,3,1
1606,3,1
9305,3,1
4188,1,0
2860,1,0
5168,2,0
21,3,1
444,3,1
5233,1,0
6752,2,1
2522,2,0
878,1,1
1072,3,1
196,3,1
7602,2,1
6878,2,0
410,2,1
318,1,0
6280,3,1
5311,1,0
3891,3,1
5583,2,1
4169,1,0
8807,1,0
6576,2,0
3933,0,0
1660,3,1
7959,2,0
5769,1,1
1614,3,1
2082,1,0
3733,3,1
7580,3,1
5455,2,0
4084,3,1
3307,0,0
8019,0,0
6983,3,1
4810,2,1
1522,3,1
2164,1,1
9394,1,0
3845,2,0
5178,3,1
4527,2,0
3401,2,0
1960,2,1
2877,2,0
2768,2,0
5795,3,1
8754,2,0
1540,2,1
9549,3,1
2622,3,1
356,3,1
9245,2,1
4917,1,0
1115,2,1
3322,1,0
5782,3,1
968,3,0
1678,1,1
7684,0,0
6530,2,1
6982,3,1
5328,2,1
1112,2,0
6207,2,1
5835,1,0
7646,2,0
2581,2,1
8920,0,0
418,3,1
7560,1,0
8498,2,1
1313,2,1
5294,1,0
8895,3,1
7917,3,1
4251,3,1
5597,1,0
8791,3,0
9278,2,1
8923,2,0
484,2,1
77,2,0
3546,3,1
4676,0,0
6197,2,0
7253,2,1
6229,2,1
8348,2,1
8956,2,0
9794,2,1
7813,2,1
7268,3,1
1655,1,1
4605,2,1
4611,2,1
5342,3,0
1397,1,0
373,1,1
2368,2,0
3880,2,0
1327,1,0
7018,3,0
967,3,1
7291,2,1
9363,3,1
5045,3,1
7170,2,0
5644,2,0
8965,2,1
502,2,0
8388,3,1
3758,2,0
3187,3,1
8372,3,1
6861,3,1
4205,2,1
6043,3,0
2220,2,0
4208,1,0
6468,2,0
7015,2,0
4669,1,1
4578,2,0
8541,3,0
7883,2,1
8680,2,1
9388,2,0
1364,3,1
889,3,1
1864,3,1
1742,1,0
8893,2,0
4145,3,1
6602,2,1
8146,3,1
5241,1,0
6354,3,0
9901,2,1
6567,1,0
4549,3,0
3871,2,1
1718,3,0
465,2,1
414,0,0
5918,2,1
9818,1,0
9436,2,1
2024,2,0
1652,2,1
9260,2,0
5447,3,1
4099,3,1
6599,2,1
4873,3,1
1210,2,1
4164,2,0
5310,2,0
5280,3,1
8300,2,1
4063,3,1
2560,2,1
6142,2,1
2458,3,1
348,3,0
8824,3,1
3676,1,0
3084,2,1
8204,3,1
8562,0,0
3201,2,1
760,2,0
8057,2,0
5020,3,1
5291,2,0
4651,2,0
9958,2,0
8724,2,1
7870,3,1
5163,3,1
9487,3,1
7906,1,0
1297,1,0
5005,2,1
2056,3,0
122,1,0
9999,1,1
6153,3,1
7627,3,1
7812,2,1
8169,2,0
3598,2,0
7188,1,1
2301,2,0
4677,3,1
5198,1,0
2730,3,1
5736,2,0
164,3,1
2175,2,1
7053,1,0
789,3,0
4199,3,1
8438,3,1
1287,1,0
6605,2,0
3834,1,0
185,2,1
7047,2,1
1449,3,1
3658,3,1
6296,3,1
631,1,0
3932,3,0
1610,3,0
6027,2,1
6814,1,0
5616,2,1
4506,2,1
3256,2,1
4081,3,1
1291,3,1
7414,2,0
6444,3,0
3515,3,1
723,1,0
9552,3,1
7734,3,0
1237,2,1
2982,3,1
9461,2,0
226,1,0
6940,1,0
2901,0,0
1381,1,1
2525,1,0
3784,3,1
7221,2,1
54,3,1
7333,2,0
6008,3,1
8322,2,0
2204,3,1
9996,2,1
3985,2,0
7263,1,0
8208,1,0
2755,3,0
4655,3,1
777,3,1
7296,2,0
3626,1,1
4912,1,0
6989,3,1
2192,2,0
5658,1,0
3839,3,1
2829,1,0
3402,3,1
9460,2,0
1150,2,1
4379,1,0
4407,2,1
3308,2,0
3127,2,0
9798,1,0
3697,2,0
5018,2,1
6922,1,0
5211,3,1
5534,2,1
8721,3,1
4862,1,0
7299,1,1
529,3,0
9185,1,1
9934,3,1
2302,2,1
6294,2,1
2505,2,0
6868,0,0
2464,1,0
3348,0,0
7675,3,0
5969,2,0
2711,0,0
8165,2,0
605,1,0
8733,1,0
6656,3,1
3104,3,1
8788,3,1
2763,2,0
1768,3,1
7008,2,1
9290,1,0
7665,3,1
1377,2,1
3388,2,1
182,3,1
5274,3,1
1942,1,1
2450,3,0
3748,2,1
3507,1,0
3289,1,0
9519,1,0
5083,2,1
2210,2,0
6092,2,1
6450,2,0
9027,2,1
2733,2,0
3309,1,1
9562,1,0
1875,3,1
9558,3,1
8808,2,0
2736,3,1
9248,0,0
7496,3,1
2757,2,1
5468,3,0
3391,0,0
9736,2,0
4635,3,1
8700,3,1
2137,2,0
2004,0,1
279,2,1
7679,1,0
8202,3,1
2241,3,0
7046,0,0
7406,3,1
9221,3,1
2532,2,0
1597,1,0
7508,2,0
4442,3,1
6409,2,1
2623,2,1
3944,3,1
6241,3,1
5722,3,1
6109,3,1
5803,1,0
3747,2,0
8654,1,1
1706,3,1
4812,3,1
2006,2,1
8768,3,1
2083,3,0
293,1,0
4518,3,1
3134,2,1
6407,2,0
7023,3,1
9882,2,0
9160,2,1
8303,2,0
1733,2,0
2841,3,1
7294,3,1
8029,1,0
9929,1,0
2624,1,0
3359,2,0
2141,2,1
5801,2,1
4551,3,1
343,2,0
5627,2,1
4987,3,1
8468,0,0
712,2,0
1769,0,0
633,3,1
9101,2,1
9357,1,0
7381,3,0
262,3,1
1122,3,1
5247,3,1
6902,2,1
3627,3,1
7081,1,0
6222,1,1
1934,3,1
3793,2,1
7444,2,1
9345,2,0
929,3,0
2914,2,0
743,3,0
6920,2,1
5461,3,1
8339,1,1
5637,3,1
9983,3,1
3900,1,1
5262,2,0
4659,0,0
8598,1,0
4860,2,0
66,2,0
3383,3,1
2565,3,1
7457,1,0
3445,1,0
1312,2,0
8683,0,0
1924,1,0
2466,3,1
4321,2,1
4709,2,1
6850,2,1
618,1,0
9153,3,1
2270,1,0
7036,2,0
2938,3,1
5002,2,0
4279,3,0
352,2,1
8042,0,0
3490,2,1
4490,2,1
105,3,1
1262,2,1
476,3,1
4046,1,0
6339,3,1
9302,3,1
6785,3,0
7151,3,1
5378,1,0
56,3,1
9829,2,1
1529,2,1
5194,3,1
4028,3,1
3677,1,1
9497,3,1
6939,2,0
1197,3,1
4758,3,1
4971,1,1
3943,3,1
7581,3,1
2216,3,1
4536,2,0
6889,2,1
615,3,1
4025,3,1
3897,2,0
4229,2,0
200,2,0
4368,1,0
1223,3,1
5220,0,0
2385,2,0
6849,3,0
3644,3,1
1275,3,1
8225,1,1
660,2,1
5861,3,1
7647,0,1
3147,0,0
7364,2,1
4620,0,0
4394,2,1
5632,3,1
8801,0,0
1822,3,1
8444,2,0
3164,3,1
8314,3,1
8448,2,0
8095,1,0
4221,2,1
2616,1,0
2282,2,0
412,1,0
351,3,1
9978,3,1
593,0,0
3539,0,0
2827,3,0
431,0,1
7403,3,1
1622,1,0
109,3,1
5938,2,1
7169,3,1
480,3,1
8744,2,0
7880,0,0
922,2,1
7024,2,1
3797,1,0
9315,2,0
9668,1,0
4606,3,1
907,2,1
9032,2,0
8966,2,0
3056,1,0
5823,2,0
2124,3,1
3162,2,1
99,1,0
9108,2,0
8564,1,0
3258,1,0
7205,2,0
8730,1,0
7806,1,0
1358,3,1
175,2,0
5497,1,1
7285,2,1
1656,0,0
747,1,1
2950,3,1
3242,1,0
5624,2,0
1005,2,0
4053,2,0
3458,2,1
5459,2,1
6559,3,1
5081,3,1
1803,2,0
790,2,0
4921,2,1
6237,2,0
3578,3,1
7737,2,1
6582,2,0
4733,3,1
6872,3,1
7568,2,1
3089,1,0
9065,2,1
7228,2,1
8967,2,0
600,2,1
2442,3,1
3448,0,0
6917,3,0
6417,3,1
6202,2,0
5600,3,1
5620,3,0
6467,1,0
2686,1,0
1321,1,0
6671,1,0
4721,3,1
7345,0,0
5749,1,0
5678,3,1
3264,3,0
2121,1,0
8235,3,1
5387,3,1
3675,2,0
6395,2,0
8244,2,0
8552,1,0
1147,1,0
4116,2,0
5281,1,0
3928,3,1
4976,2,1
9984,2,1
3858,2,0
3575,3,1
5858,3,1
3304,3,0
1331,3,1
2211,3,1
1143,2,1
4415,3,1
4371,3,1
2412,2,0
4582,1,1
349,2,0
8425,1,0
1395,2,1
4114,3,1
9823,3,1
8676,1,0
8681,3,1
8197,3,1
2672,1,1
817,2,1
2447,3,0
7455,1,0
4117,1,0
8258,2,1
7246,2,0
4898,3,1
141,2,0
9379,3,1
910,2,1
9729,1,0
7801,3,1
3327,1,0
2345,2,1
6353,3,1
7510,1,0
9495,3,0
5517,2,1
5072,0,0
8526,3,1
1505,1,0
9349,2,1
7145,2,0
6908,2,1
8420,2,0
432,2,0
5561,2,1
2298,1,0
7079,1,0
7775,0,0
5416,3,1
1576,2,0
2976,0,0
1002,2,1
610,3,0
6912,2,1
9275,3,1
7836,2,0
2284,1,0
4749,3,0
2597,1,0
4458,1,1
3796,2,1
1450,3,1
1405,1,0
2381,2,0
9568,2,1
506,2,0
5983,1,0
1559,3,1
2228,2,1
9922,2,0
6205,2,1
1967,2,0
9178,2,0
9925,2,1
2469,2,0
9189,3,1
6587,2,1
1774,3,0
2659,1,0
5016,0,0
1086,3,1
435,2,1
489,2,0
1628,1,0
7491,1,0
8211,2,0
1307,3,1
1399,1,0
1687,3,1
45,3,1
4509,3,0
9309,2,1
7379,3,1
4494,3,1
8352,3,0
8859,1,0
106,1,0
3673,2,0
6079,1,0
2646,2,1
382,2,0
7804,2,1
4244,2,0
6413,3,0
5039,2,0
3081,3,0
519,1,0
532,1,0
5931,2,0
3368,2,0
4298,2,1
2867,2,0
8184,2,0
1971,0,0
8891,1,1
8616,1,0
1416,3,1
1906,0,0
3231,0,0
2679,3,1
2568,1,0
2972,3,1
5388,2,0
765,2,0
6779,2,0
7653,2,0
1898,2,0
9603,0,0
4148,2,1
6913,1,0
9783,1,0
4772,3,1
8117,2,0
681,1,0
6480,1,0
9993,3,1
8643,3,1
3560,2,0
707,1,1
7566,2,1
2022,2,1
9652,2,0
7272,3,0
7101,3,1
1847,1,0
8993,1,0
4684,2,1
5746,1,0
1170,2,1
1817,2,0
6286,2,0
5844,3,1
7182,2,1
2845,3,1
1330,2,1
388,2,0
2919,2,0
9838,3,1
1228,2,1
9865,1,0
8902,2,0
2727,2,0
7593,2,1
5988,2,1
739,0,0
258,2,1
5837,2,0
5428,1,0
1514,2,1
2547,3,1
4300,0,0
7256,3,1
6557,2,0
914,1,0
5951,2,1
6999,2,0
7132,3,0
7004,0,0
7212,1,0
8957,3,1
9265,2,1
2695,2,1
9128,3,1
3547,1,0
729,2,1
2741,1,0
3811,3,1
2797,1,1
3817,2,0
7359,3,1
4255,3,1
8508,2,1
1365,3,1
630,3,1
8341,3,1
5492,2,0
8863,2,0
3741,2,0
3610,2,1
1415,1,0
9139,2,0
1241,2,1
1763,3,1
3259,1,0
6533,3,1
8411,3,1
1925,3,1
9634,3,1
5359,2,0
6383,2,1
2242,3,1
3532,2,1
9725,3,1
4672,3,0
6415,2,1
5074,2,0
7026,0,0
3204,2,1
5456,1,0
4495,1,0
8766,0,0
4083,2,1
6310,3,1
1604,3,1
5482,2,1
5512,3,1
6161,3,1
5451,3,1
6760,1,0
2591,3,1
1694,2,1
3851,1,0
1472,3,1
653,3,1
8422,2,0
2564,1,0
3643,1,0
2101,1,0
3196,1,0
3221,3,1
3602,1,0
4704,0,0
8589,2,0
5030,2,1
6601,2,0
9728,2,0
8870,2,1
5715,3,1
8962,2,1
8431,3,0
2552,3,1
2157,2,0
9720,2,0
1589,3,1
6583,2,1
9763,2,0
5821,3,1
4828,2,1
570,2,1
2634,3,1
317,2,0
6186,3,1
6052,2,0
3303,3,1
2217,2,0
7473,1,0
5157,1,0
9531,3,0
9940,2,0
3959,3,1
8126,1,0
963,3,1
4595,1,1
5010,2,0
364,3,1
3087,2,0
1017,0,0
2981,2,1
9638,0,0
2398,1,0
1691,3,1
9510,2,1
4722,2,0
2057,1,0
3432,3,0
8618,1,0
6775,3,1
1154,2,0
6969,1,0
7121,3,1
2488,2,0
4995,2,0
526,3,1
1117,2,0
426,2,1
4297,2,0
3812,3,0
6880,2,0
6959,2,1
6216,0,0
3542,3,0
7842,3,1
5973,2,1
3638,3,1
9780,0,0
4840,2,0
1996,2,1
8228,2,0
4177,1,0
2888,1,0
7595,1,0
3416,3,1
8412,1,1
3390,2,1
6701,2,1
4646,3,1
2869,2,1
6961,2,1
785,3,1
5304,1,1
6477,3,1
6233,3,1
6399,2,0
406,3,1
8295,1,0
6379,1,0
7465,2,0
8540,2,0
2422,2,1
7985,2,1
917,2,0
61,3,0
5420,2,0
8588,1,0
7469,1,0
41,3,0
1849,2,0
3914,2,0
2478,3,1
1060,3,1
7758,2,0
791,3,1
2644,3,0
8343,3,1
7490,3,1
1511,2,1
6038,1,0
1526,0,0
1997,1,1
2640,2,1
8693,2,0
2218,1,0
7097,1,1
9554,3,0
3613,2,1
9017,3,1
5080,3,1
3121,2,0
7210,3,1
255,0,0
8611,1,0
3789,1,1
2109,1,0
250,2,1
421,2,0
2857,2,1
199,0,0
6753,2,1
9204,0,0
1375,1,1
4988,2,0
5524,2,0
5585,2,1
8619,1,0
8203,1,0
8286,3,1
7630,2,0
2038,1,0
3778,2,0
3709,1,0
9026,1,0
3159,1,0
3679,3,1
94,2,1
8307,2,1
845,2,1
3251,2,0
2480,1,0
6672,0,0
8960,2,0
4209,2,0
191,2,0
1521,2,0
3725,1,1
3614,2,0
254,2,1
1858,3,1
4530,2,0
774,1,0
2187,2,1
6056,3,1
873,2,1
1629,1,0
1148,1,0
2970,1,0
7729,2,0
3222,2,1
5960,2,1
3628,1,0
3973,3,1
1753,2,0
2071,2,1
206,0,0
721,1,0
3570,2,0
1823,1,1
9353,2,0
2991,2,1
5865,2,0
4847,2,0
1940,3,1
5775,2,1
477,3,1
1750,2,1
1623,3,1
7780,3,0
7774,3,1
752,1,0
5059,1,1
1300,1,1
6882,2,1
3014,3,0
449,1,0
9998,1,0
6297,2,0
1787,3,0
8179,2,0
9378,2,1
1255,2,0
9731,2,0
3929,2,0
8472,1,0
9472,2,1
2943,1,0
742,1,0
7460,3,1
7504,1,0
4800,3,1
6394,3,1
6759,3,0
9354,2,0
3005,1,0
5669,2,1
2854,0,0
5800,2,1
943,3,1
6960,3,1
8633,2,1
4600,2,0
5162,1,0
5516,3,1
1946,3,1
3311,2,0
9406,1,0
5448,2,1
6169,2,1
264,2,1
4431,3,1
8130,1,0
9733,1,0
4487,3,0
9626,1,0
2613,2,1
6447,1,0
7071,2,1
4027,2,0
7281,1,0
2098,2,0
3185,3,1
9866,3,1
1872,3,1
7563,1,0
1989,2,0
7458,1,0
3561,2,1
6588,2,0
694,3,0
8089,1,0
1709,0,0
8663,3,1
1976,3,1
5206,1,1
1094,1,0
9156,1,0
6702,3,1
1084,1,1
8357,2,0
9280,2,0
3792,2,1
4932,2,0
7530,2,0
9146,2,0
2787,3,1
8612,3,1
903,3,1
9068,2,1
6957,2,0
8929,1,0
851,3,1
4077,3,0
9985,2,1
4112,1,0
6848,3,1
1509,3,1
9457,3,0
7822,3,1
5014,3,1
1336,2,0
7890,3,0
7117,2,1
9921,2,0
8479,0,0
771,3,1
3469,3,1
3734,3,1
5649,0,0
3319,1,1
9205,2,0
8641,2,0
3920,1,1
7800,2,0
591,1,0
4857,2,0
9667,1,0
540,2,1
745,3,0
4804,0,0
3387,3,1
2700,3,1
8884,3,1
5170,2,1
2866,3,1
1028,3,1
6717,3,1
5445,2,0
876,3,1
9965,3,1
1550,2,1
7562,3,1
1404,1,0
3128,3,1
1348,3,0
6463,2,0
2818,3,0
2570,2,1
1414,3,1
3097,3,1
5424,2,1
7713,2,1
5125,1,0
16,2,1
4943,3,1
4934,1,0
2072,2,0
9088,3,1
9685,1,0
2189,2,0
751,2,1
6911,1,0
5696,2,1
3002,3,1
9526,2,1
8494,2,1
825,1,0
8828,3,1
5145,1,0
8505,3,1
5210,2,1
9503,3,0
1778,1,0
8713,1,1
9560,1,0
2357,1,0
1499,0,0
580,3,1
2263,2,1
3843,3,1
9570,3,1
5454,2,0
9021,0,0
3637,0,0
9240,1,0
6095,1,0
3114,3,1
5586,1,0
9833,2,0
7638,3,1
3705,2,0
4539,3,1
5196,3,0
1320,1,0
3022,3,0
2870,3,1
7251,2,0
9790,2,1
366,2,0
9824,3,1
3654,2,0
5717,2,0
5167,3,1
7000,0,0
7346,1,0
9438,0,0
7913,2,1
5138,0,0
9450,3,1
4890,2,0
1302,1,0
9288,3,1
9425,1,0
8252,3,1
678,2,1
8970,3,1
8061,1,0
804,2,1
6797,2,1
1819,1,0
5697,0,0
693,1,0
1271,3,1
7426,0,0
1422,1,0
6627,1,0
8814,1,1
3386,2,1
8157,2,1
1524,2,0
2904,2,1
2265,3,0
2258,2,0
4309,3,1
1653,1,0
4806,2,0
705,3,1
686,3,1
4316,2,0
9995,3,1
2554,2,1
1193,3,1
8282,3,1
8122,2,0
363,3,1
611,2,1
1680,2,0
9031,3,1
9846,1,0
9773,1,0
2744,1,0
121,1,1
4528,0,0
1784,2,0
8634,2,0
6875,0,0
4945,0,0
1282,3,1
7358,1,0
834,1,0
8655,2,1
4468,3,1
6591,2,1
3712,2,1
7416,1,0
7033,3,0
8990,2,0
8439,2,1
522,3,1
589,3,1
4154,2,1
5567,0,0
2774,2,1
3681,3,1
2415,2,1
4211,2,0
8032,1,1
1019,3,1
4723,3,1
8087,1,0
2399,0,1
1584,0,0
4475,1,0
2060,1,0
9609,1,0
9518,2,1
6803,3,1
2606,3,1
8580,1,0
6337,2,0
1871,2,1
2772,2,0
7239,2,0
8931,1,1
8063,2,0
7181,2,0
9097,3,1
643,2,1
8745,1,0
7796,3,1
711,2,0
2371,3,1
9556,3,0
9023,1,0
2514,3,1
7439,2,1
803,3,1
1442,3,0
2790,3,1
2987,2,0
3202,3,1
5912,2,0
1874,3,1
6995,2,0
1402,3,1
380,2,0
4392,2,0
7872,1,0
9659,3,1
5141,2,1
3141,3,1
5222,3,0
8590,2,1
111,3,0
5221,3,1
7748,2,1
8078,2,1
544,1,0
4851,3,1
6944,2,1
1761,1,0
305,2,1
9781,3,1
2534,2,0
2183,3,1
8473,2,1
5057,3,1
8689,3,1
1220,2,1
7287,1,0
1181,3,1
1090,1,0
5258,2,0
8194,3,1
6611,1,0
9188,3,1
9937,1,0
2201,2,0
9228,2,0
8782,1,0
9488,1,0
1034,2,0
208,1,0
7123,3,0
9719,2,0
9514,2,0
7014,2,0
6698,2,1
2896,2,0
35,3,1
7222,2,1
7519,3,1
2563,1,0
4949,0,0
2103,3,1
4750,3,1
2673,3,1
4660,2,0
547,1,0
7582,3,1
8238,1,0
6953,2,0
3279,2,0
5943,1,0
7065,2,0
9836,3,1
6166,2,1
3726,3,1
297,2,1
4693,1,0
1453,2,0
369,1,0
3459,2,1
5224,3,1
1933,2,1
9249,2,0
5056,1,0
8785,0,0
1577,2,1
7886,1,0
131,3,1
5397,1,0
452,2,1
1408,2,0
7759,2,0
8441,3,1
4778,2,0
7200,3,1
9612,1,1
6986,3,1
4338,2,0
9700,2,0
8056,3,1
514,0,0
2249,3,0
280,3,1
233,0,0
5096,1,0
5753,2,1
9873,2,0
6336,2,0
5893,0,0
4830,2,0
5683,1,1
1380,3,1
2601,2,1
4796,2,0
6378,1,0
3861,3,1
9674,2,0
2989,2,0
1605,0,0
3558,3,1
8662,1,0
2061,3,1
8332,3,1
7688,1,0
5383,3,0
3683,3,1
2858,2,0
6260,2,1
3371,2,0
2233,1,1
6050,2,1
1232,1,0
1370,3,1
1583,0,0
4058,2,0
9955,1,0
6616,3,1
9538,2,1
525,3,1
4173,2,1
4956,2,1
5139,3,1
209,1,0
4718,1,0
1667,3,1
9067,3,1
3039,2,0
7307,2,1
3890,1,0
2136,2,0
4325,2,1
9772,2,0
9669,2,0
6217,1,1
819,3,1
5256,3,0
5264,3,1
5197,1,0
4369,2,1
328,2,0
3818,2,1
1092,2,0
3394,1,0
9471,0,0
4001,3,1
9636,3,1
86,2,0
2428,3,1
9389,2,0
5069,2,0
8523,1,0
2080,3,1
9164,1,0
982,1,0
2104,1,0
8876,3,0
1040,3,1
9340,1,0
9006,1,0
9762,3,1
1815,3,1
6683,1,0
8292,2,0
6145,0,0
6427,1,0
6894,3,1
3751,3,1
2093,3,1
3952,3,1
9298,3,1
4590,3,1
4702,2,0
6946,2,0
4271,3,1
3406,2,1
2283,2,0
5115,2,1
7792,1,1
1231,2,0
5859,3,1
5777,3,1
7641,2,1
2361,3,1
7159,3,1
2840,1,0
3963,2,0
156,2,0
8997,1,0
649,2,0
5305,2,1
8147,0,0
6047,2,1
974,2,0
3591,2,1
513,1,0
389,3,1
1306,2,0
5121,2,0
425,3,1
7738,1,0
14,3,1
6418,2,0
5024,3,1
1273,1,0
5379,3,0
1585,2,1
2807,3,1
7993,1,0
7423,0,0
2092,1,0
7973,2,0
7179,2,0
2338,3,1
5741,0,0
8137,1,1
8480,1,0
1861,1,1
2333,2,0
2129,1,0
2152,2,1
7384,3,1
6537,2,1
4786,2,1
9875,0,0
6430,1,0
8527,2,0
4727,3,1
310,2,0
0,3,1
155,3,1
8629,2,0
2134,2,0
6275,0,0
4467,1,0
7968,1,0
2655,2,0
634,1,0
4715,0,0
7077,1,0
8471,1,0
1459,3,1
5606,3,1
8738,2,1
7488,1,0
8050,1,0
9856,2,1
2116,2,1
3936,1,0
6921,1,0
833,2,1
7041,2,0
3001,1,0
404,1,0
1311,2,1
7155,2,0
9662,1,0
9657,2,0
2177,2,1
3140,1,0
8759,3,0
3102,2,0
9673,2,0
9120,3,0
163,2,1
1368,3,1
900,2,1
9932,0,0
3450,2,0
7309,3,0
991,2,0
3268,1,0
3299,2,0
1921,2,0
667,1,0
7244,2,1
4111,1,0
322,2,1
5176,2,0
2862,2,0
7866,0,0
7743,1,0
691,2,1
6607,3,0
4771,2,0
4034,2,0
8469,3,1
5879,3,1
4644,1,1
5092,2,1
5997,3,0
3668,1,0
6864,1,0
7027,3,1
9915,3,1
9223,3,1
4940,1,0
8376,2,1
8537,0,0
1298,3,1
7427,2,0
6289,2,0
5417,3,1
3025,2,1
5208,2,1
3906,1,1
8015,1,0
9043,2,0
9960,3,0
4880,2,0
2737,1,0
202,3,1
2235,2,1
6193,2,1
8639,1,0
6993,2,1
4239,2,0
4968,2,0
3083,3,0
4250,3,1
3132,2,1
8752,1,0
3059,3,1
7019,3,1
9507,3,1
689,2,1
3461,3,0
4784,1,1
6903,3,1
7770,2,1
7609,3,1
4831,3,1
6506,3,1
4452,1,0
2631,1,0
9126,2,0
9125,1,0
6313,0,0
1036,3,0
7343,0,0
8230,1,0
3447,3,0
7348,2,1
1165,3,1
2111,2,0
9,2,1
6078,2,0
1191,2,0
3361,3,1
3173,0,0
9869,2,1
1792,3,1
9493,1,0
7849,3,1
2509,1,0
1938,1,1
7059,3,0
7939,2,1
1491,3,0
1644,0,0
7087,3,1
7399,2,1
4304,2,0
2215,2,0
6068,3,1
5365,2,0
3713,2,0
8482,3,1
8495,3,1
3660,1,0
7851,0,0
9947,3,1
3604,1,0
7942,2,1
7783,1,0
6699,2,0
3986,0,0
9859,2,0
7995,2,1
8429,3,0
3487,1,0
2433,2,1
9380,2,1
5573,2,0
1079,1,0
2222,3,1
4899,0,0
3814,3,1
2128,3,1
5405,2,1
8492,3,1
2324,2,1
7464,2,1
4254,0,0
7557,2,1
8806,3,1
8657,2,0
5691,2,1
4128,2,0
6746,1,0
9410,0,0
1922,3,1
1552,3,1
4213,1,0
6783,1,0
2329,3,1
1961,2,0
3606,2,0
7575,1,1
699,3,1
3672,3,0
4362,0,0
6514,1,0
313,3,0
6442,3,1
4823,0,0
884,2,1
4870,2,0
9776,2,0
6121,1,0
2781,3,1
5569,3,1
5708,3,1
1396,3,1
212,3,1
6110,1,0
5688,1,0
5553,3,0
3888,2,1
4626,2,0
6857,0,0
7338,2,0
3887,3,1
1891,1,0
6642,1,1
586,3,1
7049,3,1
6735,3,1
3639,3,1
2766,2,0
7120,1,0
3489,1,0
727,2,1
7233,2,1
7561,3,1
2728,2,1
1270,2,0
1625,0,0
8005,2,0
2275,3,1
9463,1,0
1391,3,1
4224,1,0
5765,2,1
4460,2,1
3031,1,0
5414,2,0
7315,1,0
3273,2,1
538,2,1
6754,1,0
5361,3,0
5250,2,1
6948,2,1
9924,2,0
703,3,1
1427,2,0
8082,2,1
4243,1,0
2610,2,0
4601,0,0
5506,2,1
430,2,0
946,2,1
81,3,1
6558,3,1
3976,3,0
9016,2,1
7404,2,0
8640,1,0
8853,2,1
1337,3,1
2948,2,0
6721,1,0
6761,3,1
6067,3,1
3608,2,0
7704,2,0
3067,3,1
422,2,1
9832,2,1
3068,3,1
7068,3,1
9935,3,1
2802,1,1
562,1,0
4762,1,0
642,1,0
9458,2,0
4483,2,0
9005,3,0
3182,3,1
7558,2,0
5850,0,1
3026,2,0
4438,2,1
4219,1,0
9976,3,1
2864,1,0
3346,3,1
896,1,0
2425,3,0
1892,1,0
3647,2,1
1668,3,1
7781,2,1
937,3,1
9359,1,0
9964,1,0
7610,3,1
9811,3,1
8188,1,0
8290,1,0
4324,3,1
8036,2,0
3981,2,1
9987,2,1
7726,1,0
9123,1,0
5763,3,1
1322,2,1
3786,1,0
620,3,1
9820,3,1
6176,2,0
5001,2,1
9311,3,1
7135,1,0
4616,3,1
143,3,1
7341,1,0
3425,2,1
82,1,1
9081,3,1
80,1,0
823,3,1
9607,1,0
4504,3,1
6790,3,1
3342,3,1
4024,1,1
5654,3,1
8060,3,1
7131,1,0
6838,0,0
5199,1,0
4184,0,0
6219,2,1
4334,2,1
3198,2,1
2468,1,0
3226,2,1
8935,2,1
5563,2,0
7298,3,1
1160,1,1
6522,2,1
9687,2,1
8795,3,1
9358,2,0
8229,0,1
2701,3,1
8104,2,0
1192,3,0
1698,2,1
6312,2,0
207,2,1
1838,0,0
2571,3,0
932,3,1
829,3,1
7957,3,0
3977,1,0
8076,2,1
6255,1,0
46,3,1
2259,2,1
7717,2,1
5207,3,1
5128,0,0
7380,3,1
57,3,1
7864,3,1
6523,3,1
9134,1,0
3988,0,0
735,2,0
1674,1,1
7001,1,0
2689,2,0
1982,2,1
7214,3,1
2831,0,0
6757,1,0
450,0,0
6239,2,0
7104,2,1
6213,1,1
7844,3,1
8288,2,1
3270,0,0
1188,3,0
6764,2,0
7116,1,0
3431,3,1
1542,3,1
6146,2,0
5526,3,1
5890,3,1
9341,0,0
4118,2,0
2054,3,1
181,3,1
5937,2,0
5318,2,1
1888,1,0
4967,2,0
2792,2,0
4979,1,0
5967,2,0
8275,2,1
2898,3,1
9542,2,1
2370,3,1
8093,3,1
8885,3,1
1035,2,1
227,2,0
1180,3,1
1773,3,0
6019,3,1
174,2,1
7038,1,0
8883,3,1
6870,3,0
8435,1,0
6578,2,1
4491,2,1
9029,2,1
5811,1,0
6646,0,0
821,0,0
9741,3,1
2545,1,0
1890,2,1
3009,3,1
5605,3,1
6124,0,0
4865,3,1
7267,3,1
4426,2,1
4366,3,1
204,2,0
6515,0,0
2665,3,0
1145,2,0
1862,2,0
9505,2,0
6745,3,1
2107,2,0
2499,2,0
2170,1,0
1896,3,1
8394,1,1
6658,3,0
6841,3,1
405,3,1
3617,3,1
1093,2,1
4071,0,0
3949,1,0
4054,2,0
3316,3,1
7583,0,0
1158,1,0
921,2,1
8702,2,1
8392,3,1
8336,3,1
8837,1,0
487,3,1
4007,1,0
350,0,0
475,2,1
7261,3,1
2804,2,0
2929,3,1
6134,0,0
871,1,0
3895,3,1
3723,3,1
945,3,0
7339,2,0
5916,3,1
7626,3,1
6396,1,0
7304,1,0
9496,1,1
8456,3,1
5537,2,1
8476,3,1
1261,2,0
3633,3,1
9605,3,1
4422,1,0
4631,3,0
4777,2,1
520,1,0
9561,1,1
3954,1,1
5587,2,1
5660,1,0
1403,2,0
2596,3,1
4457,1,0
1734,3,1
4782,3,1
1219,2,1
1332,1,0
383,1,0
5054,1,0
5866,1,0
8530,2,0
9384,1,0
5662,1,0
7661,0,0
2502,2,0
9250,3,0
222,2,1
7513,1,0
5780,2,1
8025,2,1
403,2,0
2843,3,1
6266,1,0
3631,2,1
6485,3,1
2780,2,1
2019,2,1
6198,2,1
7417,3,1
5192,2,0
6288,2,1
8959,3,1
9730,1,0
3825,1,1
746,2,1
2487,1,0
8664,2,1
23,2,1
5437,2,1
8362,2,0
2358,2,1
5511,2,1
5297,2,0
5862,1,0
1030,3,1
1393,3,0
3601,3,0
6303,3,0
3189,3,1
1554,3,1
2467,1,0
2937,1,0
3868,3,1
9453,3,1
7342,1,1
7335,1,1
5129,2,0
1209,3,1
3940,1,0
8555,3,1
6598,3,1
9437,1,0
9702,3,0
9740,2,1
9746,3,1
2902,1,1
8092,3,1
5781,2,0
8335,3,1
1777,2,0
8546,2,0
3810,3,1
9113,3,1
9534,3,1
9601,2,1
9883,0,0
3254,1,1
8896,3,1
9547,1,1
1643,2,1
786,2,0
1673,2,1
1751,3,1
874,2,0
5465,1,0
3177,1,0
2848,1,0
1764,2,0
6874,2,0
7025,3,1
7923,3,1
7721,1,0
9596,1,1
8998,2,0
8164,3,0
1458,2,1
316,1,1
9701,3,1
5515,3,1
9968,2,0
9797,2,1
6534,2,0
4352,2,1
6412,2,1
1351,3,1
1308,1,0
5181,2,0
4185,2,1
5443,0,0
1177,3,1
7528,3,0
9747,3,0
8384,2,0
6663,2,1
9475,2,1
5147,3,1
3471,3,1
5812,3,0
5655,3,1
1538,1,0
5110,2,1
2253,2,1
6527,2,1
2149,1,0
7484,2,1
2882,1,0
58,1,0
4395,2,1
4948,2,0
1316,2,1
545,3,1
7820,1,0
7914,2,0
6852,3,1
4604,2,0
8327,3,1
8405,2,1
770,1,0
9313,1,0
4532,2,0
2911,2,0
9516,2,0
2181,3,0
6195,2,0
9479,3,1
5686,3,1
5970,3,1
7930,3,1
292,2,0
7706,2,1
7907,3,1
7909,2,0
6437,1,0
7088,2,0
9259,3,1
232,3,0
7541,1,1
5009,3,1
5798,1,1
1448,0,0
4540,1,1
7084,2,1
7461,3,1
4815,2,1
2454,2,0
9694,3,1
3808,2,0
4836,3,1
9887,3,1
987,1,1
1420,3,1
1001,1,0
1372,3,1
9415,1,1
3337,3,1
9949,3,1
4683,1,0
8987,2,0
1042,3,1
4308,3,1
3439,3,1
5035,2,1
3069,2,1
3160,3,1
5409,3,1
7286,2,0
3325,2,0
5670,3,0
7390,3,1
3101,3,1
8881,3,0
6893,3,1
792,2,1
8250,1,0
7779,3,1
9362,3,1
6615,3,1
6364,2,0
8731,1,0
8402,1,0
955,2,1
3728,3,1
6302,1,0
992,3,1
3211,2,1
304,1,0
2003,2,0
4096,2,1
6017,0,0
6074,2,1
2144,3,1
7108,1,0
6792,3,1
9159,3,0
9252,2,0
362,3,0
2543,2,0
8701,2,1
354,1,0
5774,2,1
8671,1,0
1061,1,0
5752,3,1
3350,3,1
7013,3,1
5434,1,0
260,1,0
1547,2,0
9057,3,1
3345,2,0
3194,3,0
3555,2,1
4144,2,1
1856,1,0
9368,1,0
8449,2,1
6345,2,0
4993,1,1
6076,2,0
1361,2,0
3476,2,0
3098,1,0
8560,1,0
5701,3,1
7938,3,1
7340,2,1
6343,3,1
6998,2,1
7902,1,0
9308,2,0
7040,2,1
2365,3,1
2203,0,0
1326,3,1
5257,2,0
9089,1,0
3732,0,0
4068,3,0
7355,2,1
7184,2,1
4204,2,1
3233,1,0
8367,3,1
6987,3,1
9515,2,1
2760,1,0
7981,3,1
8703,0,0
9517,2,1
936,3,0
6262,2,0
8151,2,1
6431,2,0
5584,2,0
5904,1,0
2110,2,1
7554,2,0
7932,2,0
3466,3,1
5442,3,1
798,2,1
8055,2,1
5595,3,1
2507,1,0
5618,1,0
2023,2,1
7933,3,1
2523,3,1
7334,0,0
3064,1,1
5899,2,1
2289,3,1
671,2,0
1720,2,1
290,1,0
2086,2,0
3956,3,1
8932,1,0
616,0,0
4039,1,0
3192,2,0
2479,2,1
6371,2,0
7805,2,1
1708,1,0
2897,2,0
1796,1,0
7419,3,0
6059,2,1
3657,3,1
5677,0,0
9402,2,1
7617,2,0
6362,3,1
4903,2,1
9048,3,1
1692,1,0
5077,3,1
9904,2,1
2179,2,1
6560,2,0
9834,2,1
7103,3,1
8464,3,1
9171,2,0
5645,3,1
7280,2,1
5928,1,0
6659,3,1
3007,2,0
6033,0,0
7509,2,0
7357,3,0
3966,3,1
1663,1,1
9536,0,0
6279,3,0
4591,1,1
9660,0,0
1956,1,1
4270,3,0
9149,1,0
8973,3,1
6517,3,1
8426,2,1
6057,3,1
3859,2,0
4465,2,1
2868,3,1
9886,2,1
4951,1,0
1532,1,0
7555,2,1
4728,1,0
3768,3,0
4284,2,1
1513,2,1
5227,3,0
3,2,1
33,1,1
7746,1,0
807,2,0
7331,2,1
2321,2,1
7577,3,0
3444,2,1
4092,2,1
3070,1,1
868,1,0
3249,3,1
1884,3,1
5345,2,1
9931,3,1
3122,2,1
1903,3,0
1977,3,1
7316,3,1
1953,2,0
4095,2,0
160,2,0
9190,2,0
6200,3,1
9611,3,1
6062,1,0
4740,2,0
2432,3,1
4521,0,0
1246,1,0
9326,2,0
3771,1,0
6855,2,0
676,2,1
6877,3,1
7393,2,0
2999,1,0
6667,2,0
4496,2,1
7252,0,0
9767,3,1
6191,3,1
8421,2,0
7284,2,0
8445,1,0
4614,2,1
3615,3,1
1221,1,0
4222,2,1
9216,3,0
5816,1,0
4902,2,0
8222,3,0
1456,2,1
400,2,1
5621,3,1
1596,3,1
9545,1,0
1183,1,0
9637,2,1
8413,3,1
3413,1,0
700,2,1
3536,2,1
857,0,0
9853,2,0
5011,2,0
6739,2,1
2800,1,0
6224,1,1
8939,2,1
9071,2,0
2457,2,1
3594,2,0
6247,3,1
3636,1,1
5203,3,1
6171,2,0
9600,0,0
4908,1,0
6929,2,1
6510,3,1
3775,3,0
6543,2,0
7921,2,0
4409,3,0
1482,3,0
2619,3,1
8647,2,1
3870,2,0
4874,2,1
4547,2,0
9370,1,0
2638,3,1
1136,2,1
7966,1,0
5324,2,1
9862,1,0
1908,3,1
8219,3,1
9141,1,0
192,2,0
2611,3,1
5797,3,1
3620,3,1
2273,1,1
7386,2,0
5453,3,1
2604,0,0
9397,3,0
8510,3,1
9109,3,1
6661,3,1
7353,3,1
3360,3,0
8240,2,0
5847,2,1
1969,1,0
1975,3,1
252,3,1
2751,2,0
8265,3,1
2651,2,1
153,3,0
8606,3,0
4958,3,1
8105,0,1
482,1,0
1468,1,0
9941,3,1
2266,2,0
5508,2,0
3850,1,0
4697,0,0
1053,2,1
7915,1,0
5714,3,0
8637,3,0
6682,1,0
3244,2,0
5333,1,0
413,3,1
2068,3,1
9151,2,1
5283,0,0
9916,1,0
6971,0,0
6622,1,0
5373,1,0
1987,1,0
7201,3,1
7983,3,1
5087,2,0
5558,2,0
767,1,0
5285,3,0
4541,1,0
4421,1,0
8121,2,1
8665,2,0
7901,2,1
1561,2,1
3517,1,0
9566,1,1
5051,2,0
5343,3,1
2706,2,1
5358,0,0
3704,2,0
4376,3,1
5692,1,0
8709,3,1
5398,3,1
603,3,1
9826,1,0
6048,2,0
2239,1,0
4433,3,1
2524,2,1
2986,0,0
7388,3,1
9391,2,0
1716,3,1
6568,3,1
1091,2,0
8685,2,1
2460,3,0
7875,2,0
688,1,0
9739,2,1
7109,0,0
814,2,0
3765,3,1
8058,3,1
3382,1,0
5236,1,0
9879,2,1
1746,3,1
2588,1,0
9004,2,1
7709,3,1
9738,2,1
5596,1,0
5483,2,1
6687,0,0
3716,2,0
4798,3,1
898,2,0
3551,1,1
4056,2,0
6541,2,1
1018,2,1
6141,2,0
5022,2,1
3785,1,0
820,2,1
8486,2,1
3329,3,1
4135,2,0
4201,2,0
1379,2,1
1841,3,1
9778,1,0
7308,1,0
894,3,1
2240,2,1
1085,2,1
3557,3,1
9857,3,1
4584,2,1
1222,3,1
8922,2,0
2065,1,0
2404,2,0
664,1,0
548,2,1
9654,1,0
5153,3,1
5363,2,1
6380,0,0
6381,3,0
2326,2,1
9263,2,1
220,0,0
9147,2,1
9633,2,0
4432,3,1
558,1,0
6919,1,0
8822,2,0
5513,2,1
8315,2,1
2605,1,0
3506,3,1
9893,3,1
2053,3,0
7732,1,0
632,3,0
223,0,0
9525,1,0
9112,2,1
8333,2,1
715,1,0
5309,0,0
4952,2,1
1480,2,1
6729,2,1
701,3,1
4566,2,1
440,2,0
263,1,0
2050,1,0
849,1,0
8799,1,0
6335,2,1
8414,3,1
7337,3,1
5481,3,1
9610,3,0
755,3,1
4346,1,0
5565,2,0
4525,3,1
5104,1,1
396,1,0
2477,2,1
7742,3,1
3354,3,1
8609,0,0
6032,2,0
2400,1,0
2207,3,1
1886,2,1
6063,3,1
1507,2,1
9582,2,0
461,2,0
8567,3,0
4061,2,0
3138,3,0
958,3,1
9079,2,1
5136,2,1
8743,2,1
9520,3,1
1723,1,0
3328,3,1
6072,3,1
5914,3,0
935,1,1
3619,1,1
8946,0,0
6666,2,0
6554,2,0
4609,1,0
763,2,0
7045,2,0
8816,2,1
2519,2,0
7187,2,0
103,3,1
6513,2,1
4936,3,1
6801,3,1
2264,0,0
5942,3,1
3357,0,0
9014,3,0
259,2,1
4577,2,0
9595,2,1
4450,3,1
334,2,0
6507,1,0
3947,1,0
6823,2,0
5822,2,0
6595,3,1
6617,2,0
1712,1,0
2501,3,0
7313,2,0
2341,3,1
8999,2,0
9491,3,1
8488,1,0
8879,3,0
6126,2,0
665,2,1
4354,2,0
76,2,1
2834,2,0
9304,2,0
659,3,1
4386,2,0
3483,1,0
3197,3,1
4962,2,0
6160,2,1
1771,3,0
5185,3,1
1495,3,1
5491,2,1
9020,2,0
5711,3,1
8646,2,0
4738,2,0
6579,2,0
374,2,0
2392,1,0
3572,0,0
6907,3,1
4524,2,0
9979,1,0
9640,2,0
670,3,1
4923,2,0
4333,3,1
8077,3,0
6795,2,1
1167,1,0
7162,3,1
7878,1,0
69,3,1
72,3,1
2075,2,1
6639,1,1
3501,3,1
3992,2,1
2011,3,0
9708,3,1
2106,2,1
1985,3,1
2891,3,1
6767,3,0
5356,2,0
9037,2,0
5919,2,0
3798,2,0
2497,1,0
7635,3,1
6178,2,0
3718,2,1
4534,1,1
6723,3,1
6713,2,1
4102,3,1
7592,1,0
4802,0,0
4680,2,0
5694,3,1
4176,2,0
4977,3,0
518,0,0
4942,3,1
2451,3,1
7424,2,0
4508,2,0
7002,1,1
2921,1,0
4241,3,1
4957,2,0
1843,2,1
8400,2,1
1905,1,0
5680,3,1
3823,1,0
541,2,0
3735,3,1
6333,1,0
3491,3,1
9580,3,1
6029,3,1
6158,2,1
3436,2,1
3336,2,1
4794,3,1
1845,2,0
8502,2,0
2161,3,1
8718,1,0
3754,3,1
3409,1,0
5566,2,0
2720,1,0
9110,3,1
2012,3,0
8579,3,1
9839,2,1
1,0,0
3238,2,0
7429,1,0
451,0,0
7622,2,1
6566,2,1
6539,2,1
9754,1,0
8690,2,1
1317,3,1
8008,1,0
6175,2,1
650,3,1
1299,3,1
4180,3,1
408,2,1
1916,1,0
4845,3,0
5796,2,0
2823,2,1
4306,2,0
1816,1,1
8001,3,0
3569,3,1
8234,3,1
8440,3,1
5729,3,0
2675,3,0
3872,1,0
636,3,1
6634,0,0
7260,3,0
6102,2,0
3245,0,0
9920,2,0
7668,2,0
4505,3,1
4510,1,1
9427,0,0
2660,2,1
5562,2,1
7012,3,0
832,2,0
5896,1,1
2191,1,0
4760,1,0
7407,3,1
2819,3,1
7396,3,1
5594,1,0
5339,3,1
168,1,0
1502,1,0
6182,2,1
5112,3,1
2973,2,0
7410,0,1
230,3,0
289,3,0
6423,3,1
2079,2,0
3392,3,1
3795,2,0
1166,2,0
104,2,0
6501,1,0
402,3,1
9650,3,1
9046,3,1
1280,1,0
612,1,0
656,2,0
4497,3,1
4999,2,0
3086,1,0
2274,1,0
1531,3,1
7119,3,1
5996,1,1
3543,0,0
6071,1,0
1024,3,1
890,1,0
3876,0,0
303,1,0
4012,2,0
4411,3,1
1057,1,0
2150,1,0
9064,2,0
8409,3,1
8358,3,1
9314,1,0
5900,1,0
3250,1,0
6003,3,1
7370,3,1
37,2,1
2285,2,1
7136,3,0
7620,1,0
2090,2,0
7385,3,1
6748,1,0
7586,2,0
9019,2,1
828,2,1
9686,3,1
1619,3,1
2413,1,0
2409,3,1
6934,1,0
9512,3,1
4359,2,1
4010,1,0
128,2,0
2503,2,0
1702,3,1
7372,1,0
9664,3,0
9529,3,0
434,1,0
6073,2,1
2252,2,1
4000,2,1
2306,3,1
9623,3,1
3781,3,1
9045,1,0
266,3,1
1011,1,0
2352,2,1
588,1,0
7613,3,1
4050,0,0
7172,2,1
2416,3,1
1156,3,1
4454,3,1
2782,3,1
5668,3,1
3918,3,1
4596,1,0
6486,1,0
969,3,1
2292,2,0
5940,2,0
6742,2,0
1211,2,1
744,2,0
7440,1,1
4351,2,1
5871,3,1
2712,1,0
4430,2,0
4698,2,1
286,1,0
654,1,1
4143,3,1
3523,2,1
3708,2,1
1825,3,1
6012,2,1
7174,2,0
1681,1,0
7320,1,0
83,2,0
7944,0,0
8736,1,1
2825,3,0
2386,0,0
2148,2,1
9347,2,0
3144,1,0
3302,2,0
5570,3,1
5924,2,1
7570,1,0
91,3,1
7154,1,0
2654,2,1
1715,1,0
8594,2,1
9040,2,1
5766,0,0
3094,2,0
9303,1,0
3171,1,1
3378,1,1
8992,3,1
9579,3,1
2879,1,0
505,1,0
101,3,1
2889,1,0
5867,1,0
4575,1,1
1227,2,1
7947,2,0
6777,0,0
214,0,0
1392,2,1
5503,3,1
4602,2,1
7375,1,1
8232,2,0
3962,1,0
1263,3,0
3335,2,0
7722,2,1
9467,2,0
6040,3,1
124,2,0
9539,2,0
9050,0,0
8028,3,1
565,3,1
1129,3,1
8613,2,1
78,3,1
9175,1,0
4691,2,1
4774,1,0
8350,2,0
8692,1,1
8023,3,1
4982,3,1
7772,1,1
2517,3,1
8224,0,0
3609,1,0
4363,1,0
4389,2,1
7838,1,0
3923,3,0
1389,2,1
1519,2,0
7824,1,0
5815,2,0
4552,2,0
1235,2,1
6049,3,1
9350,1,0
3465,3,1
1994,1,1
4998,3,1
3588,2,1
8773,3,1
8769,1,0
4329,3,1
7374,0,0
8277,3,0
5636,2,1
3167,1,0
5744,3,1
314,3,1
6253,0,0
7832,3,1
22,2,1
8437,2,0
4507,1,1
8108,3,1
3240,3,1
4127,3,1
4793,3,1
2243,2,0
9274,3,1
2771,3,1
3573,1,1
5335,3,1
8770,2,1
10,1,1
5161,3,1
8387,1,0
5868,1,0
3893,2,1
4795,2,1
5268,1,0
1545,2,0
8854,2,1
4941,2,1
2308,2,0
3527,2,1
8867,2,0
5761,2,0
6446,2,0
8760,0,0
602,2,1
5984,3,1
9069,1,0
3468,2,0
8083,2,0
5772,3,0
8360,2,0
8245,3,1
8416,2,1
3176,2,0
2707,2,1
3919,3,0
4472,3,1
7650,3,1
3331,3,1
5552,2,0
5949,3,1
7723,2,1
5773,3,1
1385,2,1
436,1,0
988,2,0
8034,0,0
4406,3,1
6208,3,0
9594,3,1
47,2,0
6737,2,1
7736,2,1
4610,1,0
8239,3,1
5088,2,1
8506,3,1
6058,2,0
6916,2,0
1648,1,0
7534,3,1
224,3,0
3294,3,1
757,1,1
3037,3,1
2690,1,0
219,1,0
5864,3,1
1743,1,1
7874,3,0
1919,3,0
9682,0,0
7262,0,0
6891,2,1
4212,3,1
5418,3,1
8182,3,1
1444,3,1
6865,1,0
3072,2,1
9072,1,0
3623,2,1
2573,3,1
4763,3,1
7903,3,0
1452,2,0
1543,1,0
6791,2,1
8525,3,1
822,2,1
3169,1,0
210,1,0
6712,1,0
7051,2,0
4837,1,0
73,1,0
8762,3,1
8894,2,1
6844,3,1
5193,0,0
5760,1,0
4103,2,1
2540,1,0
568,2,1
6871,3,1
150,2,0
7171,2,0
1440,3,1
5635,2,0
3475,3,1
3576,0,0
5219,2,1
3990,2,1
7176,2,1
6577,1,0
9775,0,0
9723,1,0
9923,3,1
6457,2,0
504,2,1
7016,2,0
5684,3,0
516,3,0
977,3,1
2908,2,0
7254,2,1
5097,2,1
9908,0,0
973,1,0
2967,1,0
4887,1,0
3092,2,0
1503,3,1
3820,3,1
4686,3,1
8217,2,0
198,3,1
2293,3,1
6846,3,1
6799,1,0
9903,3,1
993,0,0
7247,1,0
6854,1,0
9329,2,0
5929,0,0
2200,3,1
5396,3,1
1266,2,1
9158,3,0
7447,2,1
8725,2,0
1334,3,0
3537,1,0
7643,3,1
5464,1,0
2995,1,1
8861,1,0
1065,1,0
2180,3,0
7192,3,1
8989,2,0
6245,2,0
4783,3,0
6815,1,0
6010,3,1
3334,2,0
6675,2,0
2384,2,0
8446,1,0
3237,2,0
826,1,0
7787,2,1
1510,1,0
3145,3,1
3050,1,1
2946,3,1
9054,3,1
9103,3,0
9946,1,0
6082,3,1
6975,2,1
8906,2,1
574,1,1
800,2,1
655,1,0
3865,1,0
2747,3,1
3085,0,0
8487,1,0
8033,2,0
6139,1,0
815,3,1
2229,3,0
8049,3,0
9179,1,0
4166,1,0
5473,3,1
5695,3,1
8577,2,0
6574,3,0
5716,3,1
2362,2,1
17,2,0
7114,1,0
9332,1,0
448,2,0
6035,3,1
7452,3,1
9447,2,1
6326,2,0
6093,1,0
8625,0,0
4759,1,0
3235,2,0
2511,2,1
7707,2,1
5502,2,1
7677,2,0
6996,3,0
7747,3,0
4811,1,0
9392,2,1
7146,1,0
2861,2,1
1281,3,1
7548,2,1
3635,3,1
9333,2,1
4223,2,0
1488,3,1
2435,2,0
2066,3,1
8153,1,0
9663,1,0
6686,2,0
2954,2,1
870,1,0
2377,2,1
5687,0,1
7137,3,1
1175,2,1
9212,3,1
6762,3,1
126,2,0
4779,3,1
2198,3,1
2884,2,0
719,1,0
9768,2,0
2330,3,1
3665,1,0
1000,2,1
1256,1,0
2890,1,1
8167,2,0
3477,1,0
6173,2,1
9891,1,0
3464,1,0
9095,3,1
8081,2,0
3984,2,1
8135,3,1
3352,1,0
3516,2,0
3816,1,0
9713,0,1
4544,3,1
4375,3,0
2676,3,0
9969,3,0
6719,0,0
7686,2,1
9703,2,0
9321,3,1
2669,3,1
7978,3,1
9986,3,1
4529,3,1
7795,3,1
6624,1,0
8774,3,0
578,3,1
9756,1,1
9567,2,1
990,3,0
1765,2,0
5068,3,1
8749,1,0
9988,3,1
161,2,0
5201,2,1
2718,2,1
1714,0,0
6199,3,0
472,2,1
4563,2,1
2670,2,0
7377,2,1
9127,3,1
4556,1,0
3524,3,1
6571,2,1
6649,3,1
6118,2,1
1269,1,0
7164,2,1
657,3,1
897,2,0
1572,1,0
7624,3,1
251,3,1
6254,2,1
7441,1,0
2421,3,1
9324,1,0
1309,3,1
2504,3,1
6459,1,1
3948,3,1
909,3,1
8571,2,0
9589,1,0
8607,2,1
6827,3,1
7190,2,1
4947,3,0
9130,3,1
5149,3,1
4489,0,0
5510,2,1
6589,3,1
3630,3,1
8803,3,0
2174,3,1
7475,3,1
6688,2,0
3833,2,0
7819,2,0
4040,1,0
4440,1,0
4287,3,1
9033,3,1
3714,1,0
1063,1,0
1548,3,1
2437,3,1
4808,2,1
7021,2,1
2209,1,0
9801,3,1
1518,1,1
8845,2,1
3931,3,0
6325,1,1
7619,1,1
2955,0,0
4453,2,0
8535,3,0
7893,2,0
1067,2,0
5432,1,0
5648,2,0
9107,2,0
1139,1,0
8465,2,0
8274,3,1
6112,3,1
1010,1,0
1685,2,0
3826,3,1
975,3,1
1944,1,0
9982,2,1
240,3,1
8600,3,1
8289,3,0
2752,3,1
3624,2,0
6925,3,1
3805,2,0
4707,1,0
3183,1,0
9222,1,0
5725,2,0
3510,1,0
2641,1,0
4969,3,1
948,2,1
5015,2,0
2474,3,1
3927,3,0
6677,3,1
8954,1,0
4471,2,1
8091,2,1
2909,0,0
5218,2,1
1756,3,1
7694,2,0
295,1,0
7472,2,1
9234,1,1
7129,0,0
2754,3,0
8980,2,1
5187,2,1
100,3,1
137,3,1
1535,2,0
1679,3,1
5520,3,0
503,3,1
2411,2,1
1073,3,0
9927,1,0
6309,3,1
9421,2,0
5728,2,0
2388,1,0
6387,2,0
5947,3,1
261,3,1
5726,2,1
4259,1,1
8207,2,1
4437,3,1
6626,2,1
1885,1,0
7094,3,1
3997,3,1
6000,1,0
344,2,0
8268,2,1
6696,2,0
3513,2,0
4581,2,0
5239,3,1
1141,1,0
1434,3,1
8071,3,1
5638,2,0
891,0,0
7462,2,1
1804,3,0
944,1,1
9619,3,1
730,3,0
4714,3,1
5764,2,1
5106,0,0
4191,3,0
8434,2,0
1267,0,0
1749,2,0
4597,2,0
4198,2,1
7823,1,0
8909,3,1
1205,1,0
5251,3,1
2049,2,0
3314,2,0
3978,3,0
3321,3,1
5306,2,1
8162,3,1
5724,1,1
5108,3,1
6044,3,1
1325,2,0
9219,2,0
738,2,0
272,1,0
9671,2,1
7750,3,1
9501,2,1
347,3,1
1947,1,1
5350,1,0
3611,3,1
5923,2,1
2300,3,1
1986,3,0
8129,3,1
5479,2,1
720,3,0
2900,2,1
7941,3,1
4716,2,0
4115,3,1
6242,3,1
6143,1,1
7802,3,0
186,3,1
3369,1,1
6314,3,0
885,2,0
5093,0,0
1941,3,1
8241,2,1
8842,2,1
6644,1,0
901,3,1
4498,2,0
9614,3,1
4160,2,0
4029,3,1
7631,1,0
913,2,1
7540,3,1
4130,3,0
887,1,0
7531,3,1
7486,3,1
9018,3,1
7710,0,0
9769,2,0
9585,3,1
7325,3,1
3913,3,1
3835,1,1
9813,3,1
3200,2,1
7550,0,0
1492,3,1
419,1,1
1360,2,0
7373,2,0
9465,3,1
8963,0,0
3372,2,0
8325,3,1
1508,3,1
7376,2,1
4228,3,0
5887,3,1
6885,3,1
3819,1,0
5186,2,0
3618,0,0
3750,0,0
1070,1,0
2359,0,0
2453,3,1
8320,1,0
3559,1,1
6728,3,1
964,0,0
7369,3,0
2742,1,0
1481,2,0
2186,2,1
6135,2,0
2708,1,0
9432,2,0
2512,1,0
9951,1,1
7591,2,1
9209,3,1
517,2,1
7503,3,1
4523,3,1
4593,2,0
1173,2,0
4015,2,1
7798,3,1
4858,2,1
8604,2,0
6022,2,0
959,3,0
2481,2,0
3190,3,0
4630,2,1
6590,2,0
7674,0,0
197,1,1
8620,1,0
2363,3,1
5833,1,0
4341,3,1
9841,2,0
7516,2,0
838,3,0
3530,1,0
3592,2,0
4113,2,1
1868,2,0
4514,3,0
5804,3,0
9312,3,1
4826,3,1
3937,1,0
3047,2,1
5723,1,0
95,1,1
9750,2,1
5058,1,1
6268,2,1
8109,1,0
8688,3,1
4435,3,1
6372,3,0
7163,3,1
1665,2,0
9285,2,1
797,3,1
5514,2,0
7507,2,0
3852,3,0
3146,2,0
1615,2,1
7259,2,1
3930,1,0
5667,0,0
3113,2,0
3295,1,1
8591,1,0
3076,3,1
9049,2,1
2639,3,1
336,3,1
9821,2,1
6438,3,1
6550,1,0
3035,2,1
39,1,0
5085,1,0
5485,3,1
134,2,1
6212,2,1
1684,3,1
8377,2,0
3165,3,1
55,1,0
6689,1,0
6905,2,1
9270,2,1
1808,2,0
8572,0,0
4617,2,1
9200,1,0
6596,0,0
285,1,0
7790,2,0
8195,2,1
1562,0,0
1493,2,1
2648,2,1
1016,1,1
5609,1,0
234,2,1
731,1,0
4864,1,0
5484,3,1
9676,2,1
4158,2,0
7700,0,0
9440,1,0
2830,1,0
7057,2,1
8652,3,1
9322,0,0
9337,2,0
8221,2,0
4671,1,0
8610,2,1
7149,3,1
5411,3,1
7102,1,0
4492,2,0
1626,3,1
9256,2,0
7505,3,1
9716,2,1
7224,2,1
4665,2,0
4564,3,1
6276,3,0
1128,0,0
8981,1,0
2348,2,1
1200,2,1
6734,3,1
7058,2,1
1995,1,0
4533,1,0
599,2,0
9905,3,0
2199,3,1
7616,3,1
4869,2,1
2510,2,0
7100,3,0
6813,2,1
9066,1,0
4317,3,1
7657,2,0
9959,3,0
7752,2,0
3296,2,1
7889,2,0
8660,3,1
2777,2,0
2176,2,1
4364,2,1
1981,0,0
9632,2,1
865,0,0
1198,2,0
5091,2,0
9808,2,0
9651,2,0
1076,2,0
7785,3,1
395,1,0
7483,2,1
6220,1,1
3655,2,1
248,3,1
5165,1,1
7604,1,0
5933,1,0
5103,1,0
8686,2,0
8890,2,0
2290,1,0
4876,3,1
4854,2,0
6330,3,1
2527,2,0
741,3,1
8779,2,0
6863,1,0
7497,3,1
9117,2,1
120,2,1
9770,3,1
5509,0,0
8793,2,1
5532,0,0
2076,1,1
537,1,0
7086,1,0
2859,1,0
2975,1,0
9428,2,1
7911,3,1
1635,1,0
8820,1,0
3333,2,0
4797,2,1
6545,3,1
4357,2,1
9144,2,1
6251,2,0
1240,3,0
1465,3,1
2040,3,0
4253,0,0
3274,3,1
4473,2,0
68,1,0
3563,1,0
473,2,0
2074,3,1
3646,3,0
1100,1,0
1340,3,0
1387,2,0
7877,1,0
415,1,0
3600,3,0
7105,1,0
2132,3,1
5360,1,0
1080,2,1
6572,2,0
1253,2,0
1824,1,0
1419,1,0
7413,3,0
923,2,0
9266,1,0
9656,2,0
8263,1,0
7363,2,1
2091,3,1
8626,1,0
7050,2,1
986,0,0
4044,2,0
5898,2,1
3634,1,1
238,1,0
9374,3,0
7754,3,1
3961,1,0
5557,2,1
6873,2,1
6826,2,1
6685,3,1
3479,2,0
3702,1,0
4769,3,0
5351,2,1
4883,1,0
7257,3,1
3680,2,1
7368,2,0
2767,2,1
9975,3,0
26,3,1
8264,2,0
6674,2,1
9557,3,1
340,1,0
5993,3,1
5501,1,1
4877,2,0
5232,2,0
5876,2,1
2874,0,0
7235,2,0
8419,3,1
3901,1,0
3293,3,1
4233,2,1
2694,2,0
2393,1,0
7127,3,1
2127,0,0
8831,1,0
1428,3,1
149,3,1
3605,2,0
6338,3,1
4121,2,1
8915,2,1
3339,0,0
4897,3,1
3801,2,0
8892,2,0
6693,3,1
726,2,0
8678,3,1
4842,2,1
7884,2,0
972,2,0
7091,3,0
2838,2,1
8142,2,1
4560,2,0
2465,2,0
6593,1,1
1662,3,1
8396,1,0
9211,1,0
5877,3,0
189,3,1
1620,2,1
5581,2,0
4414,2,1
7728,2,0
1970,2,0
3323,2,0
7776,3,1
8321,3,1
5841,2,0
1631,2,0
9163,2,0
5395,2,0
2705,3,1
1553,3,1
2826,1,0
4181,2,1
188,1,0
4367,0,0
1735,0,0
5329,3,1
3412,1,0
3994,2,1
3898,1,0
9473,3,1
365,2,1
7479,3,1
29,2,1
3437,3,1
8941,0,0
8574,2,1
2138,2,1
8543,0,0
7042,2,1
9383,1,0
2544,0,0
3480,1,1
4866,2,1
1602,2,0
5000,2,0
8363,1,0
7931,1,0
4653,2,0
7463,3,1
4005,2,0
193,3,1
3029,2,1
7495,1,1
8933,0,0
7478,3,1
9155,3,1
2905,2,0
7669,2,1
4955,2,0
5727,1,1
2924,0,0
2269,3,1
4174,3,1
7927,2,1
5550,0,0
3832,1,0
8710,3,0
9176,3,1
5542,3,1
4090,0,0
7344,1,0
6426,3,1
848,1,0
1279,3,1
5213,3,0
3470,2,1
4909,1,1
2267,0,0
1638,1,0
6004,2,0
5523,2,0
1920,2,0
9015,2,1
5132,1,0
9180,3,1
4911,2,0
1153,2,0
2353,3,1
2097,2,1
9439,2,0
4787,0,0
6293,3,1
469,2,0
978,1,0
3541,3,1
9670,1,0
3292,1,0
2851,2,0
8259,3,1
6448,2,1
9335,2,0
6464,1,0
8900,1,0
7456,1,1
2366,1,0
9528,3,1
4954,1,0
3965,3,1
439,1,1
6733,2,1
3395,2,1
9080,3,1
377,1,0
4892,1,1
4933,1,0
3223,3,1
9166,2,0
417,3,1
9442,1,0
8975,0,0
281,2,0
217,2,1
115,2,1
2688,2,0
9038,1,0
3015,2,1
4401,1,0
7438,2,1
4151,3,1
1217,3,1
1565,3,1
5738,2,0
3766,2,0
5884,1,0
708,2,1
2429,1,0
1642,2,0
5408,2,0
2926,2,1
3813,2,0
5364,2,0
19,0,0
7243,2,0
3381,2,0
6001,3,1
524,3,1
1523,1,0
6397,1,0
3116,2,1
5693,2,1
2996,1,0
6458,3,1
794,3,1
2067,3,0
714,2,0
7395,1,0
4824,3,1
9760,3,1
4410,3,0
7971,3,1
6812,2,0
3743,3,0
8271,2,0
3229,2,0
6927,3,1
2539,3,1
6722,0,0
1027,2,1
9364,2,1
3024,0,0
7241,2,0
1184,1,1
6116,2,1
7090,3,1
3864,2,1
3531,1,0
2043,1,1
6061,1,0
6655,3,1
577,2,1
9295,3,1
1588,2,1
8189,3,1
71,3,0
1310,2,0
8359,2,0
4313,3,1
4989,2,1
3877,0,0
7011,2,0
8877,2,0
5144,2,0
4459,1,0
4195,1,0
3983,1,0
9863,1,1
8558,3,0
4570,1,0
7940,2,0
1728,2,1
6132,3,1
3562,3,1
5651,0,0
4904,2,0
4746,2,0
3212,3,1
2913,3,1
8113,1,1
1196,0,0
2407,3,1
9666,3,1
9111,3,0
1794,3,1
1737,0,0
4461,1,1
9060,1,1
3964,1,0
2865,2,1
4210,2,0
4013,3,1
3482,2,1
4732,2,1
4305,1,0
3745,0,0
8984,2,0
6443,3,1
4220,2,1
1460,3,1
2941,2,1
7175,1,0
6111,2,1
9991,3,1
566,3,0
479,3,0
5604,1,0
4717,1,0
4972,1,0
5312,3,1
925,3,1
371,2,0
4162,1,0
5107,1,0
2769,2,1
1599,2,0
2167,0,0
8636,1,1
7712,3,1
7633,3,1
2317,1,0
1401,3,1
5546,1,0
1627,1,0
7506,2,0
7649,2,0
2939,1,0
7400,2,1
5991,3,1
4265,0,0
215,3,1
5934,0,0
5026,2,0
1865,1,0
7293,3,1
624,3,1
9872,2,1
2202,1,0
4925,1,0
9714,3,1
4846,2,1
2112,1,0
7347,0,0
3975,2,0
3036,2,0
8111,1,0
6943,1,0
5340,1,0
7360,1,0
4283,2,1
9119,2,0
9537,1,1
9142,2,0
4720,2,0
8467,3,1
5582,3,1
7708,3,1
1353,2,1
7992,1,0
8901,0,0
7648,2,1
5100,2,0
1837,2,1
836,3,1
9105,3,1
7365,2,0
205,3,0
3799,3,1
4829,3,1
6375,1,0
5659,1,0
6026,1,0
6324,0,0
1323,1,0
750,3,1
8065,1,0
2490,3,1
4891,2,1
7470,3,1
283,2,0
2740,3,1
2403,3,1
3744,3,1
8247,2,0
2979,3,1
7718,3,1
2391,3,1
7165,3,1
5894,2,0
7223,3,1
1528,3,1
4542,1,0
114,3,1
8878,3,1
8549,3,1
2569,1,0
8781,2,1
147,3,1
8887,3,1
4339,2,0
9997,3,1
7311,2,1
3052,1,0
7099,2,0
1624,2,0
3957,1,0
4075,2,0
5972,1,0
3780,2,0
762,2,0
7405,3,1
3441,3,1
7865,2,1
1394,3,0
6711,3,1
9408,2,1
132,3,1
2230,2,0
8723,2,0
4517,0,1
7282,3,1
9426,1,0
4511,2,1
7332,3,1
4405,2,0
2224,2,0
1290,2,1
1305,3,1
912,1,0
231,3,1
3629,1,1
411,3,1
8318,0,0
3969,3,1
1608,3,1
2732,3,1
4754,2,1
4713,1,1
2652,0,0
3505,3,1
2692,3,1
7450,3,1
3011,3,0
867,2,1
4966,3,1
8312,2,1
1099,3,1
7794,2,1
2032,2,1
7031,2,1
1412,1,0
5177,2,0
4016,2,1
8497,3,1
2472,3,1
2261,1,1
4332,1,0
8667,3,1
8503,1,0
8528,1,0
4580,2,1
1096,1,0
5580,3,1
183,2,1
1045,2,1
3061,2,1
1251,3,1
468,0,0
8500,1,0
4767,3,1
7628,3,1
6892,3,1
572,3,1
2912,1,0
9825,3,1
6597,2,0
427,1,0
1464,2,1
3003,3,0
8988,1,0
1110,1,0
9239,2,0
6367,3,1
9485,2,1
3689,1,0
8916,2,1
4190,1,0
7290,2,0
7987,2,1
3320,3,1
5663,3,0
1082,1,0
4282,1,0
6315,1,0
3433,2,0
6807,1,0
3493,3,1
4021,2,1
5758,3,0
8757,3,1
1486,2,0
1234,3,1
9277,3,0
1149,2,1
1288,2,0
3215,2,0
5301,1,1
2423,2,0
8695,2,0
3282,1,0
4587,1,0
4214,1,0
628,2,1
3117,2,0
2244,2,0
9639,2,0
2095,2,0
7892,2,0
1462,2,1
3504,1,0
236,0,0
3290,3,1
846,2,0
5906,3,1
7150,1,0
7269,2,0
2746,3,0
8170,2,1
6895,2,1
9675,2,1
2346,2,0
2931,3,1
2042,1,0
6755,1,0
9167,2,0
1301,3,1
6988,2,1
4245,1,0
319,3,1
4280,1,0
7831,2,1
2916,3,1
1335,1,0
9261,2,0
695,2,0
8914,3,0
4900,2,1
3670,2,1
9055,2,1
4624,0,0
3815,1,1
7514,2,0
3787,1,0
6935,3,1
6149,3,0
1199,1,1
5613,3,1
2786,1,0
1557,1,0
2964,1,0
2125,1,0
575,3,1
2390,1,1
2809,2,1
5549,3,1
6030,2,1
4423,3,0
3955,0,0
1272,2,0
7965,2,1
1688,2,1
1437,3,1
1328,2,0
2600,3,1
59,3,1
5832,3,0
4249,3,1
2245,3,1
3769,1,0
6478,2,1
3519,2,1
9390,1,0
5334,3,1
9371,3,1
6018,2,1
8349,2,0
173,1,0
4196,2,1
1081,1,0
5599,3,0
4729,1,0
3693,1,0
8340,3,1
8775,3,1
8742,3,1
9182,1,1
4267,2,1
6138,1,0
4974,0,0
6653,3,1
3109,0,0
5174,3,1
2778,3,1
7683,1,1
9644,1,0
4179,3,1
3074,1,0
8044,2,0
5013,2,0
2063,1,1
5712,2,1
2709,2,1
2988,1,0
3533,2,0
880,2,1
8256,2,1
5043,2,1
178,3,1
6606,2,1
3503,3,1
5698,1,0
1567,2,0
7922,2,1
6075,1,0
257,1,0
830,3,1
2678,2,1
8674,1,0
4871,3,0
7326,3,1
9804,1,1
2508,2,0
5290,2,0
6768,3,1
592,2,0
3717,2,1
9521,3,1
5380,2,0
9546,2,1
4751,0,0
7302,3,1
2934,2,1
9367,2,1
1406,3,1
8427,3,1
4574,2,0
4935,0,0
7270,3,1
4613,3,1
4425,3,1
8002,2,0
1729,0,0
6064,3,1
2364,2,1
4675,3,0
9950,3,1
3518,1,0
3791,1,1
5854,2,0
6357,0,0
2087,1,1
1853,1,1
8212,3,1
8311,3,1
4009,3,1
2331,3,1
6529,3,1
184,2,0
5528,2,1
5874,3,1
8575,2,0
5577,2,0
9618,2,0
710,3,1
2084,3,1
3678,3,0
1664,3,1
4240,1,0
1516,2,0
1830,2,1
420,1,0
9948,2,0
4700,2,0
9132,1,0
7645,3,1
8581,2,0
2476,3,0
5494,1,0
3584,1,0
6705,3,1
30,3,1
1603,2,0
2313,0,0
2645,3,1
6825,1,0
330,2,0
7711,2,0
7636,0,0
4634,2,1
7634,0,0
1537,2,1
7112,1,1
8395,1,0
4020,2,1
2592,0,0
7152,1,0
962,2,0
8299,2,1
3180,3,1
9992,2,0
9145,3,1
947,1,0
1114,2,1
5182,2,1
9980,2,0
7283,1,0
112,2,0
6668,1,0
9484,3,1
6580,2,1
8531,3,1
5706,2,0
7814,3,0
2907,2,0
8545,1,0
2536,2,0
9490,1,1
9598,1,0
8669,3,0
2297,2,0
8548,2,0
9815,2,0
7545,3,1
1762,1,0
138,3,1
2820,2,0
9706,3,1
3023,2,1
704,1,0
8484,3,1
8094,2,0
6028,2,0
4636,3,0
8297,3,1
2314,2,0
1346,2,1
8148,1,0
6244,2,0
7654,2,1
9267,0,0
3219,2,0
3844,2,0
7603,3,1
2932,3,0
4052,1,1
5007,3,1
2958,1,1
6327,1,0
9272,1,0
8624,1,0
6968,1,0
7897,2,0
3248,3,1
8418,2,1
673,1,0
1226,3,1
5917,3,1
2749,3,1
7601,2,1
8763,3,1
3126,0,0
8597,2,1
2184,2,1
353,1,0
4206,2,1
9707,2,1
4290,3,1
3175,1,0
1206,3,1
7521,3,1
9748,1,0
459,3,1
3456,3,0
551,2,0
6508,3,1
6703,2,1
2223,2,0
2462,3,1
2291,2,0
201,2,0
8166,3,1
685,3,1
5282,2,1
3088,2,1
5848,3,1
1877,2,0
7861,1,0
5245,0,0
6881,1,0
7809,2,1
4825,3,1
4006,3,1
6923,2,1
2758,3,1
2920,3,1
8712,3,0
1570,3,1
9317,2,0
6204,2,1
1530,1,0
8270,2,0
4975,1,0
4072,2,1
507,0,0
8592,3,1
9174,2,0
7039,3,1
8172,2,0
4770,1,0
4924,1,0
2942,2,0
9698,2,0
8433,2,0
7219,3,1
7763,2,1
6858,2,1
9233,2,0
4445,3,1
1171,2,1
2855,2,1
1134,3,1
6014,3,1
429,2,1
5422,3,1
1850,2,0
2498,0,0
3453,3,1
9765,3,0
1215,0,0
7498,1,0
3909,2,1
3077,2,1
9788,1,1
3915,3,0
4047,3,1
9382,3,1
2237,1,0
7614,1,0
3925,2,0
1015,2,0
3649,1,0
4739,2,1
4757,3,1
5734,3,1
7022,2,1
4766,3,1
4057,2,1
7173,1,1
8821,2,0
8410,3,1
3511,1,0
7010,2,1
3685,2,0
7853,2,0
470,2,1
7567,3,1
9173,3,1
9569,2,1
5735,1,0
9504,2,1
4983,2,1
3318,3,1
3759,3,1
539,2,1
3803,2,1
8650,3,1
5849,2,1
844,1,0
920,2,1
2099,2,1
4141,3,0
9840,2,0
2026,3,1
2816,3,1
9409,2,0
698,3,1
4622,1,0
9477,1,1
9699,2,0
9136,0,0
2584,3,0
9435,3,1
2894,1,0
6503,1,0
1901,3,1
1686,3,1
2951,3,0
4537,2,1
1324,2,0
162,2,1
2254,0,0
7693,3,1
1549,2,1
5449,2,1
8746,3,1
9509,2,1
1918,3,1
6214,2,0
9162,3,1
8118,3,1
2440,2,1
8450,3,1
3642,3,1
8875,1,0
8423,0,0
3188,2,0
4960,3,1
5249,2,1
7436,3,1
3454,3,1
7158,2,1
9082,1,0
3377,2,1
8809,2,0
6800,1,0
4149,3,1
8316,2,0
2559,0,0
6201,2,0
7958,2,1
7791,2,1
7144,2,0
9749,0,0
2389,0,0
9858,3,1
2703,2,1
4476,3,1
4773,3,1
4889,2,0
4398,2,1
6933,3,0
6168,2,1
4673,3,0
6416,2,0
1900,2,1
4855,2,1
9369,2,0
2272,3,1
2844,2,1
2773,0,0
6505,3,1
2664,3,1
9100,1,0
116,3,1
564,1,0
2567,1,0
6963,1,0
3241,1,0
3136,2,1
2779,3,1
8457,2,1
5994,1,1
1859,2,1
2553,1,0
8013,0,0
635,3,0
5548,3,1
8644,3,1
5349,3,1
7156,1,0
1826,2,0
4315,3,1
6163,2,0
3435,3,1
9028,2,0
4230,2,0
4293,2,0
1721,3,0
8483,3,1
8771,1,1
7319,3,0
5825,2,0
9724,3,1
1835,3,1
583,2,0
8181,1,1
4650,0,0
9346,3,1
3021,2,0
4292,0,0
3590,3,1
6304,2,0
4197,3,1
7265,1,0
2250,3,1
3111,3,1
8159,2,1
2397,2,1
9078,3,1
8338,2,1
5629,3,0
5901,2,1
1776,1,1
9919,2,0
5805,2,1
4273,3,1
7757,3,1
2801,1,0
5935,2,1
9201,2,1
4248,2,0
2485,3,1
5223,3,1
6965,2,0
6034,1,1
7551,3,1
6084,1,0
3033,2,0
2513,3,1
1690,3,1
2325,0,0
759,1,0
4436,1,0
4237,2,1
916,1,1
5575,2,0
5982,3,1
5966,3,1
3581,1,0
5826,1,0
5690,2,0
5102,1,0
4479,2,1
6819,1,0
8704,1,1
93,2,1
8570,2,0
5964,1,0
3013,0,1
1044,3,1
1807,0,0
8811,0,0
8326,3,0
1294,2,0
780,2,1
4657,2,1
6931,2,0
5255,0,0
7698,1,0
6087,1,0
4980,1,0
1894,2,0
1696,3,1
8373,3,0
9282,2,1
5028,2,1
8477,2,0
8209,3,1
2443,2,0
7904,1,0
2160,2,1
9956,2,1
8176,3,1
1109,3,1
5098,3,1
2977,2,1
3115,1,0
5225,3,1
8798,3,1
1438,2,1
4991,2,0
737,3,1
6608,3,1
1069,3,0
2158,3,1
7847,0,0
9053,0,0
6820,3,1
6862,3,1
1105,3,1
6806,2,1
563,3,1
8007,0,0
3082,1,0
8200,3,1
5601,3,1
2350,1,0
243,2,0
5802,1,0
6784,2,0
1869,0,0
7471,3,1
8276,2,1
8871,2,0
339,2,1
5040,2,1
3217,1,0
2118,2,0
7662,1,0
5400,3,1
1710,3,1
1098,2,0
1087,3,1
7062,2,0
8865,1,0
8175,3,1
2960,3,1
3960,1,0
4841,2,0
5639,2,0
6918,1,1
8797,1,0
6403,3,1
5936,0,0
669,1,1
4289,2,0
6756,3,1
5431,2,1
651,3,0
4645,2,1
8138,3,1
511,1,0
4080,2,0
6942,1,0
9286,0,0
6484,3,1
8074,1,0
5661,1,1
7515,3,1
2414,1,0
5751,1,0
4356,3,1
8918,1,0
6374,2,0
2143,1,0
9544,2,0
4262,1,0
2983,2,1
8114,3,1
3553,3,1
3556,2,1
7576,1,0
860,1,0
7835,2,0
4286,2,1
9361,3,0
7744,2,0
3586,1,1
4554,3,1
5118,2,0
6604,2,0
6684,2,0
3526,0,0
7881,0,0
8675,0,0
8144,0,0
4820,1,0
5099,2,0
2743,1,0
7314,3,1
2280,2,1
6086,2,0
8679,2,0
5317,3,1
8907,2,1
2734,3,1
2723,2,0
4731,3,1
4153,2,1
7394,1,1
5499,2,1
4155,2,1
7354,2,1
7191,3,0
1048,2,0
2656,2,0
1260,3,1
4658,2,0
6382,2,1
8519,1,0
4067,2,1
1292,3,0
3794,2,1
6856,2,1
8642,3,1
5592,3,1
2027,2,0
8697,3,1
7597,3,0
355,3,1
462,2,0
107,3,1
3091,3,1
1671,3,1
5779,2,1
9229,2,0
809,3,1
7975,2,1
6981,2,1
5323,0,0
6718,1,0
508,3,1
9727,0,0
8847,1,0
6306,1,0
7607,3,0
9680,2,0
2647,3,1
2546,1,0
1432,3,1
4748,2,0
6780,1,0
4444,3,1
7453,1,0
4548,2,0
4927,3,1
3690,1,0
9385,2,0
1724,3,1
9952,2,0
872,2,0
5731,1,0
1767,2,0
3800,2,0
9377,3,1
5066,2,0
2255,2,0
2839,2,1
6358,3,1
758,0,0
8858,2,1
4994,2,1
9764,3,1
7818,3,1
8261,3,1
9230,3,1
3363,3,1
842,1,0
242,3,1
4791,3,1
2081,1,1
1654,1,0
8699,2,1
3057,3,1
5783,2,1
6914,2,1
3788,1,0
9752,2,1
9009,3,1
5743,1,0
123,2,0
6128,3,0
8666,3,1
6842,3,1
7951,1,0
8022,3,1
5430,2,0
3521,1,0
2621,2,0
2947,3,1
2617,1,0
4501,1,0
1421,2,1
6847,3,1
5989,2,1
8215,2,1
3019,2,0
5466,3,1
8748,2,1
8829,3,1
601,3,1
9375,2,1
5480,3,1
1137,3,1
1239,3,1
2257,3,1
5314,2,0
2374,3,1
3664,3,1
1962,3,1
9483,2,1
7454,2,0
5952,2,0
4343,1,0
6511,2,0
9293,2,1
5260,1,0
7788,3,1
8982,1,0
2852,2,0
2985,0,0
5031,1,0
6025,1,0
2085,3,1
1151,3,1
5142,3,1
4060,2,0
4986,3,1
4168,1,1
8638,2,1
337,0,0
8758,3,0
5047,3,1
7753,2,0
62,1,0
4661,2,1
6708,3,0
3000,0,0
5017,3,0
2971,2,1
1607,3,1
8722,1,0
7147,2,1
1945,1,0
5647,1,0
9289,3,1
8533,3,0
523,3,0
3544,2,0
8784,2,0
7644,0,0
2236,1,0
6620,1,0
5229,3,1
6440,3,0
8603,3,1
6258,2,1
533,1,0
5319,3,1
8615,1,0
7587,3,1
9779,3,1
5021,3,1
7382,2,0
6088,3,1
3481,2,0
1829,3,0
7697,3,1
6248,3,1
7391,1,1
9787,2,0
6472,3,1
2238,1,0
4916,2,0
6434,2,1
6570,2,0
7249,3,0
2426,2,0
7378,3,1
4390,1,0
6009,3,1
5151,2,0
3118,1,0
8279,1,1
4420,3,0
7656,2,0
7672,2,1
3582,2,1
8031,3,1
2299,2,0
7854,1,0
2872,0,0
3078,2,1
225,2,0
818,1,0
4350,2,1
1633,3,1
1059,3,1
8068,1,0
9938,2,1
8158,3,1
5979,1,1
9753,3,1
9157,3,1
8544,3,1
2332,2,0
6051,0,0
7526,3,0
5382,2,0
3103,3,1
8059,2,1
1097,2,0
6460,2,1
9881,2,1
7996,2,1
749,0,0
1236,3,1
3234,2,1
7640,1,1
4260,3,1
1383,2,1
282,3,1
5175,2,1
3881,1,1
3017,1,0
4446,2,1
5394,2,0
6628,3,1
3847,2,1
1973,3,0
9535,2,0
1952,2,1
3048,1,1
5421,2,0
467,2,0
5778,2,1
4735,1,0
816,1,0
1707,3,1
277,3,1
8955,2,1
8285,3,1
3970,3,1
1252,3,1
2360,3,1
2980,3,0
384,3,1
6910,3,1
5322,2,1
2895,3,1
5346,3,1
8585,1,0
5536,3,1
5754,2,0
4734,2,0
9283,3,1
5809,1,0
859,1,0
617,3,1
3393,3,1
3855,2,0
5652,2,0
9177,3,1
8547,3,1
6603,2,0
3896,1,1
5703,3,1
3358,3,1
5521,1,0
9373,3,1
50,1,1
736,1,0
7512,3,1
8330,2,1
3184,2,0
1214,1,0
2697,1,0
9527,1,0
5034,1,0
2046,3,1
332,2,0
2693,0,0
7618,3,1
2556,1,0
6115,2,1
9253,3,1
7549,3,1
5374,2,1
9294,2,1
2108,3,1
498,1,0
9003,2,0
7231,2,0
4246,3,0
453,3,1
928,1,0
324,1,1
5307,0,0
3485,1,0
1363,2,0
273,2,1
4464,2,0
4455,0,0
1367,1,0
5321,3,1
6368,2,1
5327,1,0
9330,3,1
6227,1,0
2286,2,0
3648,2,1
9837,2,0
8452,1,1
4907,2,1
3941,2,0
1250,3,1
9885,1,0
3213,3,1
4104,0,0
5467,1,0
5325,3,1
9454,2,0
6144,1,1
8532,3,0
4266,0,0
9625,3,1
7608,2,0
3857,3,1
9524,2,0
9502,1,0
7846,2,0
1880,3,1
1043,2,0
6352,3,1
3809,3,1
8627,2,1
4699,2,1
881,2,0
43,3,1
6232,2,1
5308,1,0
6821,2,1
3340,1,0
8542,1,0
716,2,1
7539,3,1
6311,2,0
387,2,0
6497,1,0
9433,1,0
165,1,0
7292,3,1
8462,1,0
4589,3,0
6876,0,0
598,3,1
4690,2,1
1895,3,1
1775,3,1
8790,1,0
692,1,1
6625,2,1
8,1,1
1051,2,1
784,1,0
2122,3,0
9843,1,0
2448,3,1
9635,1,0
8079,3,1
307,0,0
3641,1,0
6021,0,0
483,0,0
5052,3,1
6361,1,0
9898,1,0
7350,2,0
2214,2,0
9704,3,1
6831,2,0
7599,2,1
4859,3,1
2555,3,1
3749,1,0
2873,2,1
4079,2,1
3206,3,0
9563,2,0
8852,3,1
409,1,0
7970,3,1
3884,1,0
4598,3,1
5046,3,1
416,2,1
3179,3,1
5171,1,1
5880,3,0
4726,3,0
4161,2,1
4278,1,0
9355,2,0
9013,3,1
1106,1,0
2593,2,0
3365,3,1
9809,3,1
6360,2,1
7905,3,1
9761,3,1
866,3,1
1120,3,1
1104,3,1
1800,2,0
2587,3,1
3420,1,0
3426,2,1
9786,3,0
2603,3,1
8599,2,1
6884,2,1
5362,1,0
3841,2,1
4561,0,0
1725,1,0
9622,2,1
1781,2,0
6101,2,1
8329,1,0
4668,1,0
6433,2,1
5980,3,0
1020,1,0
2997,3,1
7371,2,1
9533,3,1
6736,3,1
9035,2,0
1618,3,1
2001,2,0
3317,2,0
6654,1,0
5041,3,1
1008,3,1
2520,0,0
5084,2,1
8719,2,1
5273,3,0
6346,2,1
6804,3,1
9297,2,1
9235,0,0
584,2,1
2881,3,0
4242,2,1
5985,1,0
6834,2,0
5657,3,1
8334,3,0
6706,3,1
2115,0,0
8565,2,0
1164,3,1
4310,1,0
7950,2,0
6455,2,1
980,2,0
4038,1,0
321,2,1
8833,3,1
7916,2,1
5071,1,0
7060,0,0
3105,2,1
3044,1,0
4403,2,0
7573,1,0
8072,3,1
9116,2,0
862,3,0
3186,2,1
2133,0,0
3137,3,1
3079,3,1
9672,1,0
9683,3,1
2007,1,0
2837,0,0
4319,2,0
9897,2,1
550,3,1
8623,3,1
8206,2,0
1445,1,0
7028,3,0
8880,2,0
5470,2,1
8191,3,1
4393,3,1
6422,3,1
445,2,0
1247,2,0
4314,2,1
65,3,0
2045,2,0
6581,3,1
4656,1,0
7408,2,0
2113,1,0
3139,2,0
5860,3,1
5354,3,1
3550,2,0
1801,1,1
4373,2,0
7867,2,0
2822,3,1
7761,3,1
1278,1,0
394,2,0
2803,2,0
8353,0,0
9599,1,0
1127,2,1
4381,2,1
315,2,1
4633,2,0
4014,1,0
850,2,1
3565,3,1
9386,2,1
9789,1,0
3054,2,1
6384,2,0
2759,1,0
9681,3,1
3129,3,1
3496,3,1
1006,3,1
8233,1,0
6647,1,0
6938,0,0
5959,2,0
2957,2,0
2279,3,1
1425,1,0
9237,3,1
7673,3,0
1474,3,1
4662,3,1
36,3,1
6547,3,1
7937,2,0
1347,2,0
8583,2,1
9597,3,1
2188,2,0
8006,1,0
626,0,0
6772,3,1
2815,2,0
4037,2,0
6548,3,1
7926,2,1
9914,2,0
378,2,0
6385,1,0
5435,2,0
1436,0,1
1107,3,0
6425,1,0
9878,2,1
5261,1,0
8298,0,0
6113,3,1
8163,1,0
9615,1,1
9848,3,1
4355,3,1
491,3,1
1641,1,0
6563,3,1
6131,2,1
237,3,0
6356,3,0
5375,3,1
6069,2,1
7912,2,0
6531,2,0
9812,2,0
8602,2,1
2294,0,0
8011,1,0
167,2,0
2140,1,1
561,2,0
6984,3,1
4019,1,0
6317,1,0
5828,2,0
8187,2,0
8098,1,1
1669,3,0
4018,3,1
3178,3,1
5276,3,1
9059,2,1
6250,3,1
9906,3,0
6549,2,1
6715,2,0
1490,3,1
1400,0,0
4163,3,1
333,3,1
4170,2,0
3980,3,1
157,3,0
1950,3,1
663,2,1
4312,2,1
4579,3,1
2903,1,0
5810,3,1
113,3,1
5747,2,0
6538,2,0
5450,2,0
7695,3,1
1487,1,0
1719,3,1
4441,2,1
2811,3,1
4747,3,1
1497,3,1
1007,3,1
6635,1,0
713,1,0
9264,3,1
8994,3,1
3404,2,0
3463,3,1
5891,1,0
9217,1,0
5406,2,1
4929,0,1
9576,1,0
1356,3,1
9648,3,0
9967,2,1
8573,3,1
8872,3,1
9300,2,1
1820,3,1
4069,1,1
2444,2,1
2446,2,1
2821,2,0
2311,1,0
4207,1,0
5183,1,0
2637,0,0
9255,3,1
4413,2,0
249,2,0
4642,2,0
5173,3,1
1736,2,1
8466,3,1
2595,1,1
1496,3,0
1645,3,0
3731,3,1
4565,3,1
3324,3,1
2952,1,0
4558,2,0
7976,2,1
1988,2,1
3922,2,0
4853,2,1
4543,3,1
6909,1,0
8614,1,0
2354,1,0
9874,3,0
1066,1,0
357,2,0
5903,3,1
7625,2,0
9396,2,0
7248,1,0
2585,2,1
5075,1,0
8751,2,0
4805,1,0
2062,3,1
1566,1,1
7185,2,1
4708,2,0
4850,2,0
4462,1,0
3848,2,0
5094,2,1
1478,3,0
3399,2,1
3355,2,1
2328,2,1
613,2,0
6810,1,1
486,2,0
1413,2,0
4150,0,0
8628,1,1
5202,1,0
6046,1,0
3172,2,0
9262,1,0
1992,2,1
60,3,1
3924,0,0
2529,3,0
3418,1,0
9721,1,0
3869,2,1
7276,3,1
359,3,1
902,3,0
3908,2,0
3288,1,0
3457,1,0
1658,3,1
3032,0,0
7956,2,1
151,3,1
6724,2,0
9336,2,1
3041,1,0
3373,3,1
9431,2,0
1245,2,0
64,3,1
7699,3,1
4701,0,0
9799,1,0
3842,1,0
6720,2,1
8458,3,1
6243,2,0
6005,3,1
1058,2,1
4372,3,0
5078,2,1
3520,1,0
4358,1,0
6215,3,0
6519,2,0
6621,3,1
2436,2,1
9926,0,0
5452,3,1
7194,3,0
1738,1,0
6013,2,1
1388,2,1
7500,2,0
2635,2,0
4984,3,0
3875,1,1
9617,1,0
7676,3,1
1600,2,1
6573,3,1
677,2,1
8186,1,0
3883,1,0
7733,1,0
177,3,1
5615,1,0
4183,3,1
187,2,0
924,1,0
621,2,0
1943,3,1
9366,3,0
2248,1,1
4852,2,0
146,1,0
4790,3,1
2925,3,1
6673,3,1
8917,1,0
5341,3,0
5089,2,0
4827,2,1
2674,3,1
8850,1,0
2663,1,0
8319,3,1
7860,2,1
9271,3,1
1343,2,0
2863,1,0
139,1,0
9884,0,0
8586,2,1
5381,3,1
7969,3,1
864,3,1
9888,2,0
9743,3,1
9331,0,0
661,2,1
2542,1,0
6100,1,0
7681,3,1
2577,1,0
927,2,0
2518,2,0
9805,2,1
6456,3,0
7967,3,0
7598,3,1
8911,3,1
13,2,1
9855,2,0
4502,3,1
9464,2,0
5189,3,1
4380,2,1
15,3,1
934,3,1
709,3,1
7415,2,0
2835,2,1
9254,3,1
3967,3,1
4896,2,0
3344,3,1
6321,3,1
8386,2,1
6042,3,1
7953,3,1
994,3,1
2817,3,1
3500,3,1
4484,1,0
3170,3,0
9083,3,1
3462,2,1
2810,0,0
5384,3,1
6164,1,1
3283,2,0
2653,3,1
2548,3,1
8064,2,1
4361,3,1
6389,2,1
3442,2,1
4353,2,1
6569,3,1
9616,2,0
8983,2,0
4264,3,1
6452,1,0
4937,2,1
4608,0,0
879,2,1
4818,1,0
8201,1,0
1349,3,1
6840,2,0
2662,1,0
4257,2,1
9522,3,1
4861,2,1
4741,3,1
1930,1,0
1876,2,0
5713,2,1
3853,2,0
7080,2,1
3688,2,1
5179,3,1
6991,3,1
5498,0,0
8014,2,1
9942,2,1
9868,2,0
9602,3,1
8493,3,1
170,3,1
2033,2,0
9429,3,1
7110,1,0
7850,1,0
9688,3,1
1789,3,1
4120,2,1
8156,3,0
8843,2,1
5390,0,0
8846,2,0
6747,1,1
6690,1,0
4370,2,0
9137,1,0
5909,0,0
4202,2,1
9318,2,1
1814,1,0
7925,2,0
702,2,1
