,R,Q,A
1976,10.490754232995902,1,0
1442,9.510248143712294,0,0
493,4.657498516298888,2,0
472,16.330283434970553,1,0
4816,6.1792979603574505,2,0
2036,7.749670277459801,3,0
1686,8.35240750591752,2,0
853,3.981621820750156,1,0
4260,1.3076208853879385,1,0
2931,5.673352871669736,3,0
2486,5.18543352267365,2,0
1781,1.5188500846424544,2,0
2074,3.4073323399989803,3,0
1292,7.97576260341483,1,0
4756,0.5924397051594847,2,0
3077,4.507828826370088,2,0
642,2.808124964772407,1,0
2305,9.333721946249586,1,0
2600,4.844375844504735,0,0
3904,2.760245228276547,1,0
3854,0.2795757977354137,3,0
2417,11.613874690109576,2,0
2410,9.691319759904054,1,0
1228,1.6544400761912226,2,0
3005,3.748573698234254,2,0
1105,4.699982603629904,1,0
1457,3.1907294967303415,0,0
3672,2.5667139772844116,2,0
700,7.737824275442934,1,0
1828,7.461644328379837,2,0
3444,5.104631812346207,1,0
478,6.849035594051761,2,0
71,10.514437668084888,1,0
4486,5.31570513902637,2,0
473,10.457945218738674,0,0
941,3.209152179067617,1,0
4656,8.302621603500084,1,0
1978,11.150655007641284,1,0
2404,3.6821098080296832,0,0
4734,3.671145067784292,1,0
3492,2.2719531932112,2,0
984,7.723688193874669,1,0
3774,5.332478812947716,2,0
826,16.45327417770019,0,0
3174,6.999163799944089,3,0
477,5.094389357147305,1,0
3802,7.765352439472192,2,0
1900,2.7845321041248767,2,0
88,4.43487660167898,1,0
2691,1.9579137667674482,2,0
4107,6.52204409794758,1,0
4592,21.744752860197952,0,0
3096,3.88203615943071,2,0
4861,7.1943599544244385,1,0
2187,0.5911627141574471,2,0
3041,6.0961398438077286,1,0
3649,5.527820899965001,2,0
2558,5.520569582189525,1,0
1094,16.761570545365338,1,0
2003,2.863695120182989,1,0
2591,6.219074149177991,0,0
328,4.478622863908946,1,0
3197,0.6070077984596708,3,0
367,5.5691958917064746,1,0
825,3.5630925471799673,2,0
820,4.738864288737108,1,0
2603,6.127763898824542,3,0
759,5.170432204892519,2,0
3056,10.847448168813795,3,0
3036,10.23542434122476,1,0
3666,6.587260082357768,1,0
483,4.911954294578896,3,0
1365,14.607971064539669,1,0
952,3.4380749027663002,1,0
4718,3.814601104142004,1,0
1906,1.4641387008495386,1,0
3927,10.842398229533462,2,0
1892,3.9230593016195163,2,0
4292,6.768399794050595,2,0
1244,2.311054678992032,2,0
1296,4.6864391587141565,1,0
4150,8.31873108363998,3,0
4937,11.305042087955401,0,0
1977,7.721229332769271,1,0
640,8.119736710572171,2,0
1530,5.327478240229663,2,0
4452,6.806298245874071,2,0
4101,8.143774331654724,2,0
2743,9.167706331004187,2,0
1595,12.704881284918239,0,0
2365,7.771112706003584,2,0
67,7.271804367392194,2,0
1784,8.194041805035102,1,0
2769,3.5070989191108284,2,0
3583,13.08151947104719,1,0
3985,8.939988344737351,1,0
4377,1.213297600722902,1,0
3110,6.9267645083657285,2,0
4213,4.556011735127518,1,0
4166,13.705715911041244,2,0
4025,5.161189345997278,2,0
4505,18.935986768647314,1,0
4852,6.353751123179521,2,0
313,3.352386971178012,0,0
2379,20.303594306590583,3,0
4524,8.167516420681823,3,0
656,0.43766926977235887,2,0
702,3.551483040480913,2,0
3960,12.340689497352967,3,0
1780,9.934383925431078,1,0
2664,1.5618031279498399,0,0
4397,9.079001918984797,2,0
1322,8.763870445987614,2,0
1527,5.498892990872408,2,0
1210,3.7605442982161255,2,0
3478,12.33331989329296,1,0
1925,2.8235598694653605,2,0
2095,6.6975888999566955,0,0
2717,2.4205107777055046,2,0
258,4.216172648084402,3,0
788,5.903715011713469,0,0
973,5.491988532622276,2,0
1592,4.799393068511069,1,0
579,1.4510085663165353,0,0
4111,13.407483884858497,0,0
616,5.771304852013117,1,0
1248,3.024075306683905,1,0
1626,3.2499555297189335,3,0
2172,1.6544451708565329,1,0
927,3.9927075408359265,0,0
3292,6.37041435470403,3,0
3810,4.078101843060072,2,0
2667,9.49463540890178,3,0
2840,15.367452976771919,2,0
3207,4.175566954044474,1,0
4942,4.249729039134749,1,0
1518,2.3761619948653983,3,0
4731,1.9242336671664368,1,0
1393,11.83176690787921,2,0
2257,6.95045221751945,2,0
4457,3.5073171497598503,2,0
1064,2.6874983570589928,2,0
2598,5.205594131716671,1,0
4690,6.7338086424965535,2,0
3142,6.599278046028605,3,0
4295,2.6967311880054203,3,0
2366,2.5744787285448405,2,0
3361,2.8737313995947114,1,0
1116,7.002866505060675,1,0
2361,16.251554350821632,1,0
261,2.9144323583553264,0,0
4585,2.4566603235332076,2,0
548,7.2014203883958805,3,0
1366,6.277822682953566,1,0
1795,5.580062896336684,1,0
2227,23.741411201619865,1,0
3182,5.232577875756775,2,0
2185,12.33454214826461,2,0
960,7.254178937056883,1,0
1810,3.9657805382462956,0,0
1065,4.280791802234165,3,0
2320,2.530430989616251,2,0
3488,8.269075279206184,0,0
3636,2.849532247055588,1,0
2028,2.2605493679048148,2,0
330,2.9523525571580507,1,0
2248,3.5741539841072987,3,0
4074,5.8681275437809495,1,0
1793,3.905991229395765,3,0
1072,12.57141061355821,1,0
382,4.903696005096843,2,0
970,4.862527644965676,2,0
1472,5.314562288065021,0,0
2714,9.351977368128232,2,0
1735,6.291575879964826,3,0
2863,0.6182933918202156,1,0
1491,4.298799380221186,3,0
2618,12.680323611325807,2,0
4386,6.982024208707152,3,0
555,3.405703323665299,0,0
3894,7.55624383760213,2,0
428,2.9906415933251003,2,0
4468,2.7722975156826495,3,0
3208,0.7598070889141484,2,0
3872,3.626403284949522,2,0
4925,0.6997136074500991,1,0
1522,2.939055573249605,2,0
2921,3.0057709254608524,3,0
2712,9.137320520061031,2,0
4073,12.27045452995107,2,0
669,4.81392739230757,1,0
4502,6.557207054554314,2,0
3903,7.159973612468299,1,0
2246,4.084019823804848,2,0
2935,7.224478961476204,1,0
4071,25.85254266434616,1,0
2852,5.893127085663899,1,0
917,1.9852669925521451,2,0
4259,0.27397023073119403,1,0
1745,10.762610164015939,1,0
4720,3.100243186503283,1,0
3543,3.055944549450537,0,0
3643,6.208399898344506,2,0
2369,13.989720255795653,2,0
1908,9.71765052979649,1,0
2483,0.2127622480922029,2,0
1882,6.6487773866385655,2,0
3538,5.737577530312582,2,0
282,5.18201294879605,0,0
1042,7.63113455903169,2,0
235,3.0855066729395304,1,0
2148,10.206676352916205,1,0
1632,5.851005985417633,2,0
1331,3.5451109303727195,2,0
3911,14.249503889672066,3,0
4444,9.760685253460467,1,0
3856,21.174023025873247,2,0
776,4.561264812625178,0,0
59,7.111053345051875,3,0
272,8.133218840531967,1,0
1681,19.29618157998788,2,0
4905,10.39983827144755,0,0
2344,8.284357539127896,2,0
2146,11.01535466087661,3,0
4901,1.5478498477172051,2,0
3033,13.782316552865254,1,0
608,5.081330050928975,0,0
381,5.1099412570345715,1,0
2432,5.849019192641903,2,0
3817,2.1781650293604162,2,0
4841,12.781250814921057,3,0
365,1.2801213535383287,2,0
1246,8.593494336206966,1,0
1692,6.0948730655267385,3,0
4414,2.7836369703967794,2,0
4113,8.420007444809,2,0
557,7.038909501563243,1,0
252,10.36594067267972,2,0
2431,0.9262891119340897,2,0
541,5.024914612370242,1,0
3235,12.133885381165074,1,0
326,8.408110127668703,0,0
1471,1.1556450948738106,1,0
720,7.804657768136403,0,0
2267,12.815555029292904,2,0
3739,10.522663856692557,1,0
2786,16.393996284204377,2,0
2043,2.2351639934518985,0,0
1590,1.964886812591653,1,0
1988,10.937932824123813,1,0
2350,11.096307178299293,2,0
1418,4.847075813251252,1,0
1207,4.530701358097602,1,0
2969,2.4764916495584473,2,0
3670,11.063383004495865,1,0
4075,11.998514392307909,2,0
1599,3.655750763380495,1,0
4787,3.3284817223088385,2,0
2424,6.416784555845926,1,0
3314,8.188752494669664,1,0
4280,4.4873546903029755,2,0
4416,10.154917330936598,3,0
4494,1.3796753580454335,1,0
4582,17.745800052415305,2,0
1564,0.7897771168130494,0,0
1850,13.070569075208958,2,0
3092,6.638729425250963,2,0
2348,1.3625175611844433,0,0
3401,4.934897120793499,2,0
3942,7.156908901869611,1,0
494,3.4959087644033437,0,0
2035,3.286649934118374,1,0
2211,2.1478514149907664,1,0
1488,0.40210476412981333,2,0
1367,1.4822269867386182,2,0
1308,6.213604375277218,2,0
2236,6.170034513374944,2,0
3679,9.561707603473625,2,0
50,1.0007494947299733,2,0
4133,19.82249825831815,2,0
3089,1.4084134953094969,2,0
3397,1.7915330022825067,2,0
1506,7.3682646821959015,2,0
198,5.218941816081944,3,0
3170,2.98007336061833,2,0
870,1.827887624491526,1,0
423,11.49261005657814,1,0
90,9.065099766776319,1,0
2251,7.765939398651413,0,0
2372,7.9472357870928665,0,0
2851,5.454223224042181,3,0
1881,2.619616389566753,2,0
3870,12.433571588387322,1,0
2599,6.626670874975541,3,0
4691,5.183137794333852,2,0
3708,8.565458354050753,1,0
4136,7.3747322426762185,0,0
4114,3.7905049801710335,1,0
3181,1.2834642013416615,3,0
2256,1.410881881131036,0,0
3482,4.439659825951926,3,0
1204,10.457995851326189,3,0
1503,8.80025179813238,0,0
41,6.261178567391992,3,0
804,9.68749546463695,0,0
3680,3.505330040156594,3,0
114,2.5780105000565063,1,0
2858,3.0467352933548835,0,0
2061,3.9061867731387396,2,0
1998,3.471191905035656,1,0
2188,1.2335213265809626,3,0
1960,12.011479669806295,3,0
3723,12.894541800137645,2,0
756,2.3079522985381153,2,0
2793,5.568207269270949,1,0
1272,4.209360573128164,1,0
3173,5.141940072208567,2,0
2637,7.192858951362771,1,0
1972,2.3151707359087217,1,0
4744,4.504454579896555,3,0
1836,8.244980102152638,1,0
655,7.200537481936017,1,0
3086,8.760931590403068,1,0
1423,3.493867841250575,0,0
860,4.625945356896026,1,0
2871,13.860800946238353,2,0
3215,3.246259468774171,1,0
871,3.8251651450922406,1,0
4263,1.3102671286090224,1,0
1610,6.23280787602212,3,0
1328,0.4875886853321375,3,0
4124,3.2014186605816923,3,0
1389,2.661358025494696,2,0
3279,10.860687158240765,2,0
3686,1.0740673916798913,2,0
484,3.63102693585558,1,0
4881,2.756338316366111,2,0
3076,10.991433296699315,2,0
4876,6.211961484746747,2,0
644,5.337768381913757,1,0
4696,6.1193420133403915,1,0
442,16.167092940127294,0,0
2655,3.9198559575144643,0,0
2023,12.585592011222872,2,0
2764,1.0262937237846819,2,0
3425,3.7425909755604154,0,0
1287,8.249198060697225,1,0
850,14.495455028162366,3,0
3393,4.20022470931864,2,0
1062,1.2500075463401337,1,0
1788,1.6250245914230357,2,0
2025,6.260547424358107,1,0
3625,2.5321284056277964,0,0
3209,1.4343563068333118,2,0
3747,6.490768444868321,2,0
979,10.42169149246909,3,0
3844,7.038334203880444,1,0
4337,11.610343365834165,2,0
241,7.8096653374104585,2,0
4565,5.220771276973295,1,0
1502,1.2842760185055984,0,0
4936,4.351051166664051,1,0
2438,4.005771457521936,1,0
3987,2.4179270327961784,0,0
4887,5.111072198624499,1,0
1349,3.3743631701951555,1,0
3549,6.435661251298047,1,0
2709,4.608224139288508,0,0
206,5.232876704917782,1,0
685,2.7740528335046806,2,0
4933,2.971238594529139,2,0
2182,1.5415389611232406,1,0
219,3.684283743191056,1,0
1981,3.734630519739464,1,0
4879,13.683141692559488,1,0
4307,3.592639793547576,2,0
1103,7.87583047174725,2,0
1434,2.581066664670272,2,0
1824,2.590306316074838,1,0
1360,1.7309955650297333,1,0
391,1.1721485754054473,0,0
2262,8.7166035439516,2,0
798,15.095841177544493,0,0
4304,3.156751725643912,2,0
1061,8.942581586602104,0,0
663,0.8741442766509864,1,0
2955,4.423218410960606,0,0
2200,2.412880900369721,2,0
3953,9.587384715030758,2,0
4317,1.2750129601816624,1,0
4518,15.139734637247514,2,0
119,16.354790447940616,2,0
126,5.184171158033383,0,0
2678,9.153762419741764,2,0
797,7.238153887641394,2,0
3638,8.369557912849947,2,0
2204,3.883621180509481,2,0
4951,3.645769615150904,3,0
1453,4.615287763239044,1,0
3426,8.565339916056224,2,0
2593,9.141050351062892,1,0
835,2.361665488343708,1,0
4069,6.552886618609014,3,0
1852,6.1859221935630835,2,0
2778,9.74537775427615,1,0
209,4.8742168825226795,2,0
3379,3.9210975269465957,1,0
1630,2.7553248930360374,1,0
3720,8.227640202903476,1,0
2302,5.3673933752722505,2,0
805,13.147272282386037,1,0
782,14.311020199234685,2,0
3966,1.406008505467799,1,0
3396,2.756758456982162,1,0
1604,0.979827216291699,3,0
388,7.702012157449282,0,0
1143,6.003738444097287,2,0
2242,5.738942941777951,1,0
1591,1.61653423532682,1,0
3719,15.853266354851726,1,0
3001,5.981626143753803,2,0
3888,2.6044158579738164,2,0
2428,8.336890802738115,2,0
1142,3.2595154810896623,1,0
1482,2.5670853603152595,2,0
4873,2.6258004715021563,2,0
2576,10.654660967031928,1,0
1822,6.590702767203038,2,0
4228,1.1362196550762782,0,0
1205,9.612377758917733,2,0
634,1.8932362192682235,2,0
2616,8.687822252516103,3,0
4424,5.148478840898571,0,0
3498,2.0424557518243396,3,0
3699,7.531163137530566,1,0
3633,5.366555176343169,2,0
3262,6.78222424912078,2,0
2534,1.2224323443105467,0,0
407,2.807727633388236,1,0
4712,14.038540252426984,2,0
2384,6.932350881747898,2,0
237,8.272536657451454,2,0
233,2.092801862974966,2,0
2314,7.772124121637129,3,0
2396,4.483138565746804,2,0
3831,6.192703472779678,0,0
1222,6.359046131738274,2,0
2051,8.716112588227254,0,0
124,12.29007837323495,3,0
4087,0.9280968151562553,1,0
2006,9.387645041347973,2,0
3258,4.675179557445863,2,0
1397,10.40124502445334,1,0
85,1.2458463830907625,2,0
2423,2.884111743562873,2,0
1608,2.7899020351289967,1,0
4708,3.0407858338984077,2,0
3288,3.093791677085659,2,0
4080,8.895550661213226,3,0
936,6.8857320896609275,1,0
1511,9.512049118408878,1,0
3158,6.778458634396868,2,0
393,4.179029541954932,2,0
2894,1.0336493466759868,1,0
1341,7.639814808648756,2,0
3749,3.0539356115227427,2,0
2373,14.241536860983961,1,0
278,4.380281209372632,1,0
3765,3.5675574875521745,2,0
3253,4.141724529074272,0,0
4141,10.38091160129121,2,0
3229,7.693347678246373,2,0
3006,7.514522220869978,2,0
4279,3.596718219547242,1,0
3442,3.3809711830479277,1,0
679,6.438497744369856,2,0
4303,5.531691574088763,1,0
4380,6.5563673952168,1,0
4222,1.1826727163039508,3,0
12,13.095530602450586,2,0
3875,5.259390732787153,3,0
1587,5.229491371353755,2,0
4187,0.575493794814447,1,0
2407,8.000231060063973,1,0
2362,3.493539722560758,2,0
2164,13.092305704828584,2,0
2093,1.302876397538066,1,0
3768,8.886114890038659,1,0
4955,5.294853941947194,1,0
940,1.4786759465917663,1,0
4575,18.94461007014738,3,0
3054,0.6418012936930154,2,0
736,2.7577911190489237,0,0
4172,1.0808511557061746,3,0
1099,5.070104156408579,2,0
4588,5.25218497810581,1,0
1561,8.014027214510758,2,0
545,6.942174667854367,1,0
3062,11.317260989159786,1,0
243,6.997575777488272,1,0
2587,2.2448937088241037,2,0
437,2.453436572440681,1,0
4664,0.8112016822295146,2,0
1995,6.010672027461965,0,0
3874,8.37081910957276,2,0
3689,5.14010918914419,1,0
4121,8.205218310262266,2,0
4207,4.787774350232784,1,0
1718,0.13446940107897432,1,0
4649,8.725672973831998,2,0
1041,5.734547585954315,1,0
4803,5.922231997618372,1,0
223,1.0696655481000668,1,0
4211,9.47173694240778,1,0
601,8.32919393506516,1,0
3104,8.296586462519056,1,0
3264,17.008078806501928,2,0
1382,9.282634517051706,3,0
279,5.5900163672202225,0,0
4761,2.811290216786537,1,0
123,11.100239433031657,3,0
699,6.809879130699934,1,0
4711,3.7019327643654565,1,0
1673,2.4082002068531847,2,0
3630,16.175783509863486,1,0
2491,6.234750390056842,3,0
137,0.5065885361877119,1,0
4845,5.036066654212574,1,0
1431,4.320178578009886,2,0
4831,8.156795814092757,2,0
2683,6.512309026999685,2,0
896,4.133336926404885,3,0
1410,20.48875900569296,0,0
1861,6.779097406776742,3,0
2730,0.7658323571439609,1,0
2947,11.60401021355735,2,0
2474,13.533533305438507,2,0
1736,9.759165114009228,1,0
963,7.210811046308528,1,0
3591,4.201909927067737,3,0
4819,2.1593871143019263,3,0
2544,0.9131922008656221,0,0
4736,0.550871918519851,0,0
4596,0.3816183990069648,2,0
2101,3.2761086423964043,3,0
1037,0.499762824951556,2,0
1548,2.0447627314158323,3,0
2719,7.849660386479615,1,0
203,10.755372114142514,2,0
1649,8.622194124911136,2,0
2193,7.935559206127815,1,0
1168,4.978495977371066,1,0
908,10.590081748724137,3,0
2122,7.411820960934808,2,0
4049,2.324693660402666,3,0
195,7.057291179676925,2,0
1039,7.022754489411006,1,0
4602,4.198671682189315,1,0
2059,3.708297647840072,2,0
904,13.375456163109442,1,0
1412,14.929834917368495,2,0
4541,6.6835334925524315,2,0
133,10.321572744769494,2,0
4309,1.536718236041973,1,0
4573,5.105342693057108,1,0
2855,0.6337638107020116,1,0
704,2.724563188678986,1,0
526,5.303591340532131,2,0
4191,8.648316464151803,1,0
3259,4.873712642934496,1,0
4818,3.678111211062712,2,0
2565,3.9761324213690172,1,0
3995,2.564025636225427,2,0
622,12.061769831279925,3,0
3015,3.3361873980124614,1,0
882,13.523918117255938,2,0
2274,8.67854231241864,2,0
877,0.6780833699411576,0,0
3245,8.421892789004385,1,0
646,1.1455784949297587,1,0
4248,13.554538700356026,2,0
2105,3.289156959654381,2,0
4392,4.917719399217138,2,0
4932,5.544781549777573,2,0
4089,5.788807542253524,2,0
2809,6.546279946699277,1,0
3150,2.48715290543053,1,0
1016,6.828800104965068,1,0
550,8.492020273491558,3,0
4843,16.479354704488323,0,0
2346,14.877868193555258,2,0
3949,3.8536709585396896,2,0
2684,6.580778215888592,0,0
1428,2.7693230604468635,1,0
1740,1.956472691158822,2,0
680,10.251989306899723,3,0
4092,0.5002871250539578,2,0
2174,3.1604384179415717,1,0
4219,5.428432044795649,3,0
1835,6.647746511969978,1,0
3007,3.497921512235619,0,0
4788,6.2520627412631615,2,0
4376,2.8534950023301033,1,0
1680,8.8803908051369,2,0
4257,8.54933268983482,1,0
3068,8.685869762569833,3,0
2986,5.6741591683246995,1,0
801,3.2000356350240384,1,0
149,14.794039612276524,1,0
1183,5.173776099243891,2,0
2109,3.7261250077389025,2,0
1699,7.367477104190073,2,0
2515,11.373410945882393,1,0
1452,9.703343649195258,1,0
91,6.287096498486569,2,0
3394,3.7844703846533427,1,0
1803,1.9917935195422554,2,0
903,5.117215639518033,2,0
1192,2.8933172150135578,1,0
3272,2.5147824875869733,1,0
385,4.310258979538282,3,0
1125,5.315481834335072,2,0
4325,9.236984189315638,3,0
1120,2.0586974736291213,2,0
4772,1.9858970849204725,1,0
2100,4.517285206165958,1,0
1400,6.487102271888985,2,0
2281,5.557298522687296,2,0
260,7.16004212951095,1,0
4965,8.093715034512641,2,0
2201,4.873181271580223,3,0
4363,1.8729257377854687,1,0
3109,17.37846920126635,2,0
3202,9.454281177933478,2,0
2231,4.853036294563522,3,0
190,6.778237027764629,3,0
4328,9.237237189852717,0,0
4688,14.535118422828692,0,0
1992,0.35144616638351683,1,0
173,6.579591191266082,1,0
4769,9.424829928869164,3,0
3916,12.990774977913194,0,0
1273,9.580610100425801,2,0
4650,3.9243217911485537,1,0
2959,13.173256733602804,0,0
892,6.911324257940324,1,0
2602,0.7038157960915828,0,0
658,10.33106898330687,2,0
2313,3.2732749733876467,3,0
3637,7.434473392380664,1,0
1989,1.4815713868497358,3,0
1938,1.3591625800776024,1,0
386,5.222629076682995,2,0
3200,6.516680925071238,2,0
4827,2.841469716437043,1,0
3375,3.0645736782872053,0,0
3703,10.656162237957197,0,0
846,4.643012883859846,1,0
575,0.6674414858390342,2,0
996,8.471502533156352,3,0
3147,3.7522237522410977,0,0
3959,6.37358508824302,1,0
4654,5.16459016508874,1,0
395,8.554167033329485,2,0
1196,5.1862062612005735,1,0
1993,1.7942399300512522,2,0
1837,9.57212039393328,1,0
3876,0.8282174055173459,2,0
2939,4.558887793105619,1,0
1747,5.112277364263518,1,0
3469,3.81727629709312,1,0
1268,3.4226827134865045,2,0
1816,4.772500209218782,1,0
4238,8.662808481988861,2,0
1762,1.2668701836291032,1,0
715,5.228104535690994,3,0
1194,10.113793051615863,2,0
2870,5.787340231765191,3,0
3853,2.34169195037053,1,0
3290,3.651625543902351,2,0
1313,3.975119088885533,2,0
3535,4.931199157223585,3,0
3494,6.311007265066037,3,0
4266,3.1318092735282255,0,0
3437,6.661797316776861,1,0
761,5.994081660405914,0,0
447,5.565739701963127,3,0
4143,11.335494285156328,1,0
3566,2.190225472644395,2,0
1754,1.9610498104098173,1,0
4940,2.4879570100472836,0,0
1757,8.140296796736537,1,0
1753,25.344008236963273,1,0
1148,3.504191033441129,1,0
3500,14.976784797202093,3,0
3748,7.853612793051944,2,0
2741,12.712339532892043,1,0
873,9.317042283884383,2,0
111,5.91909242469781,0,0
4597,2.582661086405091,2,0
3539,15.916511970519426,3,0
2153,3.8607913703233088,2,0
1141,6.426441321395762,2,0
2624,12.551291596810971,1,0
3641,8.929023839479392,2,0
1533,6.861249525870415,2,0
1299,11.72544711559075,2,0
697,4.161753293806239,0,0
222,10.262566342192327,2,0
147,2.8906264181839005,2,0
3499,3.7240724324635406,0,0
9,0.6477448304717562,2,1
1641,4.144215743957259,3,0
4449,5.627416101284478,2,0
4220,2.9939176254629523,3,0
1245,2.914844355191567,2,0
4350,4.228841012475599,2,0
4053,3.736428717681561,2,0
2117,3.9588975634233345,3,0
2126,10.154388099610276,1,0
977,5.20276282597618,0,0
4543,1.7766033784225397,1,0
512,4.349264695136476,0,0
47,2.217533131711551,1,0
4432,0.5269764199719317,1,0
1670,2.9328729539729887,1,0
1808,8.269716667397057,1,0
351,5.488770301191284,1,0
2037,3.884142536867002,0,0
993,6.488551019913093,1,0
1899,2.283164156158751,1,0
4837,0.6424945176611727,2,0
923,6.716971235221086,1,0
1895,10.025657981396133,2,0
513,14.857264047609462,1,0
3988,2.50034862638474,2,0
3160,4.8746919849515065,2,0
1108,2.5437747878285313,2,0
1517,8.165624934929534,2,0
346,2.6114822324498173,3,0
2308,11.005276046802715,2,0
3608,8.720674775578118,2,0
1172,5.663685344376562,2,0
553,10.590964761268513,2,0
464,9.38159165287893,2,0
3780,4.4458101179327105,2,0
3429,3.0353830626992915,1,0
2638,10.053721226040158,2,0
3053,1.825912700095536,0,0
1320,6.6405004969848935,1,0
3457,4.289288356435082,1,0
4615,0.5777943584573437,1,0
4272,4.251632644036306,3,0
2380,1.3026964289314558,1,0
3782,2.235927712908791,1,0
2359,6.861953904389355,3,0
1617,3.0262166467905995,2,0
396,3.083057773983644,2,0
511,5.297880403758539,2,0
4399,2.424551300934666,0,0
2473,14.631178099277623,3,0
4487,4.211031420530073,0,0
710,2.272209562531793,1,0
3964,1.7225286015160899,2,0
4436,6.206253216639002,2,0
304,1.7217084244340266,1,0
1,4.483394190646763,0,0
3462,11.19344825016163,2,0
1994,5.6483597879530345,0,0
614,1.2641930728963744,0,0
1664,17.357756789795516,2,0
4557,3.8969711684367248,2,0
1439,5.895575527406316,1,0
902,11.039440276333936,1,0
1820,5.783866180720974,1,0
4620,4.3013957094084105,1,0
1919,16.662520111590318,3,0
3684,5.829329565229741,3,0
1396,0.8925413870221061,1,0
1917,1.9034334226955667,1,0
3385,2.8763330222684553,1,0
4420,4.62043594418774,1,0
2729,4.299372297905819,2,0
1698,10.349409083847183,2,0
1486,14.696218735519484,0,0
4938,3.6877602150934536,1,0
1962,3.714916032754911,1,0
4740,2.1156201280868103,2,0
2179,3.4300227030507586,1,0
583,5.625456766870453,1,0
1848,11.177205947449748,1,0
520,5.082994679831077,1,0
2235,7.625260333826841,1,0
2532,10.284713432444557,2,0
3376,9.781610088158898,2,0
967,1.5727008471502226,2,0
3740,2.7790011562948225,2,0
4027,2.6595306477331624,1,0
108,6.356923589215955,1,0
4267,7.254456666100145,1,0
3901,2.1835066835784445,1,0
1524,4.859622248771302,2,0
1388,3.441496406357321,2,0
1070,4.398013972378992,1,0
3145,1.5870939606879373,2,0
4771,15.900118429283912,2,0
1951,9.155738540087793,3,0
2736,1.1935212787440779,0,0
516,4.684990637820068,1,0
4,13.949143236691953,2,0
1483,8.61885526488789,3,0
1607,3.744153555677661,3,0
1759,4.062689399316394,1,0
3018,2.353856197851554,2,0
4655,4.137748049263724,2,0
831,0.22848557384063228,2,0
3073,7.994695245786769,2,0
244,6.855300684768,0,0
3414,4.303385882303659,2,0
637,5.133441560231339,0,0
2389,12.725184650523977,2,0
2932,5.097332699041206,1,0
504,4.374242939554392,1,0
2202,3.2920388793030266,3,0
1314,4.140825742184374,1,0
263,3.1517060226650004,2,0
1903,6.86837954084984,1,0
4916,4.943099552850301,1,0
336,1.5932910337689306,2,0
2087,1.7789832922617568,1,0
957,3.7271360091231713,1,0
1242,3.155241497673157,3,0
3022,1.5351716310949999,1,0
1264,5.855942902695643,2,0
4400,7.012473797340268,2,0
35,4.400995111084819,1,0
453,4.251930780094245,2,0
2516,2.987293439714416,1,0
1532,6.849202566772727,2,0
3579,16.739245114417063,2,0
3449,3.731177377756754,1,0
2874,15.211790484510548,0,0
4943,3.3416126652925064,2,0
647,6.032969394525466,1,0
2773,5.370403842138238,2,0
3224,4.087559349762271,2,0
4515,3.552923649317112,3,0
3418,0.5755534816172247,1,0
4605,10.67598838802612,3,0
4320,8.717766499152225,1,0
4900,8.205091686025888,1,0
1029,3.056710403852036,2,0
3540,18.50218124412849,1,0
1840,3.158640471877147,1,0
4556,1.8985443814654508,1,0
684,6.0914814975144225,2,0
1937,1.781564890510406,1,0
865,6.981713552305951,2,0
763,4.719035750320873,1,0
3128,4.302213230094218,0,0
4239,3.3563111680362203,3,0
4159,6.972194312263362,1,0
3166,1.5555035463921079,0,0
4285,16.824217416215774,1,0
273,16.104629666420106,2,0
2072,5.486903340197156,2,0
4800,5.24872318243948,1,0
1574,10.76618427116223,2,0
1724,3.7199359528838762,2,0
1898,3.708402580051317,2,0
417,4.002706751503185,2,0
4868,3.0606972051515138,1,0
1662,7.822264725821977,2,0
1110,8.794458828351695,1,0
4909,2.538465930833039,0,0
2669,5.76378883264943,2,0
2002,5.046154014078634,2,0
4084,5.373684992710105,1,0
3712,4.460307745904631,1,0
508,8.11172389363252,0,0
915,8.263475833512272,1,0
632,1.222508983527,2,0
3439,6.829671132590311,1,0
422,6.713230601347607,1,0
364,5.685032831837395,1,0
3367,4.082276929814217,3,0
2452,6.680667175525719,1,0
862,4.583525048784622,1,0
4265,9.895417244638734,1,0
606,1.0094936923575943,3,0
2034,10.19393413961044,2,0
105,9.111578738658862,0,0
3783,6.061480511142723,1,0
3380,3.513533230699288,2,0
4632,7.2618666537909835,2,0
4536,7.884411713091113,2,0
4012,6.880544226821629,2,0
1203,2.2600408257423674,2,0
3877,6.434802765746336,1,0
4635,5.970263138944148,2,0
4421,24.760400294002608,0,0
4043,5.362735019966455,0,0
3450,5.906758349975017,1,0
200,1.4744621450914588,1,0
1053,11.116401723689036,2,0
691,12.9341781413294,2,0
1613,8.145394106478335,2,0
172,4.25411556578253,2,0
1922,9.972766280867763,2,0
4776,8.833601768717456,1,0
2635,9.108682796416343,2,0
1049,5.387895435333595,2,0
1770,4.628830648464078,0,0
667,6.077325611988418,1,0
314,7.975851046046756,2,0
1931,12.287124913219294,1,0
3661,3.513185995191245,2,0
2518,3.632910277513079,1,0
4595,2.811418547739126,1,0
2128,2.8625970113503705,2,0
4560,10.809411359988966,2,0
1358,7.721978507574452,1,0
4517,3.7553272643499565,2,0
497,10.495578144080419,3,0
1106,3.2510496607990547,2,0
2802,1.0029939110919448,2,0
2111,9.62749509314247,1,0
3667,6.5279656895985685,0,0
3370,7.232689142050187,2,0
2698,7.659673817139743,2,0
2465,9.673711620836984,2,0
3180,5.502016417830729,0,0
3343,6.982368667173052,2,0
1021,7.181824243602168,1,0
1426,5.388533751664632,0,0
2930,10.703394190652686,3,0
613,13.600715223515026,1,0
3,4.146906882995402,2,1
3551,2.5012736007824343,3,0
988,5.002645012719934,1,0
306,4.102483023934838,3,0
2490,12.241250995958204,1,0
3694,5.5990866118203435,2,0
4409,11.651709079424379,1,0
2688,3.200904365555208,1,0
1875,0.5982375052325785,3,0
2513,7.553260493538589,2,0
1513,9.73939149895319,1,0
4474,11.001901161394946,2,0
1667,6.2829913291812405,0,0
1844,2.762019451483244,1,0
2687,6.710877679489073,2,0
4052,2.4365755759025225,3,0
1118,6.946604571553863,3,0
2233,4.15328104225824,1,0
3945,13.553214686838015,2,0
2733,2.4393437766071795,1,0
1913,5.953842628448986,2,0
3998,14.51462549315223,1,0
628,8.156956375244757,0,0
1448,7.218442144108483,1,0
3943,2.7343308536536908,2,0
2992,2.661341171609539,3,0
677,1.741000043317778,2,0
4348,1.3202319291146698,3,0
983,10.384206318677947,3,0
3408,6.660662617180174,2,0
3803,24.84444126147507,0,0
234,7.164307263926078,2,0
194,5.4357641125910385,1,0
452,11.416220022448927,2,0
3403,0.9977185519383416,2,0
421,5.7343728201106945,2,0
561,3.029636165781459,1,0
2414,2.723124890378752,2,0
1886,1.7949240142579592,1,0
787,1.825526390346365,0,0
2875,2.6587098898990362,0,0
3138,7.98725333353309,2,0
3241,7.763201259727468,2,0
3965,3.3737007835423034,1,0
806,3.006622904934771,1,0
1144,5.340975995302543,2,0
1551,5.786973401355108,0,0
2183,6.31612439620848,0,0
4784,16.773716044171486,1,0
3760,1.1688293692742309,1,0
4594,2.096935578096648,3,0
2795,7.001523590757759,3,0
2273,3.6410176712422793,2,0
3873,7.454218558934761,0,0
1317,2.8402587622994977,1,0
1602,9.085843212228724,2,0
4920,9.782836605263903,3,0
2668,6.743471577123057,1,0
3029,6.928138501379317,1,0
2845,1.4280696385879832,2,0
1215,6.2388405736823564,2,0
1235,2.2324623468266727,2,0
4055,4.770148579117338,2,0
1896,6.952351590209234,2,0
2460,16.063344956113486,2,0
1015,6.288509514008522,2,0
4687,2.490136645530311,1,0
3773,4.034921120179527,1,0
2326,6.993743126772438,0,0
992,3.9782414651835283,2,0
4063,2.6098755091308674,2,0
1500,12.269938777579394,3,0
4645,2.109728484320699,2,0
4479,15.857593130333678,1,0
4381,4.9741785754905905,2,0
4628,6.231471875352973,1,0
4806,9.589884072377814,2,0
2849,1.350856590679294,2,0
3440,4.501986577540476,2,0
3144,1.748506014917887,1,0
1487,4.009425504359571,1,0
2892,2.680985299595214,3,0
1386,7.531997236707287,1,0
3341,11.679219147620582,2,0
2403,9.247474167990163,1,0
3242,5.818258860831215,1,0
920,4.385554994269138,1,0
4646,5.662240739951666,2,0
4929,6.990268612487181,1,0
245,5.84827614850086,0,0
1647,11.416900810853635,2,0
2920,21.540281609340866,1,0
1270,4.000266480719152,1,0
4359,19.479615913732445,2,0
4286,5.200437933558088,0,0
312,0.9219426211063613,2,0
1572,0.831751961502823,1,0
4062,8.233293266732106,1,0
188,4.025919660799039,2,0
283,7.939746056851797,1,0
4462,4.251201766492148,3,0
1553,10.101083504180776,2,0
214,9.56986475326474,2,0
4571,6.343567379333551,0,0
2343,2.3029907389418756,0,0
180,8.949293555314508,2,0
3354,3.225140633239202,0,0
2181,11.045373017652064,0,0
375,5.323666945368123,3,0
1279,8.624390796600629,1,0
3093,5.208252241840096,2,0
687,5.985705104477452,1,0
1254,3.09955695675911,0,0
872,1.649628816545348,1,0
3222,4.547419010279694,2,0
254,12.68556740158839,2,0
2385,5.591531516930115,3,0
3744,6.878853574323601,1,0
2856,3.6454620501860893,2,0
757,6.446516934496026,2,0
1743,8.116284725294769,2,0
1286,7.840684281767556,1,0
1259,2.6230710836511375,2,0
4764,3.173538215427945,0,0
271,5.917772648108545,2,0
3225,0.8427855461234182,1,0
2189,10.719284106705562,1,0
1407,7.7516961358066325,2,0
2975,2.1648329506749437,1,0
4294,3.2610115323826907,2,0
4028,0.7004445902542423,1,0
426,4.2333611377765115,1,0
3952,3.984373735155147,1,0
1756,3.2659078791106952,2,0
543,8.214175336480174,2,0
522,3.352759064684272,2,0
211,13.37973435555491,1,0
2964,9.221112841227441,1,0
2889,2.5446184735850785,1,0
2444,7.350735910081246,2,0
3610,9.683156395143524,2,0
4895,6.186302047907317,2,0
2285,9.147821085824305,2,0
40,5.23691708335567,1,0
2706,4.339691655840803,1,0
4181,2.4880008650428973,1,0
4273,7.630241111472465,1,0
4176,5.069070950098368,1,0
2740,4.249060281679775,3,0
4446,7.6871823375153765,2,0
1594,7.59617891218609,2,0
1284,12.53971181681926,1,0
1079,9.717648287178847,1,0
2334,4.574419172275871,3,0
4061,8.526113032925785,2,0
2455,3.92535671155181,2,0
1201,0.2912435960557827,1,0
1149,8.747645796812511,2,0
404,3.338388098417573,2,0
4884,2.3674544230635335,2,0
153,1.9625966505325558,3,0
1642,7.941887751272699,3,0
2282,8.771693909115347,0,0
298,2.8112168732500056,2,0
912,2.2523010138268136,0,0
1870,13.643843782669377,2,0
1025,1.38542927399569,1,0
4086,2.1279765287274746,2,0
4470,2.4738244372673246,0,0
284,18.92919720993099,1,0
562,12.435720481842317,2,0
3835,18.807684522993434,2,0
4223,7.623741617550852,0,0
1230,6.100895452991588,1,0
2110,0.5058030969101182,2,0
3951,2.5204780728648104,2,0
3221,1.9014050233008097,3,0
675,1.4667499210939439,3,0
3278,3.241641346923705,1,0
82,8.640208496882332,2,0
1256,1.5904454810962636,2,0
4229,12.904758365324993,1,0
1778,1.3281408030465969,2,0
2838,2.160711927668323,1,0
1540,7.840290787049131,1,0
445,16.426714814145644,1,0
1345,7.0958241913321345,2,0
2103,4.813257191019147,1,0
2758,6.156380812539123,3,0
4741,10.778620370395899,1,0
3837,4.229437389745415,2,0
3805,6.046075040343161,2,0
4046,11.719477534982008,1,0
2742,2.066808094519147,2,0
1520,15.450291193820071,3,0
1059,2.7240228491781315,1,0
45,3.111801133326681,2,0
4903,5.5212019420854315,2,0
2279,10.128482374476938,1,0
3628,2.243015322812888,1,0
3099,7.80035053422262,0,0
1826,4.841094263934722,3,0
4949,2.3780924210729197,1,0
4779,1.0933949169698476,2,0
4433,2.771385449610234,2,0
4393,2.8051219210353513,2,0
2757,5.308092998300127,2,0
4555,5.433267084276063,2,0
4641,4.932461940602252,2,0
852,1.715210963760636,1,0
3954,11.150479631970367,3,0
1727,6.529933118469872,3,0
3032,4.170230782783843,2,0
321,7.0844824187405315,2,0
2499,3.2425168694589095,2,0
1432,4.652242037880175,0,0
3980,1.6590212565905982,0,0
2108,1.8399113313420365,2,0
3647,11.677336292508333,1,0
2832,2.0392044346030325,2,0
2467,6.061912167636182,1,0
4140,9.47891350464166,2,0
2007,1.9265710021096383,1,0
2524,11.623493763636459,2,0
285,7.743245240504205,3,0
1005,5.287584110462841,2,0
2661,2.9812237509170147,1,0
2449,6.173796816564502,1,0
2430,2.6429208861916598,2,0
4860,5.041529470658077,0,0
1298,7.247519382938885,0,0
1603,3.863986545204929,2,0
3246,4.683296104395255,1,0
3683,8.907709481864789,0,0
2643,4.740477016474152,1,0
1221,6.798399237143878,1,0
3059,6.1145641574309035,2,0
1766,2.463541650922113,1,0
651,3.134429926914538,3,0
1940,3.5621983653493787,1,0
2004,5.742748832713726,1,0
1158,6.091762464300297,2,0
2284,16.659069153723948,2,0
3134,13.711507826649374,2,0
2680,5.601283230412168,3,0
1597,2.056808875457298,1,0
1252,1.894984328372933,2,0
1430,4.958029743456674,2,0
3791,7.022239033127536,1,0
3930,17.460756316851874,3,0
1385,4.568422136787088,1,0
4456,10.136978293208685,1,0
74,0.5430336513634758,2,0
398,4.940939291752988,1,0
4242,1.2948534356827794,0,0
858,6.919473327205635,0,0
3252,3.7243971809751786,1,0
1231,8.004651211758546,2,0
630,4.30272423049357,2,0
4215,1.5904681563015228,2,0
769,1.0808019612114177,1,0
1325,6.21636385052622,1,0
3040,1.442327064878374,0,0
2329,1.3859855340791933,1,0
3289,11.673868635828951,2,0
4083,7.198426888777496,2,0
3112,2.290413982118231,2,0
2933,11.544160023534044,3,0
2230,1.7235145328135186,1,0
4373,11.292477885250648,1,0
4204,2.2085245565778155,2,0
2501,0.9030663382054225,2,0
57,4.707291589056294,2,0
4695,14.171861485593169,2,0
1953,4.7571567388155716,3,0
2046,3.8389611651776563,2,0
392,1.3546612922609242,1,0
2026,6.771209324342195,0,0
2570,5.306546609136413,1,0
171,3.0819875808418686,3,0
3818,7.678245988448109,2,0
305,5.104852927658532,3,0
4665,5.3150485024700895,1,0
3603,15.899099968488088,2,0
2186,21.436298352493278,3,0
2399,0.6808624184709617,1,0
2197,7.602429746221956,2,0
4277,1.2446357916694055,2,0
2453,4.535352589023383,2,0
1134,3.6910659840083864,1,0
751,7.834905970363471,1,0
2044,1.7681531434816073,1,0
2060,9.644476109890716,1,0
2963,2.0972365867924254,2,0
408,5.749912683664541,2,0
570,8.366858791404972,3,0
4623,0.20928899205102885,2,0
430,2.2902373243742935,1,0
3563,1.7444705310615358,1,0
778,3.995798392312744,2,0
994,2.154026764511066,1,0
1492,1.1537675929448872,1,0
2145,8.197303840823723,1,0
1859,4.280504438634634,2,0
854,6.038560782023604,1,0
357,5.1716077840594465,1,0
2860,11.520654919046617,1,0
2543,6.637005256057137,2,0
1391,17.812828304298566,2,0
4079,13.763842323693307,2,0
2848,4.7517128476600545,1,0
3976,2.4761665936693045,2,0
3065,0.6096914878402806,2,0
1668,2.044561054800325,2,0
4326,6.140326467944034,0,0
4730,1.0595840939770833,1,0
879,6.835371908157109,3,0
4622,5.6274877182596175,1,0
1541,2.9855557542692055,1,0
926,15.77318541313964,2,0
183,19.958048401774267,0,0
1056,1.2657147669812627,1,0
2,4.146850753112861,2,1
4723,3.286266880146113,1,0
4911,8.184026014766893,2,0
802,9.178160824059713,1,0
1707,16.49189739038618,1,0
4250,10.749660878102034,1,0
3481,5.630617130964673,2,0
1185,3.5763867119703336,2,0
857,4.85589650670102,2,0
3184,4.406076096233759,2,0
4624,5.755005269435468,2,0
2649,5.931828207487484,0,0
1164,3.1922394940605523,0,0
2392,7.933560568776074,0,0
4725,12.49710116227531,2,0
822,8.407299719219981,1,0
3896,15.410307035627893,0,0
3648,2.544642286196237,3,0
4020,6.030302127497049,1,0
110,6.722774377717734,1,0
1494,1.8426784936708833,1,0
2304,2.4075085906391775,2,0
424,23.3606712795577,0,0
3898,4.174851662115023,0,0
1189,3.029986606896172,1,0
3575,11.175867492443896,1,0
3925,10.831164931097831,2,0
1372,5.989204925205597,1,0
3506,3.1503062694048625,2,0
486,1.6826686037899754,3,0
2720,6.5147672420931455,1,0
3479,5.788563388496319,2,0
1477,1.6466654000661138,1,0
324,18.12696851219064,2,0
1675,6.711063712335813,2,0
811,1.7420965431997448,1,0
2634,11.69910441478365,2,0
2238,2.9352683610822856,3,0
1376,4.5373427465228,1,0
2402,4.625136253347509,1,0
2985,1.3729529758080714,1,0
366,2.6580611592177363,1,0
4419,5.690707983524059,0,0
3157,11.763058947059616,1,0
4875,1.555693458925774,2,0
4848,9.145978614005775,2,0
4859,2.85973112626717,1,0
2824,5.16986701454286,0,0
2255,4.192916813143431,2,0
1479,3.250861087873776,2,0
4287,2.3700235189897563,1,0
3399,1.038628438283816,1,0
4812,2.3821727565799966,1,0
1179,3.5117276300338096,2,0
502,1.8998333827084517,2,0
433,3.1527451029248015,1,0
4747,3.3425875357466155,1,0
4344,14.777464430900137,1,0
106,4.928641122718525,1,0
859,4.03341223705734,0,0
2796,2.4558415272772827,2,0
4473,6.727524081374091,1,0
2478,11.019875927663193,1,0
833,4.24172708212565,2,0
178,5.071673850315814,2,0
2475,3.4671258106933687,0,0
880,2.809626693973534,3,0
533,4.497654799915746,2,0
1159,3.3148728480093164,1,0
922,1.3732831874494356,2,0
1051,4.535945681464053,1,0
4045,7.700539545615733,0,0
3823,1.929105708216139,1,0
1690,6.345558080878473,0,0
2972,6.4768261908533615,2,0
3090,3.1340940133617545,2,0
2590,4.093269530294553,2,0
2338,10.25753017245081,1,0
2381,3.8444127115808135,2,0
3640,5.6334541392892685,1,0
1489,2.250299869441227,1,0
4483,2.7607261158479623,1,0
2194,6.348797772163309,2,0
1295,13.13520519531668,3,0
2785,5.266133636732066,1,0
2133,6.404823594279884,0,0
3650,4.942416761675218,1,0
1211,3.149238726659611,2,0
4658,12.211771155383037,3,0
2259,19.141433743453575,2,0
3117,3.3065955142138135,0,0
1288,6.0149174600182995,3,0
1332,8.013601661479987,2,0
4498,11.735632538164452,2,0
1018,31.013794631763723,3,0
1812,2.307495171341054,1,0
3775,6.198997861235453,1,0
2132,2.680377164005355,2,0
4241,5.190869020300038,2,0
1633,11.715162667533955,0,0
4728,3.9027647929686675,1,0
412,7.3797452353532655,2,0
670,0.7165770578947167,1,0
580,7.081145643054015,2,0
1034,11.938219936012715,3,0
985,1.1801975462871601,2,0
2395,5.781104047132047,1,0
1944,2.720112717278479,1,0
997,3.798232361088318,3,0
3508,3.6387065351133234,2,0
4890,13.25838941937169,2,0
4530,5.785570381597148,1,0
1750,2.203001708512277,1,0
3654,4.5004812788915185,1,0
1330,4.0498609234571745,0,0
3421,5.0033918976371305,2,0
2817,0.7106781679002312,1,0
1790,7.154933366857412,1,0
4952,3.957566392776809,3,0
3879,5.502221370678305,3,0
2658,7.635713664413149,3,0
2961,13.012267297486433,2,0
2818,6.841150486326498,1,0
4913,2.078654377500865,1,0
1497,3.137753579343907,1,0
3514,3.6761367529711353,2,0
2514,2.4625943150266,2,0
3753,6.604004238295539,3,0
463,6.888534160056231,1,0
2357,11.334042282951454,2,0
1567,9.153041412951557,1,0
654,8.062980679245358,1,0
98,4.952718278076571,2,0
4783,14.76875356041111,2,0
3098,4.828735376569769,3,0
4809,13.234899716078917,2,0
1947,11.60247505615653,2,0
157,7.512661157928138,1,0
3386,8.20813190606154,1,0
4493,4.439173952905875,1,0
1635,1.1811846140040883,1,0
435,13.666299895569637,1,0
348,1.0505634012724487,1,0
881,9.360772084134931,3,0
758,9.090310356275355,1,0
4068,2.1274502461270206,1,0
371,9.695935402771896,1,0
340,2.9111317698224015,2,0
549,2.527451976956065,1,0
1019,0.9608133986535519,3,0
2674,5.80765280083331,1,0
2116,7.920835988662161,1,0
4798,5.008209097846754,3,0
4231,2.703999338185313,2,0
1846,4.134372028204247,2,0
3932,0.9427770245567608,1,0
3443,6.218197901166369,1,0
2621,7.4764266812381965,1,0
1147,7.098104058986442,2,0
4907,3.5136656670788313,2,0
4599,9.634910531488545,2,0
3697,7.83282936118133,2,0
2024,5.9961804211175975,2,0
1537,1.3302595904535122,1,0
288,4.749648966794145,1,0
3518,12.075170525068753,3,0
4633,2.8924133827005063,0,0
2340,0.8296300753355879,1,0
2295,19.214686800870346,0,0
1188,1.8818559194618802,0,0
1720,3.3721109714333863,3,0
4639,4.090240661843778,0,0
3924,2.3683503348500374,2,0
3050,2.5196688975754573,1,0
2715,4.775158122980031,1,0
991,8.41905471636486,2,0
649,3.8580494436400645,2,0
4104,3.829679011805387,3,0
942,6.800895089345486,2,0
633,4.953325696924813,1,0
3842,2.653662195899315,2,0
2979,4.9115798406107745,2,0
748,10.527346687738406,1,0
4877,2.0793530781592757,1,0
2862,6.2322704384933045,2,0
964,0.226047098595268,1,0
2537,6.11610222544969,1,0
3883,8.4349093403492,1,0
4324,2.7658094650564986,3,0
4227,10.306617670122574,1,0
4683,3.1702409953288697,2,0
1454,9.788706347950816,2,0
3828,11.400818211766563,3,0
3974,7.775118530689906,0,0
2699,7.545249989639431,2,0
2057,2.9714575237218295,1,0
1186,3.80652417809301,2,0
1240,11.104775034689553,0,0
2510,6.811983735439655,2,0
2152,1.3979085258949364,0,0
592,5.002045054612305,1,0
1644,8.082423611736484,0,0
4619,10.160028480637727,2,0
127,3.4516166379072835,3,0
1040,3.156466534693472,2,0
4910,8.699580972836557,1,0
1721,1.4582030636062009,2,0
4439,6.124884298819913,2,0
888,0.542447329936354,3,0
4236,2.3628025032456472,0,0
1011,7.36322203526592,3,0
1760,4.30714422281739,1,0
2925,0.8177935476569578,1,0
457,8.750155233952217,2,0
4463,8.316853188584492,1,0
401,4.410806332072395,1,0
4757,2.6918280240503014,2,0
117,3.2276700283594755,0,0
3323,1.1569477910105812,2,0
2584,1.0278863730745398,2,0
274,7.6542045824708875,0,0
4199,1.8948547682141612,1,0
813,8.655684933726928,1,0
705,1.5381132308834473,2,0
1738,3.5950689541809826,2,0
1020,0.7819079804465499,1,0
2937,3.669329754717916,2,0
709,5.013084678190774,1,0
33,6.236790914344182,1,0
4278,2.597223051594941,2,0
2582,7.894622628409203,2,0
3520,5.751045534277501,2,0
3327,3.542991939119518,0,0
590,11.47809758663841,2,0
2908,6.402929837242172,3,0
227,4.320749465696476,1,0
3427,8.079687211678698,0,0
2445,1.92081357059843,0,0
2944,8.876204230621399,0,0
4339,4.049625036833751,1,0
2086,2.335446807880788,1,0
4733,3.5274078846321153,3,0
4178,2.2116818384228,2,0
242,8.975105314124061,2,0
4817,9.999721708369997,2,0
1449,3.282204621592003,2,0
355,11.556533499079396,1,0
1459,17.636455502000018,2,0
593,7.708615996245248,2,0
414,9.52314348029448,2,0
3351,9.081269698815365,1,0
3423,2.8909346494836194,2,0
1728,12.140293373753872,0,0
3120,1.8592476273534169,2,0
1247,0.743532508075115,2,0
1571,3.1309006903369667,2,0
3582,2.4747648326657927,2,0
479,11.152693778619344,1,0
4638,8.31656768191258,1,0
4410,9.067415890194809,1,0
4525,17.285950928435106,1,0
509,12.430179016676295,2,0
1897,5.216065099795473,3,0
3411,4.2912803320233355,3,0
84,12.916971047687353,2,0
490,10.630113261548285,3,0
4583,8.904598055768119,2,0
4471,5.078924367190702,1,0
276,12.490693922575968,1,0
1443,5.601465394354106,3,0
4305,3.317724081877647,2,0
2451,14.763512221150897,2,0
3159,0.425337357685615,2,0
3153,5.817213070302917,2,0
3417,16.96712941859839,1,0
3908,5.890623978656132,2,0
4946,2.6633202961189695,2,0
3064,8.730368500646314,0,0
4781,1.9169136805484694,0,0
2319,2.3748243927313366,0,0
2507,3.791881666356991,2,0
2332,8.543211520676248,3,0
2336,3.446852347213478,2,0
4644,3.9872105367134423,1,0
2653,4.972695342595713,2,0
2700,3.594415791038286,1,0
135,0.8789672159447341,0,0
4561,7.285101863493633,2,0
1303,21.12701639487797,0,0
1725,9.77242527245254,1,0
3337,9.72642937825242,1,0
1876,1.1776824246198119,1,0
531,1.9825359195936756,2,0
582,10.719693936792293,1,0
1890,8.051728100350807,1,0
3887,5.575731156576349,2,0
1107,8.69025191107523,2,0
2835,1.4473609598035115,2,0
1703,2.5513389714990153,2,0
1421,3.046887765620703,1,0
521,2.7275953696791846,1,0
1123,0.6493721058949637,0,0
2520,3.9420996567773754,2,0
1309,2.5198457073058647,1,0
4732,6.607139447445139,3,0
454,4.1731439045591605,2,0
2058,1.3855137658336987,1,0
764,1.77504888844652,1,0
1915,4.777098032074038,2,0
2271,10.317658361494436,1,0
619,1.552448387897237,2,0
1746,9.827553550662023,1,0
2241,3.133017898376738,2,0
4528,5.933065011279142,2,0
3448,4.102570345958138,3,0
3496,3.8111923127232155,2,0
1446,5.426658625753586,1,0
4010,10.991596201306688,1,0
2294,3.1389252532505125,2,0
3846,3.391788127764703,1,0
1528,3.354977412430051,1,0
3131,1.484271936028459,3,0
155,9.513252982951112,2,0
2713,8.360729680564033,2,0
2129,9.925722439357225,1,0
2163,4.76034732737378,2,0
1799,8.822241880968683,2,0
4692,2.750510730604869,1,0
4016,11.313823034945132,1,0
2291,1.4149716477475023,1,0
534,11.943979382871028,2,0
4407,1.4041550985271183,3,0
3624,8.709547017303596,2,0
3567,17.60178924805804,1,0
3646,6.8812889117265765,1,0
2405,5.205930787008249,2,0
666,12.969733406925286,2,0
1155,3.553769768321933,1,0
3726,10.994081734651305,1,0
3839,4.0217821245399215,1,0
4661,11.241624692730127,2,0
1593,10.099752336727633,3,0
2756,0.3612454898998592,0,0
4663,3.305664152505334,2,0
3148,4.223228216939568,3,0
4245,5.465180715346532,2,0
1752,11.726435468587603,2,0
2265,12.182606402137296,1,0
3387,2.597807665976822,1,0
2354,0.30135462968979254,1,0
4098,3.1434501321098614,2,0
4686,1.6839687548234092,1,0
1115,6.683198435884151,1,0
2468,4.16630290225515,0,0
3438,10.820588035514708,1,0
3433,4.636997467625198,3,0
4693,2.7873274080405697,1,0
4131,5.1125656142510785,1,0
1335,4.10053143012549,1,0
3165,7.4729570026344,3,0
4182,11.346487419704474,1,0
1581,1.521176278852993,2,0
4258,12.411028552334809,1,0
2031,4.157437064079135,2,0
4864,0.8747443058036198,2,0
1955,5.4081736064502195,2,0
2210,0.7534653822688531,1,0
1190,9.361563319219435,1,0
524,2.6999017899762245,1,0
2897,1.6248391614991378,1,0
4892,6.551794020294601,2,0
1785,22.260789214968533,1,0
3284,2.6364909269339813,2,0
2837,5.206785530128573,0,0
28,12.306787371621631,3,0
3800,3.9406962923906326,0,0
648,4.323514389590765,1,0
1173,10.177944114481193,1,0
4767,11.510714428717552,1,0
3021,4.3356198562945,2,0
226,5.691383328759463,0,0
4429,2.482142190056888,2,0
4437,10.8541964048755,1,0
2106,9.747970189741682,1,0
2139,6.647563282621183,0,0
2029,12.758531954857576,2,0
460,2.007416531821428,0,0
641,0.8519937776408961,2,0
3049,6.351199241441732,2,0
1769,6.902575941552069,3,0
558,6.2904856769779425,1,0
3868,3.4779658358814576,3,0
3419,5.118758430083519,1,0
4311,1.6063243828840363,1,0
1090,11.849442242775227,2,0
3693,9.26243499211645,2,0
1275,4.080463343762919,1,0
95,2.4533840475509967,1,0
2779,1.9272360689231764,1,0
3907,7.085729263890915,0,0
537,11.98533466516121,2,0
3653,8.541971188194582,3,0
2114,13.499222585473758,1,0
3962,3.280203772622506,2,0
34,3.5413842408153444,3,0
3211,4.425782525104893,1,0
339,2.38478569672099,1,0
3601,2.7095691369003703,1,0
4670,6.295396146445141,2,0
4941,8.770346284416533,0,0
3555,3.7411114692955394,0,0
2585,1.6474674328434669,1,0
4038,5.4555985200712565,2,0
4496,14.681363109397772,2,0
2830,6.170846018419121,0,0
1371,5.327719315256461,2,0
4127,4.710700366746809,3,0
2269,4.673013747920231,2,0
1191,8.13038453723517,0,0
1415,7.205573132770583,2,0
2768,4.763023353070736,2,0
101,3.388558559300108,2,0
1942,0.8517510918604488,1,0
3248,2.5877946991012526,1,0
746,7.816955930459946,0,0
635,6.3429945130294705,3,0
897,16.91621481462341,0,0
4795,4.877014082101731,0,0
4709,3.165976992680145,2,0
431,1.2728717689314002,3,0
1352,3.238163460712526,1,0
1129,1.1497286886793745,3,0
2596,4.607895073971249,1,0
2654,2.5574980820154365,1,0
4031,7.082394813038601,2,0
2318,12.614164328276473,2,0
376,4.626697952478541,1,0
115,19.180056980355168,0,0
1455,4.948648179379204,2,0
76,9.158436895041234,1,0
1952,1.2084414186642418,0,0
818,6.49327551604984,3,0
1427,7.096541214809472,1,0
4539,6.009185821359381,2,0
2663,6.656788195474776,2,0
596,12.998770188437927,0,0
3934,11.612105932541276,2,0
3275,8.064038793267866,3,0
2196,6.366199073539027,1,0
1792,12.795973457124974,2,0
1631,2.920378921359864,2,0
450,7.044170121651246,1,0
2374,2.5703547832469766,1,0
906,2.159301832172053,2,0
1435,1.7800105079691366,1,0
918,11.436831297699538,2,0
1818,9.730912534584098,2,0
3826,10.697825861876419,1,0
4832,3.839345111341566,1,0
3819,4.227085322053378,3,0
2545,5.897357743148807,1,0
1469,6.789589677322217,2,0
1712,1.4312820148237817,1,0
4216,6.400785482164775,1,0
2527,4.748293777537551,1,0
207,5.807085490724123,2,0
1076,5.919709031877078,0,0
2704,6.858774420262036,1,0
2078,11.64550412635798,0,0
4384,4.236136616646273,2,0
665,10.696323540210862,2,0
1801,4.841604379356715,2,0
3880,6.619035327591854,2,0
3978,10.810140348437718,1,0
4152,9.281247375521735,2,0
2898,12.822124797532114,2,0
4666,3.004157470601883,2,0
3420,11.059352602164473,0,0
2659,5.025405751706778,3,0
4945,9.683681333718994,1,0
2488,7.14394982620625,1,0
683,3.294019257516942,2,0
2454,1.3800973602885234,0,0
3685,6.07898276008623,2,0
1102,3.337315905401181,2,0
4855,3.7475167244822494,1,0
2914,3.3457013557182136,2,0
4934,8.742828270733176,2,0
2844,3.943865304045043,3,0
2735,5.430104225247557,2,0
4768,13.641612421233908,1,0
3283,5.8457333359650745,2,0
4093,5.849316708852255,1,0
3681,8.236718512246046,1,0
4129,1.7557725768280912,1,0
1924,4.002452795537583,2,0
2861,9.61988654955163,1,0
542,14.098840744616156,1,0
694,27.326443585843368,3,0
1615,1.8058930671518993,1,0
3936,2.160970771261433,1,0
2333,7.554257642023975,3,0
3136,3.6871491881330836,2,0
120,2.265192505056446,1,0
1310,5.132872726103734,1,0
3395,6.936987409430714,1,0
2098,1.0471605570522962,1,0
3097,6.257783671935405,2,0
1377,6.294986359979102,1,0
4826,2.704153685151079,2,0
2952,3.219418166550059,3,0
3023,6.612969297213975,1,0
1939,3.2099903074474048,1,0
1794,14.835625452030238,3,0
604,5.665647070861125,3,0
4538,4.302943127412265,1,0
1035,2.541684491822444,2,0
1845,2.741829574724275,2,0
4964,8.876520624370022,2,0
4729,16.27861718396593,2,0
1068,1.1839280853610963,1,0
3003,8.53696336570546,1,0
2681,1.6268787348740261,1,0
102,5.95364813475053,2,0
1653,11.011343229537957,2,0
1975,2.640672847425343,0,0
779,9.664332255180526,2,0
1447,6.529709703695314,3,0
3581,1.404737789529936,2,0
4013,6.902574885089189,2,0
1219,16.127065147575408,3,0
4726,12.069436496123167,2,0
800,3.5550990688919306,3,0
4810,8.251121977094526,0,0
3606,6.422030192216264,1,0
1714,3.907861596879907,1,0
2747,1.0592046851955443,0,0
2595,13.669610748507287,1,0
296,12.935145931456697,1,0
1521,14.933770569521801,1,0
4430,8.5519569038537,1,0
1198,8.124270182072486,2,0
1121,4.459522449267977,3,0
4054,10.198389563931578,2,0
1666,5.160181604507018,2,0
2673,4.5253012060606554,1,0
1012,9.006869976671394,1,0
911,2.0788974341776614,0,0
1251,2.1139295181451683,0,0
3808,5.320899014097243,2,0
4603,3.246114241341398,0,0
136,4.787935482770691,1,0
2502,4.471166606931178,2,0
2606,11.523287469349771,2,0
2722,15.275270527567026,3,0
1841,8.312815393976802,2,0
4634,10.119399970272266,1,0
1930,4.148318689009571,2,0
1351,5.59094097626567,2,0
4330,11.614037073520162,3,0
1112,7.281248620689792,2,0
1419,1.2949743671205616,3,0
2223,1.2110618383055716,0,0
1815,2.9960309831636733,3,0
1566,6.559465090809393,2,0
2577,4.809178829541754,1,0
444,2.1286188715747407,1,0
2296,3.117473195038813,1,0
708,18.234069839145196,1,0
4625,11.720991399074894,0,0
3129,3.611556241437653,3,0
210,4.076064149603177,2,0
3886,12.793478599506631,2,0
2888,1.9581869205749287,2,0
2666,3.312597455717821,1,0
4196,3.8661579566252398,1,0
301,0.2618977691403927,1,0
3990,2.6284555351909114,1,0
695,7.433152911962127,1,0
2040,12.372469732689153,2,0
23,5.801851253664404,2,1
4935,5.526879382080441,0,0
3820,22.074951144629157,0,0
4168,5.535811545077176,0,0
3108,12.54270592874052,2,0
3863,18.214085589826063,1,0
2701,13.042499864407754,1,0
181,1.181467146321372,2,0
4786,0.9951492862350759,3,0
2349,5.3214373047797565,1,0
4296,14.668377454037156,0,0
501,1.928667748520927,1,0
3914,4.602338047940275,1,0
4355,14.658377712961103,1,0
2966,3.6350435194841957,0,0
1549,3.7823205264487783,1,0
2803,2.473938876824091,2,0
4532,2.9943434688362274,1,0
2307,4.855454121134618,0,0
3497,6.302176601152638,2,0
2615,3.9205761122540053,0,0
4967,5.048140236448127,1,0
2772,4.380845926303619,2,0
591,5.351289518212704,2,0
4642,5.250140590551878,2,0
4413,3.253739204781659,2,0
2677,2.6141436505117928,3,0
4366,1.7208934764779897,1,0
1713,9.74089540772788,1,0
1266,4.305735044249762,2,0
1605,2.4105770598718146,2,0
14,3.174082317162911,3,1
4244,5.885406320716898,2,0
1293,4.156610387726937,1,0
4568,12.611864467077769,0,0
13,4.1755565548774385,2,1
3368,14.254172086715052,1,0
1986,5.632298330269907,2,0
2155,5.780614726543841,2,0
1884,3.0785621350620076,2,0
3453,7.053961365427044,2,0
2533,6.020122619992183,1,0
3982,3.243740363639966,0,0
1907,11.913878754546479,2,0
3741,2.372960507806333,2,0
3294,5.855410400988934,1,0
1336,2.3878327600241342,1,0
817,1.9227729918706051,0,0
2437,5.174542301713954,1,0
2264,4.356369281315401,1,0
4249,2.1297700867263822,1,0
3331,8.433006313764361,1,0
975,2.6044569528064496,1,0
2981,6.214072370040379,1,0
17,3.9532241434175655,2,0
338,4.359203381022559,2,0
1629,2.862330715653435,1,0
895,2.7177452301272793,2,0
867,3.55580095403655,2,0
3541,11.724288165168876,1,0
4677,14.710457423535203,1,0
4908,6.323593680398497,0,0
734,9.056879692588547,2,0
876,2.9690864823243928,2,0
3332,7.431795566020468,1,0
1969,3.221197281550495,2,0
1676,5.465233545529916,2,0
3268,0.20450545245898136,2,0
794,3.3035427197083136,2,0
3285,7.186048117630182,0,0
1420,14.684335413416953,2,0
387,7.344856651267419,3,0
3586,6.356205164668195,2,0
2292,3.679225154153084,2,0
529,4.518515473161919,3,0
1616,11.215788976198168,3,0
3533,1.590131690741565,1,0
2551,10.163931886742642,1,0
2833,1.5365846757031854,3,0
1048,8.843478681351597,1,0
461,5.242709631027016,0,0
224,6.710629792848305,1,0
1001,1.5392373244728632,2,0
556,4.600786485422978,1,0
1797,4.715388482120655,1,0
4255,5.563274000586593,3,0
2819,4.018283714530595,1,0
18,4.947907436820794,3,1
4863,7.207138879266468,3,0
193,1.7850217635641177,1,0
343,12.505772749431337,1,0
2067,7.006776877605839,2,0
4476,3.373723867146597,2,0
3698,15.559254931062874,2,0
4501,2.5647702083979307,1,0
1095,2.5599546379607827,0,0
1627,11.527199829381043,2,0
1556,2.611739641186933,2,0
2345,7.903213259025327,0,0
2316,3.206745009286154,2,0
2541,2.405175063742002,2,0
1941,5.574498295145678,2,0
97,8.735528785355651,2,0
436,10.107311076335883,2,0
429,2.5345500241790178,2,0
449,15.48385796896999,1,0
3452,20.157661088576603,0,0
192,0.790545436885925,0,0
627,3.583429629560629,2,0
1014,6.4019779671896835,2,0
1038,4.440115262112059,1,0
448,7.26460999410889,0,0
1139,10.396730912884944,2,0
3149,6.730139879764408,1,0
673,5.846469008180035,2,0
1474,4.0174279474524965,3,0
3743,2.1235310152178295,2,0
1554,2.687563905578546,1,0
213,2.552026802378384,2,0
572,8.527249219943076,1,0
727,6.704933823203913,1,0
3616,11.390532721496117,2,0
2707,5.131243317978733,2,0
1023,9.113627690852915,1,0
1755,4.143021009708935,2,0
4854,2.677373338307433,2,0
2613,3.5906938989287616,0,0
361,2.5714772688645557,1,0
505,10.984890684945547,2,0
187,3.273413826393688,2,0
4616,8.967920158562322,2,0
1758,4.105342119745275,1,0
4142,10.238804931625271,2,0
3528,2.440999320263142,1,0
3922,1.471317723338613,2,0
3269,1.4435825010400711,2,0
4408,13.504095985367705,1,0
3860,8.461063958509886,2,0
3882,7.253760418101399,1,0
4558,2.2355939360081307,1,0
4051,11.847933691288617,1,0
2178,7.521911259443865,2,0
4548,4.468927178035209,2,0
2017,11.527351778229963,2,0
2644,1.2910758598339234,0,0
4387,2.4889479694440917,2,0
4155,5.28558001123805,2,0
3542,1.0567757633780144,1,0
322,1.0697310423920914,0,0
1773,4.164216434263607,1,0
4431,7.919420860521822,2,0
3111,12.122846213717832,2,0
3588,11.773902615941811,2,0
4412,2.7950282916975615,2,0
80,11.686803157928102,3,0
4322,0.8743040851072578,2,0
2446,5.646759030008953,2,0
4899,1.0941974933376428,1,0
1918,4.803022698904724,1,0
2880,1.1947920810795216,3,0
2842,5.3397840101465714,2,0
4857,11.030053565282374,2,0
177,0.5316686722215406,2,0
3918,5.40947846224868,2,0
318,1.7963877524371175,2,0
294,4.122683342735625,2,0
291,8.27581222746131,1,0
4252,6.226147606526137,1,0
3779,10.126718085524177,0,0
1285,4.097602208742298,1,0
1086,5.193411976329102,2,0
4360,3.0441371776701818,2,0
4358,10.706058259389449,1,0
310,6.88740188365914,1,0
4156,3.460218571377332,1,0
851,7.560629049150219,3,0
3392,8.629695776597211,3,0
1495,8.446700831371253,2,0
2492,1.1728244339708997,1,0
3495,5.0901691681036265,2,0
1674,6.029681078715349,1,0
4135,9.898625528073183,3,0
3010,5.741140554234001,1,0
3836,4.58100721897669,0,0
1979,2.1169132571500184,1,0
1261,1.6865648337308528,3,0
3143,5.20033934316246,2,0
626,2.1406960470981407,1,0
2115,9.318417505855113,2,0
2695,1.7087987491857708,2,0
657,3.365306563987118,1,0
2725,3.8651756831483235,1,0
1638,10.532595878572927,1,0
3994,9.752601949058924,2,0
27,4.3148643473579655,1,0
2228,10.989442688803756,2,0
1067,4.210572528047221,2,0
56,8.709833715606784,1,0
4189,4.8291419341237445,0,0
1480,5.891871937391696,1,0
2466,3.9261850911473237,1,0
824,5.370418113781733,0,0
3917,6.055506846706228,0,0
1519,3.183749554975255,1,0
4713,0.757472625348826,2,0
2994,3.0285955981769046,1,0
4037,3.100815308994938,1,0
4097,5.056977161483606,1,0
3441,4.44343036111209,3,0
2020,7.072727081913376,1,0
2645,2.987062835630401,2,0
4484,5.547210026821026,0,0
3303,4.927895589240378,1,0
886,2.3850466804258863,2,0
1157,6.694915580374923,0,0
944,12.236218009448526,2,0
598,1.8916078270724266,1,0
1901,10.38681020036098,1,0
3814,5.951337340679551,0,0
3973,11.903890397499897,1,0
4389,3.3944417956265793,2,0
4240,4.584556470674777,2,0
347,1.828047053801193,2,0
4102,1.489284062269105,2,0
1174,3.953009284824588,1,0
2130,2.591949451631575,3,0
4888,18.30498677582468,1,0
4003,4.128515487967732,2,0
1236,6.474101613031678,2,0
3271,11.239561873173942,3,0
1961,15.327578696940247,2,0
1709,2.2206996498320564,2,0
3824,3.8632802551685614,1,0
1504,0.6683042334376487,2,0
4698,1.407305291373345,1,0
2052,3.3501712427338877,1,0
4417,4.362882005572336,3,0
587,5.78787198293591,1,0
2774,6.444607521636318,1,0
4253,6.336222967336773,1,0
3214,2.250291553809488,2,0
4370,3.075222528131822,2,0
302,2.1121423038500913,2,0
3318,9.028895492726157,1,0
696,6.380410642553477,1,0
2548,2.1868296332273918,1,0
1645,11.11045725669483,2,0
458,7.032766066494064,1,0
2169,4.131146628219404,2,0
72,5.178583915190566,1,0
4177,2.8853917839881777,1,0
1628,11.423588451430078,2,0
1545,3.7514666572652455,2,0
874,15.960726496715232,2,0
976,9.70607819161205,2,0
2686,11.619904043432147,2,0
1982,4.689483850106129,2,0
4527,6.375731723975832,1,0
4338,7.0725828054231075,0,0
1657,4.538096526801884,1,0
4701,11.186390583692992,1,0
3639,10.385863760234502,2,0
2298,6.634510844314769,0,0
4576,12.034254631097852,1,0
2310,1.9201547119263032,3,0
955,9.823651017810157,2,0
3785,5.182985518646755,3,0
320,4.820470029689991,1,0
4604,2.389334706273644,1,0
3168,29.021273097050738,1,0
3829,2.3486881404094566,2,0
4120,4.062199533157162,1,0
3961,11.12302584711688,1,0
982,1.6018216639107106,0,0
3534,7.601157162156412,2,0
3413,4.19132081856684,1,0
2648,7.206636504554043,2,0
1073,4.513004978152989,2,0
767,3.2547221208739634,1,0
2033,8.035873819584857,2,0
3424,3.0387439240726604,0,0
4378,4.986544912101967,2,0
3183,3.6126194263605163,1,0
3946,9.005474653769408,2,0
1239,10.421786236874697,1,0
4552,7.975031547174467,2,0
4958,7.5800470544964025,3,0
4707,12.042996833335113,2,0
2995,15.156502650373945,2,0
2214,19.796176583234036,2,0
4056,8.901201409996615,2,0
2198,11.29774995827475,2,0
1009,22.12229559918822,1,0
2240,10.486173689594395,0,0
3631,10.951710988093192,2,0
4551,2.3507815276290445,2,0
2441,3.6955543093659897,2,0
380,2.607012293448412,2,0
4930,11.006365527626627,2,0
3746,1.1894484416603515,1,0
3645,7.524240486693285,3,0
4091,2.1277180323016838,2,0
345,6.170031866903621,1,0
2217,3.9649511065971375,1,0
2266,5.458509876050464,2,0
3669,3.0591228002317914,0,0
191,16.360124668706977,2,0
3000,3.4265984442289845,0,0
3619,3.959021164682216,2,0
1461,6.7973741611935115,2,0
2960,4.82000563375437,0,0
3830,3.8799710623796937,1,0
2609,16.11589093084447,1,0
3923,2.8133908166956028,3,0
1525,8.014655948524606,3,0
3913,16.9696105629263,1,0
3665,4.325195451123953,2,0
73,2.877134751088927,1,0
499,4.9251646805895115,1,0
1742,13.103875834878853,2,0
3627,5.384751361090662,0,0
4116,8.322086972468629,2,0
4139,7.104557964889927,2,0
3154,2.9246418188875025,1,0
199,2.015262260698863,2,0
3204,10.619433943363104,1,0
3188,12.331362770731854,1,0
2808,5.643492642280319,0,0
1965,3.368274822846992,0,0
333,10.620160459245263,2,0
2435,5.543068370478386,2,0
1071,8.19210380542625,1,0
2924,6.641275660724586,1,0
1408,1.071405733467619,2,0
2226,1.9353346437211651,1,0
4820,14.187372923907715,2,0
3585,10.589062648053657,2,0
2413,8.119311519477662,2,0
4077,2.3862385018861656,2,0
3975,4.351532421379355,1,0
1414,10.136480975694202,2,0
1417,5.320651596218784,3,0
3512,2.6298695005850554,0,0
1195,1.0346617236126299,1,0
3798,12.065789591762254,1,0
455,5.263967563156528,2,0
1047,7.264681327404746,2,0
4802,1.0593466420729807,2,0
2328,7.0898569527409165,2,0
3025,4.230295891077002,1,0
4626,5.557331588491668,0,0
2084,9.097382564898634,2,0
3992,3.1593105067097746,0,0
4805,5.766892061405201,2,0
3794,4.508955395832523,1,0
1865,6.36291565640606,1,0
4869,12.18020461772791,1,0
1227,14.716233687275224,1,0
2150,10.763267034365327,2,0
1855,0.8702201966398355,1,0
4607,10.49517365926989,2,0
29,3.9290541077267314,2,0
3465,4.044956670328263,2,0
3051,1.1169988111567473,3,0
3721,10.964459334303616,1,0
3454,2.7579657770479518,1,0
1257,3.027556371241581,1,0
1779,3.417840922085916,1,0
1178,5.754200075518781,1,0
4454,4.400489355285998,1,0
4797,3.1250863171148895,1,0
236,10.90259373118997,1,0
2620,2.9420849713754347,1,0
4343,4.257089729294734,1,0
3895,12.5312891410625,2,0
2579,1.9005831837951277,2,0
1732,12.545001329688468,3,0
3682,2.232476900824773,2,0
4947,8.881406309878523,2,0
2807,2.490567774476127,2,0
1338,5.993724643225329,3,0
4390,12.835162506447087,3,0
3274,2.4469025084797242,2,0
167,5.188553928585529,0,0
4032,3.493456899720222,2,0
1509,7.935061912531934,1,0
4745,5.064986960936236,3,0
1888,5.087019502946395,1,0
104,4.218045463653176,3,0
3305,2.7402404949364096,2,0
569,7.262053181150709,1,0
2199,2.7300971232661544,2,0
4481,2.2511111096896173,2,0
4349,3.5404972855383336,1,0
3769,5.860959179650907,1,0
2642,2.7700690648976285,0,0
2850,0.43157560565748676,2,0
4290,16.59930050642778,2,0
1658,7.715717514987576,1,0
3311,5.881547126506888,1,0
2253,7.9189809869217065,2,0
4451,4.640463128988687,2,0
1237,2.2665283319715934,3,0
438,4.986942166300634,1,0
1558,6.7592959598461455,2,0
3146,2.5558384845593825,2,0
2157,7.584542807158744,0,0
3570,3.9240816544351156,1,0
2993,5.423822051906439,1,0
3618,7.143356090921374,2,0
1706,8.140897699957353,0,0
1927,3.9328168878284155,1,0
566,4.436706764202152,2,0
2896,5.790187572276215,3,0
2300,2.2258078969877966,1,0
2816,1.9330859594613528,1,0
4396,3.459798637715478,0,0
2170,5.568691824873671,2,0
1177,0.5459870936303376,0,0
3696,3.690748977861419,3,0
4411,7.71238713313627,0,0
2782,2.007533203679494,3,0
4188,6.819635402625092,2,0
4299,1.3328690698742858,3,0
4007,7.409162450436152,1,0
3717,12.38111798741991,1,0
3848,3.3323779660977553,3,0
3931,3.481164901366578,1,0
544,3.8153565190832044,1,0
3163,3.518762730273373,3,0
4447,9.888866611649577,2,0
1052,6.11717455863303,0,0
139,3.214662231003256,1,0
1643,7.932576756016554,1,0
1565,2.4710795027807193,3,0
1392,4.77906084403827,0,0
1161,7.554452261589931,1,0
913,1.356372094466081,2,0
2426,3.0008234476710967,1,0
4001,6.593883618340638,1,0
1089,17.570887947916848,2,0
4064,4.784330134211317,1,0
2212,1.7531457669171298,3,0
3793,1.8993834725233225,2,0
803,2.286215393962978,2,0
3063,3.70666361391517,2,0
3267,1.1788132865684817,2,0
884,8.54497370534768,2,0
4601,2.189347719205524,1,0
1909,9.347357575543871,1,0
3422,14.359429169920103,3,0
2118,4.214275754783283,2,0
4450,12.290215822032835,1,0
4398,13.832410183558583,1,0
1212,7.456490393688508,3,0
2489,5.128992357135889,0,0
1677,3.0533984767082627,1,0
253,3.252224505121414,0,0
740,6.4801230005172545,1,0
3372,2.985171514973483,3,0
166,2.8476994740966823,1,0
836,3.6187666934218683,3,0
3178,2.1514925503731073,1,0
3349,1.097386807218967,2,0
4844,5.718583121536355,1,0
3486,15.854541848710715,1,0
3177,3.947120151361745,1,0
1276,3.7787822596895797,1,0
189,2.0865441104532656,2,0
471,5.451649677998271,1,0
2665,6.80236341645981,2,0
1656,2.7065327646392596,2,0
4288,13.875369804561377,2,0
3688,6.492897248262688,2,0
4849,4.222240710483895,3,0
3673,1.1427015366150992,1,0
2574,5.680265376374476,2,0
2679,5.5279825998804135,2,0
1621,8.34450349774303,2,0
1013,11.357636747333267,1,0
3920,12.986559366704748,1,0
130,13.734873477934872,2,0
2866,2.6304375479065802,2,0
1813,13.125986941385733,1,0
2569,2.183540162699635,2,0
883,0.9370313213667956,1,0
474,9.083375762956907,2,0
625,5.055483324751612,2,0
4894,12.238010477664577,2,0
4247,11.197463086950554,1,0
4739,10.190535346591215,2,0
1413,2.57921481994436,3,0
605,6.005589382713778,2,0
2303,4.559785601099624,0,0
22,1.4183803315040202,2,1
954,1.914495374112442,3,0
2416,3.2615363392970953,3,0
2287,4.405305000347795,1,0
4546,2.29447394385926,3,0
3336,1.6361182861416874,2,0
2737,1.9297315807001758,2,0
3981,4.8035780573821745,1,0
4706,10.15059337140223,3,0
1851,3.9573313541419046,1,0
4230,6.008411948598916,2,0
4254,1.599411175340223,2,0
2388,1.680007861144139,2,0
807,4.16261344989325,1,0
4175,7.938161094052705,2,0
4318,3.2611849222539044,1,0
1476,4.193573045242954,1,0
3933,6.005733756945409,2,0
3203,3.3310300853490453,1,0
281,3.626083137320414,3,0
4754,11.385437083468895,1,0
2814,5.239144159734505,2,0
315,4.901681082971579,1,0
3216,6.280122625099177,2,0
2495,0.829896156745106,3,0
3718,6.313499048487731,2,0
2828,5.88359544391721,2,0
3028,2.303959861150335,2,0
2711,2.3865065627352733,2,0
303,4.817481738179088,1,0
2632,11.587734635983521,3,0
832,2.859358598912698,1,0
1584,3.60560988782419,0,0
290,1.9960329587234258,2,0
86,3.6512298995310335,1,0
2082,5.046084825741012,2,0
1957,0.6264802166249162,0,0
4681,9.967182629826992,1,0
3407,12.858733109986678,0,0
4534,4.192552660910623,1,0
1085,2.986238234186551,1,0
3676,2.9521582369551376,1,0
164,5.394663625371583,0,0
848,10.21706787208929,0,0
2360,7.85703644371964,1,0
3884,6.143590193376049,1,0
3475,5.284365843712053,0,0
4261,6.871699921413794,1,0
3614,5.279486963484154,2,0
1625,0.38620539517751007,2,0
4897,3.731386408342895,1,0
2617,3.104525110000279,2,0
739,0.6000358025776612,2,0
4335,13.100410425713601,1,0
3291,14.729343806037926,2,0
4218,5.308530780170549,2,0
3353,4.327669168996691,1,0
4461,7.853873883119432,2,0
2127,9.071535315255273,1,0
1131,12.270341406514184,0,0
3764,2.2095407288816102,0,0
3301,6.470312495741561,1,0
78,9.46388721718925,2,0
3113,1.5034438265463963,2,0
3507,9.417314895537812,1,0
3152,1.2218823079052146,0,0
2498,3.708812877131649,2,0
1636,14.675615714650945,2,0
1093,0.4943516099312983,2,0
4162,3.7290660838041365,1,0
611,2.4711676877792073,1,0
2297,3.037848222175323,2,0
2890,19.385793769797935,1,0
3849,3.947024538831627,1,0
2536,11.279787058823128,1,0
2957,9.637467294546946,2,0
44,1.2987366582230593,1,0
2184,1.172580329620047,1,0
2630,9.221493576139416,0,0
1113,9.550512714346466,1,0
2107,8.254044658779844,1,0
815,10.81391799817784,1,0
4735,9.541205057194471,2,0
3807,6.79734536591777,1,0
1355,9.920975889329098,1,0
4679,8.407214430963757,2,0
1111,0.09512061022869239,3,0
1689,14.955771794669584,1,0
4268,2.3540855363712803,2,0
3732,7.597361757108118,1,0
2530,3.373567275441764,2,0
816,1.8226972510306563,2,0
1967,4.717553637362053,1,0
269,2.50170139062374,1,0
2592,2.9833890189213093,3,0
2370,8.191875723587485,2,0
4019,3.5487640152476567,2,0
3310,6.92141448085969,2,0
2766,5.498981250073321,0,0
1498,2.2416181555401407,0,0
523,14.204026105101008,0,0
2192,8.422518275629956,2,0
475,10.143876612990704,2,0
3999,4.95516888013346,1,0
4737,4.580406269910272,2,0
791,0.4902816286492343,1,0
1167,0.7624133638400656,2,0
1458,1.7688132557596523,1,0
1964,8.161895197695529,3,0
4804,17.56049306898506,1,0
228,10.13887983494804,1,0
4600,6.4591343706900215,2,0
3250,6.806318231297922,2,0
3307,12.744843131027167,1,0
16,3.0158534421542926,2,1
476,6.826570107440642,2,0
4208,6.542234740125178,2,0
2136,5.006954734831779,1,0
3871,7.674049000372852,1,0
1383,7.52218204856486,3,0
2299,3.6490029718714334,1,0
4554,4.993914886464372,2,0
2160,5.9632660616430595,1,0
2899,11.725245239647855,1,0
1369,3.422358306246271,2,0
402,0.9927162830412128,1,0
2535,7.360878512564371,2,0
4721,0.7810504070097751,1,0
2289,4.211999975920074,3,0
329,10.637172535443991,3,0
1669,1.6117996749166572,2,0
1798,3.703912675927471,2,0
1033,2.093901277960217,1,0
4522,1.233836979385851,2,0
1484,1.928353609864525,1,0
1124,11.99129273087108,2,0
2493,4.287952424130905,1,0
3039,15.210217450137673,1,0
4128,6.548387938840732,0,0
930,5.558147845295997,2,0
2542,4.947884284278092,2,0
1193,0.5099958219300312,1,0
1444,10.9715545665942,2,0
4134,5.648589208658173,2,0
4801,5.996674053585883,1,0
1082,7.384652251992895,3,0
3078,7.376514783879775,2,0
3742,6.237150696721841,2,0
2836,3.2732089034185954,1,0
4612,3.8436373694819217,1,0
3825,0.7358636676276051,0,0
2159,3.455762117142326,2,0
3263,7.245082762574933,0,0
3377,3.175007873755074,1,0
956,0.47510629614175126,2,0
1083,6.848458317131264,3,0
368,5.7812955281944625,3,0
3786,5.518287807383417,1,0
1438,0.70935651369815,1,0
1560,4.216565621094201,1,0
1696,3.051333120458069,2,0
4950,2.163812555906301,2,0
2604,11.88088071515693,3,0
4668,4.553667732276015,1,0
4513,7.066421983449602,1,0
1429,20.00811045351463,1,0
3590,3.460443055891318,3,0
323,3.7675867763438218,1,0
4237,3.1704429368509084,1,0
4289,2.0328884705292163,0,0
2770,7.837265994318506,2,0
1249,6.575248337941844,2,0
4922,1.5856045462966941,0,0
4671,5.244592821498964,3,0
1950,5.208325982396845,2,0
3733,15.35360958463793,1,0
2290,5.598644045449335,2,0
1893,2.6747962973533053,2,0
3313,1.6527376249377312,0,0
4030,10.592625347216085,2,0
2134,2.7129904653201993,0,0
1911,15.763960809042253,1,0
4205,3.635578538824484,1,0
4748,5.329586478224637,1,0
3199,2.8127775965381514,2,0
3801,3.6096850028021255,0,0
4760,3.2448544217202806,1,0
2907,6.685556885136922,2,0
4274,14.99583140096593,1,0
1652,3.0145047732043975,1,0
1761,17.954435257491312,0,0
1381,12.464405177081371,2,0
2244,2.613393717614758,1,0
3297,2.375300803300093,2,0
925,12.987496698780301,0,0
4519,18.223330388933963,3,0
1741,8.224215948807744,1,0
2557,2.7234378589387944,2,0
889,1.8936442187149085,2,0
3286,3.217294403143464,2,0
4282,16.774540748822535,3,0
2804,7.616801275764406,2,0
4352,11.785019643791406,0,0
2371,10.094315250096034,3,0
4630,5.739098444299761,2,0
1659,12.390567011479334,1,0
3626,11.870856537429349,3,0
3544,6.153589281097394,1,0
855,10.260676787294349,2,0
2594,2.4249436932861417,1,0
287,3.132671137625272,3,0
3473,1.8194742299835134,1,0
459,2.472632880942661,1,0
1847,9.941030899257063,2,0
1529,10.578345575142514,0,0
2671,3.3481102294911538,2,0
1274,1.8508104471511153,0,0
3511,1.777215605796286,2,0
1132,12.30921176732208,1,0
518,2.6160267160463127,2,0
1671,4.215614510700682,2,0
3972,13.177346947784546,2,0
3675,2.2347904336165896,1,0
4497,2.959538861523438,1,0
1241,10.870191623330678,2,0
4275,4.518466517917005,2,0
780,3.7106145996223034,1,0
3557,0.6707577850819859,1,0
4904,11.178162856959833,3,0
905,6.4267432839956165,1,0
2629,6.751018549003254,1,0
3580,10.888241922380402,2,0
4316,8.976125968971733,2,0
3997,1.123474330205691,3,0
706,6.8712855564434046,1,0
599,7.718858125844735,2,0
856,3.737593284141392,0,0
1783,3.8775558143432924,0,0
4004,0.9499151312344378,1,0
83,1.989415792293964,3,0
3458,4.635092543318651,2,0
3969,2.1860440619173933,3,0
1968,7.277256328834449,1,0
4202,8.159793398595179,1,0
66,7.271742625127594,2,0
4034,2.1316007746168744,1,0
1829,2.1790887545764663,1,0
3364,15.067320068905303,1,0
1050,3.6590759543286495,1,0
2780,7.979588172466956,1,0
2125,13.021725085374719,2,0
3415,3.529583334121769,0,0
118,6.443847782506053,3,0
4192,5.554677552755345,1,0
1874,2.407449262459876,2,0
4235,5.066848487792377,1,0
3677,10.21031994723111,2,0
4653,2.4420101536493584,3,0
2245,6.087133901498313,2,0
3523,0.39061896297104526,2,0
2562,16.76215779512139,0,0
4011,7.844419899857479,3,0
2547,7.759713572789101,2,0
1733,1.390105225674707,1,0
4872,7.411583922491123,3,0
559,3.631369837843001,2,0
2260,5.024756348306231,1,0
1665,2.5045917830643583,3,0
1425,4.013013656978613,2,0
563,10.306713036618689,2,0
722,11.741210922200212,2,0
3080,0.6237435920068249,3,0
3755,10.091193377280197,3,0
4169,10.95574831013166,1,0
4492,11.789881682182422,2,0
4469,9.542030720602122,2,0
3725,2.9277825407464655,1,0
4926,4.3843828537099885,2,0
4593,3.7930804615044122,2,0
1887,2.609218201228264,1,0
4180,8.597981021289558,2,0
3095,0.6001255101971288,3,0
4885,17.25653066742757,2,0
712,9.116152933959834,2,0
143,4.192087380583672,1,0
3326,1.5919526016565304,1,0
3941,4.528459716878016,2,0
4445,4.327914099896625,1,0
4293,1.5990946091599467,2,0
3804,2.9357088010681687,2,0
898,5.951020461043612,2,0
2581,8.24045651563005,2,0
2209,9.823845525533564,3,0
128,7.821025624429688,1,0
3674,1.9232840630323866,3,0
947,2.485457513833496,0,0
495,8.44194982855829,1,0
1343,8.153045834999098,3,0
3428,1.1020280518792636,2,0
2216,5.331922178984284,1,0
4610,12.847649003281706,0,0
3212,7.36832318347326,3,0
99,9.807281728659609,2,0
4694,10.98052620228985,0,0
3939,0.40557633726112063,2,0
2915,1.6783340779455203,2,0
362,7.489099326409255,2,0
766,2.4870393333029917,2,0
3867,0.6071683333852176,0,0
1490,4.822962655298373,1,0
1307,5.860810177875089,2,0
3701,2.293823003761534,3,0
1087,8.607932450884773,2,0
2940,1.285516343630939,1,0
823,6.203654768901721,1,0
735,1.584425814755566,3,0
2019,4.557981875272947,1,0
1436,3.55993751337012,1,0
4226,16.123484618563044,3,0
337,12.444742778334696,3,0
3352,4.847316288068959,0,0
4782,3.32437367162322,2,0
1281,1.085944893454004,0,0
58,5.050525349074947,1,0
2038,11.795485536877733,2,0
3706,5.6860321967681795,2,0
3013,5.858134379845862,3,0
308,2.8776233529700437,2,0
1405,14.167992511920321,1,0
229,7.062795190965295,2,0
2322,2.294332463887046,2,0
331,16.680031728440106,3,0
480,5.791264564435136,3,0
1512,4.655494502549388,0,0
733,7.463394394907473,3,0
1767,7.218357520518911,0,0
2954,10.166657222001486,1,0
4369,7.161341985396767,2,0
1987,1.5172811240676942,3,0
4866,8.390211982618723,3,0
4549,2.3094820316612554,1,0
1806,10.662291428917836,2,0
2731,14.438765231860394,0,0
3574,3.7228346842635656,1,0
717,2.999125005890609,1,0
4545,13.985430062183456,1,0
4310,6.7196919921030505,1,0
1526,4.918169839057677,0,0
138,2.171777386568974,1,0
4648,3.221839097980559,1,0
2787,5.524918815722577,1,0
2382,8.774373671770288,1,0
1354,2.0102466874495777,2,0
2508,10.094317590983549,2,0
3770,13.998833581365119,1,0
4167,5.69211826244994,2,0
3668,4.167404541140639,1,0
3355,9.337412860213378,2,0
4669,7.202989244446248,3,0
3187,5.315272797082297,2,0
1253,15.050127743739338,2,0
1153,3.275759342512285,2,0
4842,7.132736381487453,1,0
15,5.442022624416497,3,1
4659,7.163993586590129,1,0
546,1.6549300000453482,1,0
3620,5.178539740308875,1,0
568,3.641173685872747,1,0
3569,12.88002269796224,1,0
4829,11.69667941397526,1,0
4851,6.188276315954511,2,0
3240,10.584090593555104,1,0
2761,3.168525609097526,2,0
3047,2.7592848365897393,1,0
441,4.54314106840093,2,0
1057,11.488365568929371,3,0
146,2.605493195945253,2,0
1577,2.9053228310314667,3,0
4963,1.6786409224843328,1,0
1639,4.434224890639033,1,0
1823,1.0537920461824881,1,0
2676,7.984848970398163,1,0
2546,4.08765205301777,2,0
1862,2.937539770807553,0,0
2420,4.885894981702986,2,0
2895,2.702354041621075,1,0
1866,11.249143001978272,0,0
1971,12.37858515887409,1,0
3196,12.443917307494022,1,0
2825,9.172789036195171,3,0
3100,6.136976957184384,1,0
3338,9.73545013059175,1,0
3912,17.375638344164663,2,0
32,9.768040694037103,1,0
585,2.4508859205253017,2,0
383,8.883004435881894,0,0
4919,2.1273669832746984,3,0
4749,4.767877301536553,2,0
1827,2.369370527269494,2,0
3446,9.244658709314743,2,0
4118,7.23006742930469,2,0
63,1.7511658694204462,2,0
4961,9.511035549776667,3,0
42,8.514218089417081,1,0
2791,8.081828079530933,1,0
1505,6.306026635516436,1,0
125,4.56937913193362,0,0
107,3.963283630144257,1,0
4956,14.11237382648001,2,0
2912,3.9432406113183474,1,0
3306,7.307328805949641,0,0
1440,3.702897871174068,2,0
2923,10.720387344973265,1,0
4333,2.4594478040468806,2,0
1691,3.8178857389886693,2,0
1582,4.376236324582576,0,0
231,2.683011346653884,1,0
2970,3.2507220976994935,2,0
4170,0.7728729825055316,3,0
1098,6.530887407263646,1,0
620,7.725729764617696,1,0
834,15.178838015417346,1,0
3986,7.175135338778179,2,0
652,6.902648846068995,2,0
2865,3.4664006210121334,1,0
1885,2.054635306690992,1,0
3042,3.161701117886615,2,0
945,5.56614094334439,3,0
1763,4.985281120341174,1,0
3026,6.803314506874411,1,0
4512,1.5911751478876879,1,0
2387,9.3920992831924,0,0
2221,10.817618377802903,1,0
3754,13.43422913618902,2,0
467,2.8922627918849115,3,0
4198,6.07920338671747,1,0
774,6.259198957168702,1,0
2083,6.445453537099356,1,0
3474,8.525716497026707,1,0
1150,2.7183838040599855,2,0
170,2.876503099206271,2,0
3493,6.5720004175002735,2,0
946,4.580443054968442,1,0
1283,4.175968443967486,1,0
2589,5.429072827431453,0,0
2977,8.726433439948464,2,0
3300,2.5280228912580274,1,0
959,4.218012172786558,2,0
2512,10.345092948176468,3,0
2008,4.849922928157283,1,0
4388,12.705382486453953,3,0
2496,4.614889976582102,2,0
3037,3.290076234013938,1,0
536,8.66827243275741,2,0
2525,3.641294526857151,1,0
4722,2.0228235811169752,3,0
3333,12.10819354196886,2,0
2967,4.309076663452827,2,0
1353,2.9955293257640383,0,0
19,1.9204119145316505,0,0
2419,7.885131299247873,2,0
2331,17.28977201344729,1,0
411,1.942598056677078,3,0
2958,4.396465219538497,1,0
3900,10.493608621556815,2,0
1350,4.711870022423554,2,0
4647,6.76413497024693,2,0
311,4.067960267716844,1,0
3328,1.298178546440153,2,0
844,6.29928424451605,0,0
2237,15.98543380435623,1,0
2324,8.405433045052922,1,0
2755,8.615981561122608,1,0
4440,2.6567009285105665,0,0
3547,8.855517733171748,1,0
87,1.5749180643061735,2,0
938,3.5957273626547397,1,0
3362,14.991417809130965,1,0
4018,10.306547193619252,1,0
3595,7.993018745951316,2,0
3573,1.8993032886918577,2,0
2352,9.52418809401377,0,0
2161,3.319846454044667,2,0
1744,3.0570868984830915,1,0
1109,14.097997723611577,2,0
202,1.1454876429201795,2,0
3236,1.9227242622349945,1,0
3530,0.8411256555215703,1,0
1771,6.549015691374203,2,0
692,8.728278921849991,0,0
1568,8.268638735738655,2,0
4704,9.046393460485927,2,0
3169,4.526808436929096,2,0
4119,0.6032869754957535,0,0
744,4.113004163994545,3,0
1213,2.5929620480141633,3,0
4793,5.458853967145366,2,0
4636,5.6968454248114275,2,0
2560,0.8022725899173406,1,0
1789,4.065702660620859,2,0
3484,6.102967278864984,2,0
2049,6.22705333001963,2,0
1516,5.426198635611008,1,0
4165,1.3848031919684913,2,0
4839,8.509566004681059,2,0
218,4.125785405809707,2,0
796,5.567282715940864,2,0
4724,5.3169273350769775,3,0
397,3.1687593957327707,2,0
3334,3.745941640405996,2,0
3346,11.164658250589465,3,0
289,1.2273033751636382,1,0
2222,2.756248302795212,2,0
3919,3.1726883522746565,2,0
1933,6.737466232062806,0,0
4578,0.6401071380551147,1,0
573,10.395374916144007,2,0
3116,1.5049741603192757,2,0
1000,3.731185359860116,2,0
3821,3.3116789716391843,3,0
4435,5.084145593713462,2,0
2601,7.380522040863177,3,0
3017,1.4563610912986114,0,0
4865,2.3141582410959085,1,0
4478,11.136822421078534,2,0
3191,8.866583549510613,2,0
2393,5.589023185580591,1,0
363,5.300182223765697,2,0
1463,3.1640158080400616,0,0
3265,2.7540148161119538,1,0
4426,13.342186727868715,0,0
3789,8.58207763236417,2,0
1751,4.387510126734464,1,0
1114,4.606671745564979,1,0
2873,2.706791525383529,2,0
4385,12.623923532237793,1,0
185,5.282328118182191,1,0
723,7.971617105676875,2,0
255,3.9861297849075408,2,0
2039,5.172602462395025,3,0
2917,4.3011360564743395,2,0
4458,1.4116048907950585,2,0
1534,0.40707595678805625,1,0
2503,17.75285065211841,2,0
2421,6.393653156435441,2,0
1032,4.914209285823006,2,0
4108,15.551438902132823,1,0
827,4.6460456777708075,3,0
2703,4.852687105384425,2,0
1864,1.70310430675944,2,0
3857,8.354205853751276,2,0
2440,0.4353047023998914,2,0
4298,7.496630221771269,3,0
2670,4.5568393823807005,2,0
2646,4.1244263850937255,1,0
4792,17.400252920338943,2,0
980,3.9340862787486666,1,0
1934,11.848177494359192,0,0
1046,1.3198332643165622,1,0
1980,6.319389937513866,2,0
3490,1.7925214054117615,2,0
2891,5.3278885438772745,3,0
597,8.072245826327837,2,0
662,3.1986943809823836,1,0
2119,7.360334659708126,2,0
3956,3.865387551681347,1,0
451,8.592590251994308,1,0
4346,3.1566480107862285,0,0
3304,4.172431415393048,1,0
1804,2.454176443331084,0,0
4931,11.282682585811845,2,0
3280,5.491875499552735,2,0
3909,1.2419175309141726,2,0
3797,3.0541584569650673,2,0
3118,8.682099112118584,1,0
1304,11.132015605250295,1,0
2625,3.6806110515554664,3,0
1466,1.6442043042962324,1,0
1550,3.685189542896348,3,0
4833,6.854022121275288,1,0
1879,4.952519402403737,3,0
1877,15.996659956066075,1,0
1802,7.594039078179994,1,0
4773,4.335703038786476,2,0
2457,5.71631685915392,2,0
1854,3.3052800440975973,1,0
3897,6.383525932000048,1,0
37,4.717178892003926,3,0
121,7.157424286808354,2,0
671,4.683758032624863,3,0
2540,11.084168462295796,1,0
2014,5.918374686971278,2,0
2857,0.6571284072441284,2,0
225,6.289362896173456,1,0
664,3.1629254660113126,1,0
3381,6.385647592006333,3,0
266,3.6437351815320773,1,0
3503,6.13982556188917,3,0
3365,4.363084145243963,1,0
1685,6.4413706964643485,1,0
3796,3.6062437182651816,2,0
38,0.6423152457180019,2,0
4394,1.6286303346741418,2,0
4047,2.620801590719916,1,0
1063,4.436614006686122,0,0
3079,5.005685258608872,2,0
2611,4.094076911141485,1,0
3058,6.267245568772198,0,0
3560,3.5410770468482973,3,0
1889,2.4829666236359436,2,0
4070,3.8634592597981094,1,0
698,3.8813530271870316,2,0
2910,7.47504142064119,1,0
4533,1.1924172010857512,0,0
1066,4.972764490286409,2,0
1891,1.386735358391451,2,0
4780,5.1709430006165915,1,0
1187,11.371617738511823,2,0
319,1.4751439647861828,3,0
2018,7.886333962099535,1,0
4850,1.3210918617980076,2,0
1579,5.728437016672228,1,0
742,6.413175425967998,3,0
3067,16.190402532593126,2,0
1119,6.16146475707038,2,0
3004,5.363001390487317,1,0
3106,7.015070568237263,1,0
564,7.302047215470523,1,0
2327,1.8257007354802675,2,0
3662,3.34231199997474,0,0
4088,0.8903717272032261,1,0
3016,10.619875163570727,2,0
2335,3.1430296830456808,0,0
1830,3.7809919027266226,3,0
3320,10.595948173127406,3,0
4830,13.035200682205836,0,0
2763,3.208315325749883,2,0
3218,3.688223431023377,1,0
4834,4.687437276770307,2,0
297,7.925198035643792,1,0
3565,6.986804784301574,2,0
3390,7.79265463440451,1,0
1441,3.516794019796337,0,0
2138,4.475154995655281,0,0
1200,7.94249814503861,2,0
4680,3.2711927277240873,0,0
1359,3.3129486610664154,0,0
1764,2.8423079230108925,2,0
693,2.9839000433193448,3,0
2232,2.287091599280538,2,0
2942,0.5124739265422931,1,0
3550,1.641342939428075,1,0
3027,1.3224855259373762,2,0
2999,9.613739474805426,0,0
4660,4.888898101113528,1,0
3757,8.221968162067006,2,0
1547,4.8876967986485536,1,0
3756,8.909026901765543,2,0
1623,2.212971121743658,0,0
3948,8.763770413393319,0,0
4081,2.062518193070046,0,0
4727,3.1280354824386674,2,0
547,5.574300329147815,2,0
3255,1.4142807926493726,2,0
2834,2.12980939664487,1,0
3470,1.8053772691758883,2,0
3141,6.083229171339413,1,0
2317,2.508156150524542,1,0
1552,16.561307006481886,1,0
1250,6.764560698576388,1,0
2312,3.07828565183641,2,0
3081,1.7664276518903805,2,0
1729,3.0040682186658,2,0
2563,2.142674418482725,2,0
2225,6.906744505497512,1,0
2657,1.1657016288020792,1,0
3348,6.049168062418796,1,0
2447,1.0960932566844463,2,0
2509,3.7851263147246987,2,0
4160,3.6278962282529807,1,0
3664,9.526408249775693,2,0
3822,16.57546534222872,2,0
2799,10.271633033739722,3,0
46,5.270271880824442,1,0
2376,0.5928253826311977,1,0
384,2.991385930347584,1,0
2010,10.722711424413276,2,0
1390,14.096325790572607,2,0
3671,1.93305240549155,0,0
3776,14.698366647676991,3,0
3890,1.2292125957328959,1,0
2471,2.8572900120065663,1,0
4340,2.2423109306381637,3,0
4401,10.249247472679961,2,0
1958,4.443547491023836,2,0
3359,8.04652587191626,2,0
62,5.228846626557877,1,0
1088,6.542314409075198,1,0
672,1.2248281558122305,1,0
1717,10.476654322199954,1,0
3260,10.439677765278912,2,0
4587,8.420848810719203,2,0
1580,3.117737980121253,1,0
3622,12.622322991135936,3,0
4715,7.973306409320662,0,0
4883,2.2861893403528146,2,0
565,4.273992630822672,1,0
2882,0.6941426953034566,2,0
3737,6.561810852760857,2,0
1467,1.1934931748133926,2,0
617,5.074526264638501,1,0
2247,4.992920591285096,3,0
1117,5.793221300741057,1,0
232,2.9858741551264205,1,0
500,3.915309263448755,2,0
2092,2.6598891103113353,2,0
3122,4.00001801179922,2,0
3468,0.5402784406486153,1,0
3955,7.4720778975964155,2,0
1026,7.302832319259634,3,0
4109,6.281054674002105,2,0
3194,2.669121544447115,2,0
1833,9.149703158171796,2,0
1422,1.3325340470039508,1,0
3189,1.2483732242228411,1,0
2142,8.83910990502746,3,0
3843,15.872365168077714,2,0
2622,4.172977116907227,2,0
2325,14.028427368483973,2,0
1966,7.831748275289465,1,0
2394,3.8945178767036635,0,0
2651,6.660279488114266,1,0
2810,6.0936336758715335,2,0
4256,2.4389517951282658,0,0
3861,10.31976212465067,2,0
2692,2.692240629100998,2,0
4856,16.529792006408094,0,0
4371,1.8131673838006608,1,0
4125,1.482905533080651,1,0
1342,5.2989322938833,3,0
2922,5.741930198723658,2,0
2989,6.393239867227418,3,0
2936,3.9058877134041268,0,0
334,14.369442068314042,1,0
1912,10.69171029907674,2,0
4106,1.744285987935919,3,0
2283,1.2638672000516529,2,0
2356,0.8562264139781617,2,0
3935,3.5612226945282233,2,0
3991,7.681779785273196,3,0
4251,6.001869722505725,2,0
1104,5.809633101742982,2,0
2461,4.457926277241179,1,0
2068,2.560973886638051,3,0
425,1.599278526389912,1,0
4058,4.991825956968184,2,0
64,10.47697969057066,2,0
373,0.7272172710608968,2,0
1684,10.08240292883667,0,0
1375,7.212519543317491,1,0
770,4.121793240228614,2,0
2983,5.819805209259023,3,0
3124,8.88663577917983,1,0
4523,6.156176623057645,2,0
267,6.190881482923267,1,0
4319,6.218477936200831,2,0
1857,2.2113118107233767,0,0
3228,3.3012907419540376,1,0
3852,1.9986884861848644,2,0
248,2.2739018024734596,2,0
2472,12.397768837396189,0,0
2555,17.01978940916671,2,0
1225,3.4181334099308724,2,0
506,5.981184560366014,1,0
358,4.451999881577793,3,0
3621,9.622979133885302,1,0
409,1.3869455890758067,2,0
2243,9.228602301849355,2,0
3322,8.792714192570728,2,0
4957,4.983549773927001,2,0
60,4.183507577908052,2,0
2905,6.991934244612433,1,0
2820,11.45931369389261,3,0
659,11.315854854227421,2,0
103,2.701723313708764,2,0
771,7.096218243260678,2,0
2485,14.171784784144384,2,0
1514,2.568427844917068,3,0
1704,2.4583645022607983,1,0
4836,2.309521619270538,1,0
1024,3.6976905688846404,0,0
1044,3.841965184257898,1,0
1956,3.9330500444407823,3,0
1301,4.518074061902858,1,0
1456,6.827954476324404,2,0
1138,14.548493824440493,2,0
2480,10.415971320419924,2,0
4886,5.756213699548811,2,0
1682,3.743776819630418,2,0
4225,5.728017334209599,2,0
3516,2.679956857164219,1,0
3091,1.795860805805985,3,0
609,1.5351855834947565,2,0
156,1.3039205849894495,2,0
246,8.131125615351932,3,0
4232,22.561697306172196,1,0
2949,18.896172452277025,3,0
3012,10.77001416214524,1,0
1624,7.766263548666398,1,0
2422,7.12143714590819,2,0
639,1.8634510293360202,1,0
3559,1.1385999589807112,1,0
4351,2.1115348976868225,2,0
3213,4.172461115372654,3,0
3471,1.4987910081723805,2,0
249,12.958612931375024,2,0
2662,3.4140377685285923,2,0
4301,2.109802114564004,1,0
636,6.471041255736976,2,0
1324,5.07543946978965,0,0
3632,5.132330632267149,3,0
2904,3.8730378427556316,2,0
3273,5.161320908766522,2,0
2081,8.753859053460232,2,0
2550,2.0387995898823643,0,0
2822,11.092736068283175,2,0
1224,7.266907802639619,1,0
809,3.402151846117037,2,0
4329,15.867239225190591,1,0
3324,3.558083949376684,1,0
2909,9.274718809898316,3,0
2549,8.088204694437568,1,0
1128,3.0456565034809433,0,0
510,12.01731241713912,3,0
4927,12.331509815058613,1,0
2162,4.28701361474713,1,0
1202,17.811850306174378,1,0
2456,3.7111395316717517,1,0
1782,8.833932898058858,0,0
1462,10.534514504141956,2,0
2511,7.3966528625822985,0,0
3531,21.52427521289681,1,0
1379,4.141526935079592,3,0
2479,14.020140156414282,2,0
3704,1.8679245956245936,2,0
2813,6.717072947675126,0,0
3277,1.3175886798022238,2,0
3578,6.2008238226250025,1,0
4475,6.301454362332471,2,0
1243,7.201356749130375,2,0
439,1.7536324710632103,2,0
4110,6.304990659880374,1,0
100,3.2823961878607353,0,0
749,3.7587354776923116,1,0
2429,6.882070779620431,3,0
1406,1.6828865399530082,1,0
359,3.1367282574480564,2,0
612,1.5397499813236966,1,0
2088,6.5417985419753215,2,0
2567,5.924196208185819,0,0
93,11.951861049235573,2,0
4243,2.858334954410275,2,0
4621,3.429738427484573,1,0
729,2.2439182285162103,1,0
2721,4.503847789793164,1,0
3552,0.7531304385997993,1,0
165,8.511203477709941,1,0
2206,2.6646847634955493,3,0
793,0.37600085960829893,1,0
3788,3.2661860574922477,3,0
1775,3.156366395198548,2,0
1687,9.16674344047401,0,0
2693,5.627398917625443,1,0
3840,4.7025126386689555,2,0
3832,2.3900475731709516,2,0
4547,6.039062870905801,3,0
3519,8.42236548594422,0,0
3841,0.43180643080021225,1,0
2168,16.581020406532563,1,0
567,7.669142698656426,2,0
1920,10.99917773366707,2,0
3705,8.728150409481104,0,0
1569,3.7961796432062007,1,0
3485,7.896250782089153,0,0
4567,5.5870223792771005,1,0
2462,6.469758080237687,1,0
3335,6.728556383135673,0,0
2363,10.256984860751878,1,0
293,9.197351002072285,1,0
1437,1.4633212695737496,2,0
1710,13.950870843052304,2,0
220,3.728232697728135,1,0
3030,1.9725404717596366,1,0
515,1.4320743718847084,2,0
1337,4.9455934794745815,1,0
4790,6.848783852644992,1,0
2790,4.588602935419754,1,0
3558,2.5310114659205047,3,0
2113,2.04686308242231,0,0
1166,6.364835911217615,2,0
4194,12.073402357678832,2,0
2951,8.61339245414436,2,0
4000,4.093680071191115,2,0
2353,5.851734843353577,2,0
4652,7.529447608694099,3,0
1451,7.703480547348537,1,0
843,4.314208692876402,1,0
3929,3.519307327431796,1,0
3127,2.7287523856517053,2,0
588,6.669850304109027,1,0
532,6.843721473129462,3,0
2811,1.4938067388915064,0,0
3910,12.983199155399479,1,0
150,9.250845007757315,1,0
4234,10.855648786449757,3,0
3366,2.300640958948067,1,0
3735,5.337855899604226,1,0
487,6.1793778944740145,1,0
4195,9.264530098249494,0,0
369,3.8958079301779094,1,0
4796,3.0036354905955447,1,0
2477,0.7520359770587137,1,0
2275,2.3440611890721788,0,0
2607,8.37817588892187,1,0
2261,10.306991830023305,3,0
754,2.640425213762203,2,0
931,4.718941478001105,2,0
2902,10.761112747546665,2,0
576,1.0006479480819317,1,0
4184,3.75061726637112,2,0
418,9.127847567753562,2,0
1465,8.361623531035608,2,0
3881,2.410349786054821,1,0
1573,4.509874947306589,0,0
2268,3.849909548953343,3,0
3456,4.787188706860658,1,0
94,4.512705619842295,2,0
4825,8.26903845454554,2,0
894,6.563205789430023,2,0
4569,7.810488351993175,2,0
2367,4.381356927051601,2,0
3176,8.806370783883793,2,0
3811,8.431117697512247,2,0
1278,4.935943929840111,1,0
1176,4.505498705028097,1,0
2827,4.759863409682231,2,0
1470,9.419844119572078,1,0
645,6.801810215401616,1,0
4418,4.365924746099202,1,0
2355,5.071025152606558,1,0
4174,2.923139497605135,2,0
1672,8.993608199842528,1,0
3970,19.35371866865051,2,0
4577,11.296787988598378,2,0
3847,4.140608622844945,1,0
668,6.453171921249873,2,0
1374,4.803095396460581,1,0
1226,3.079102263679051,3,0
4762,1.9817761469787933,1,0
2191,9.823995638655711,1,0
4526,2.4965938980675717,1,0
1963,2.4001114176115386,3,0
1140,11.720814512240562,1,0
4763,5.271022362614333,0,0
2030,11.096455396251539,2,0
159,3.340714191198632,1,0
849,7.617683624695523,1,0
4262,6.313929916105064,1,0
1223,9.043239294353787,1,0
2147,3.9573725595140745,1,0
3851,12.32834399308301,1,0
1601,3.2482188360294657,1,0
4586,5.426726318361098,0,0
2765,8.350117460391887,2,0
2872,8.495174443890322,1,0
262,11.163477634885705,2,0
3179,5.489939082989496,1,0
3061,3.992768134517159,1,0
2112,3.150720108892501,1,0
1578,25.854437098563654,2,0
1598,6.559151176099027,2,0
4434,5.569174570501071,0,0
2901,3.0651641379802657,2,0
154,4.29845679084738,1,0
3815,6.727235167479588,1,0
1130,2.549503724450426,2,0
3121,10.023208012368102,2,0
389,3.8048020838257806,1,0
465,7.801754322317281,2,0
1145,7.329072428501705,0,0
1936,5.127477957124332,2,0
48,3.853509653608919,2,0
3767,2.782394258257819,2,0
4270,13.421236940853834,2,0
3572,5.033074634737775,1,0
