Dataset,Att,Measure,Acc,SP,EO,PP
S1A,Y,mean,0.7972,-0.0110472070902515,0.008196544817298,-0.0131981315649387
S1A,Y,std,0.0106541593338522,0.0319649676374217,0.0389651601433789,0.0434620663818167
S1B0,Y,mean,0.7379,-0.0057257383056692,-0.0031373563085557,0.0061978244247552
S1B0,Y,std,0.0059898061552756,0.0393595598737162,0.0454247506733907,0.0553972405077598
S1B1,Y,mean,0.7319000000000001,-0.0056607441003972,-0.0013181275146283,0.0053031931762578
S1B1,Y,std,0.0054660568765589,0.0237763165716768,0.0280681125570021,0.0430219172234518
S1B10,Y,mean,0.7374,-0.0082300720822826,-0.0053592947425487,0.0054157478931832
S1B10,Y,std,0.0072907856610625,0.0305654511774193,0.0344285187570091,0.0513720362638718
S1B11,Y,mean,0.7377999999999999,-0.0077893241670334,-0.0062725442153496,0.0069558916402697
S1B11,Y,std,0.0069249949859588,0.0296230954174757,0.0339245767203512,0.0523774624167163
S1B2,Y,mean,0.7373000000000001,-0.0136293058072822,-0.0117347436168949,0.0032722610795213
S1B2,Y,std,0.0068645627844912,0.0288258596367524,0.0319934550129328,0.0524638001250415
S1B3,Y,mean,0.7363999999999999,-0.0109920766221285,-0.0098109185066032,0.0054893803540576
S1B3,Y,std,0.0062039413995369,0.0314912092321082,0.0315906025392846,0.0538696763811587
S1B4,Y,mean,0.7373,-0.0056294364400391,-0.0012997319988797,0.0056036396359846
S1B4,Y,std,0.0049899899799498,0.0306959362434342,0.0339428352346548,0.0470311410738566
S1B5,Y,mean,0.7378,-0.0086835508760157,-0.004213024045054,0.0034951778801379
S1B5,Y,std,0.0067131711334261,0.0299477093027478,0.0328109107578246,0.0501446580430401
S1B6,Y,mean,0.7374,-0.0078050938502106,-0.0040299983387948,0.0046939896396469
S1B6,Y,std,0.00661983551323,0.0286854966497084,0.0332397606807533,0.0493996715399471
S1B7,Y,mean,0.7379999999999999,-0.0074856676295438,-0.0017692255875828,0.0032103959790043
S1B7,Y,std,0.0065319726474218,0.0332347990474508,0.0364868186253432,0.051721908939419
S1B8,Y,mean,0.7375,-0.0076338071188616,-0.0022691849364116,0.0031664486145936
S1B8,Y,std,0.0073522483333709,0.0281789382614222,0.0326156931193943,0.0535426825780795
S1B9,Y,mean,0.7375999999999999,-0.007045295294313,-0.0031009868895336,0.0050362011965288
S1B9,Y,std,0.0067197883564555,0.0302027656336179,0.03472948984889,0.0520676232656334
S1C,Y,mean,0.6211,0.0175081443026308,0.0223530436215138,0.0100612396605304
S1C,Y,std,0.0083059550256962,0.0328345264493933,0.0463072444919478,0.0467196102679082
S1D0,Y,mean,0.8017696454266263,-0.0020050613146483,0.0021919663359214,-0.0025744100716685
S1D0,Y,std,0.0126595223502354,0.0416667679996935,0.0571196999358674,0.0316408398897537
S1D1,Y,mean,0.8003720433915044,-0.0036756623142144,0.0036964545244272,-0.0109489488550734
S1D1,Y,std,0.0172775727272645,0.0471080964474303,0.0467144816382724,0.0458840432651002
S1D2,Y,mean,0.7987982659542292,0.0139719633752354,-0.0152256031025793,0.0171100781596714
S1D2,Y,std,0.0195087415446761,0.030030016782235,0.1118474229526888,0.0955881381502964
S1D3,Y,mean,0.7919401197604791,-0.0172618363263621,0.0995244940237853,0.0480735546098075
S1D3,Y,std,0.0269347598555564,0.1820294594025887,0.2270459453764705,0.3504635529366816
S1D4,Y,mean,0.7965090180360722,-0.0240522452450452,0.0778425189213871,-0.079555583673097
S1D4,Y,std,0.0136257911116482,0.2950148308813802,0.2117328845147819,0.2525443615802498
S1D5,Y,mean,0.8043387980780838,0.0255449508546606,0.0714547553601521,-0.0351831916999421
S1D5,Y,std,0.0138473546671422,0.37321563313799,0.3629692818838253,0.3434901717111562
S1D6,Y,mean,0.7985189361978321,-0.2638574928635028,0.2034534534534534,-0.2269511695589773
S1D6,Y,std,0.0136022884806442,0.3703927794961005,0.0265430473418373,0.0260257276137452
S1E0,Y,mean,0.7999,-0.0186222941618568,0.0103182201952117,-0.0137566223904858
S1E0,Y,std,0.0098482937044388,0.0257367286157033,0.0370758103952528,0.0446764860339808
S1E1,Y,mean,0.7988999999999999,-0.04646601245263,0.0054170011639081,7.09304222271695e-05
S1E1,Y,std,0.014433371824429,0.0320850193870943,0.0294494746447199,0.0449044829319431
S1E10,Y,mean,0.8676999999999999,-0.606044297901816,-0.1547250827349635,0.1660896265137467
S1E10,Y,std,0.0128413394939936,0.0370668835523658,0.0458905450926056,0.0317007390294938
S1E11,Y,mean,0.8774999999999998,-0.6612620094706982,-0.1775638294942034,0.1837062417733476
S1E11,Y,std,0.0108857705285386,0.0271138551450625,0.0411483499802546,0.0452741467769749
S1E2,Y,mean,0.8019999999999999,-0.0896410534102899,-0.0181632115234626,0.0253723841094647
S1E2,Y,std,0.0110955446513954,0.0317646674040162,0.019522576105664,0.0510171986029521
S1E3,Y,mean,0.8123999999999999,-0.1301798239124413,-0.0310375714108468,0.0386842838668935
S1E3,Y,std,0.0092999402626515,0.0327971173751009,0.0248326316606265,0.0458509731947488
S1E4,Y,mean,0.8166,-0.1796462859797035,-0.0443894473404397,0.0415793320518353
S1E4,Y,std,0.0111674129103884,0.033989004018444,0.0376628911879768,0.0453006695551106
S1E5,Y,mean,0.8190000000000002,-0.2627459751940602,-0.0566513417763892,0.0530554247543946
S1E5,Y,std,0.015165750888103,0.0375406810682563,0.0443813270857856,0.0467050279343672
S1E6,Y,mean,0.8313999999999998,-0.3442894879359436,-0.0834483668710761,0.0836955186495476
S1E6,Y,std,0.0166946431860974,0.0339642865524968,0.051060704918803,0.0355823414163923
S1E7,Y,mean,0.8379,-0.425330869692521,-0.0859864346399526,0.0811938948060653
S1E7,Y,std,0.0121055542807607,0.0388717654827045,0.0479297435923875,0.0220066328205275
S1E8,Y,mean,0.843,-0.4858649250972382,-0.1115728832127413,0.115221919594897
S1E8,Y,std,0.0115373788665845,0.0391283834968918,0.0463478648931074,0.0258821758826423
S1E9,Y,mean,0.8523,-0.5456409681795382,-0.1291706131308002,0.1355860585274955
S1E9,Y,std,0.0173079942993596,0.0372488143380669,0.0561508046094289,0.0382075941517443
S1F0,Y,mean,0.7808306804947035,-0.075341204142691,-0.0743105255184947,0.0568393079254305
S1F0,Y,std,0.0123135537403824,0.0219963874940716,0.0300386922400761,0.033798610593589
S1F1,Y,mean,0.7734805931506544,-0.1825692206016909,-0.198735318965216,0.1946766250374237
S1F1,Y,std,0.0084270912271333,0.0461795529516863,0.0533100809734847,0.0374904441513125
S1F2,Y,mean,0.7854514313940253,-0.2857594282479893,-0.2945983759993774,0.2902512620247456
S1F2,Y,std,0.0153486176955702,0.0357008596755547,0.059150567196256,0.0740468954775243
S1F3,Y,mean,0.8003684545484997,-0.3757286267147891,-0.4239698347372574,0.4375089501553503
S1F3,Y,std,0.0112670170442394,0.0426644625791111,0.0910761255821333,0.0978379459739954
S2A0,Y,mean,0.8027999999999998,-0.0136054908456132,0.0073803542725818,-0.0007630558862466
S2A0,Y,std,0.0141484196212077,0.0301762578198955,0.0252338580080214,0.0393943905895683
S2A1,Y,mean,0.7986000000000001,-0.0468322352178347,-0.0029009783696051,0.0074298274560801
S2A1,Y,std,0.0102653678832167,0.0346762168765782,0.0307679209065407,0.0569013810366464
S2A10,Y,mean,0.8674999999999999,-0.6072937831792444,-0.159983585599243,0.1705974526918222
S2A10,Y,std,0.0114915427839588,0.0402153170551233,0.059747721996882,0.0259772147441321
S2A11,Y,mean,0.8791,-0.6618161246811849,-0.1722050703514749,0.1754486506717452
S2A11,Y,std,0.0111997023769979,0.0327132304280783,0.0650942067452503,0.0441758768464825
S2A2,Y,mean,0.8029,-0.0962939503838585,-0.0341728495765968,0.0288914992570797
S2A2,Y,std,0.0104610388266812,0.0366539718680124,0.0187270890661128,0.0552180632811746
S2A3,Y,mean,0.8082,-0.1298093283866782,-0.034700668686831,0.0421964343871061
S2A3,Y,std,0.0091627264258819,0.0298119355154436,0.029869084400369,0.0475382703694201
S2A4,Y,mean,0.8177,-0.180737336965777,-0.043806379438554,0.0399987217091579
S2A4,Y,std,0.0092502252224832,0.0319570221342615,0.0474359163779365,0.0486070971798353
S2A5,Y,mean,0.8173999999999999,-0.2659669928512988,-0.0588563220977867,0.0481328375165462
S2A5,Y,std,0.0135499077487634,0.0369987258825951,0.0506893224340268,0.0292408639219037
S2A6,Y,mean,0.8291999999999999,-0.3443374290633685,-0.0906898150666623,0.0906204358342039
S2A6,Y,std,0.0150539769570111,0.0264996050374628,0.044336027103774,0.0377768644745762
S2A7,Y,mean,0.8401,-0.4243731466729046,-0.0864696035145338,0.0814285448533511
S2A7,Y,std,0.0136255478992793,0.0285084865848426,0.0402118895389675,0.0364957457597927
S2A8,Y,mean,0.8417999999999999,-0.4875358575964966,-0.1202958378254045,0.1208098259081195
S2A8,Y,std,0.0133981756635413,0.037445151755103,0.0462246548163902,0.0255208782916725
S2A9,Y,mean,0.852,-0.549299499412107,-0.1398500482457742,0.1369991422492383
S2A9,Y,std,0.0162069943748576,0.0329662109833965,0.0496660992094057,0.0388675633478664
S2B0_0,Y,mean,0.7329999999999999,-0.0198634061812787,0.0004132552876777,-0.0049107288130958
S2B0_0,Y,std,0.0045946829173634,0.0278257079730715,0.0285684678733764,0.0414107513828259
S2B0_1,Y,mean,0.7365,-0.0158514586176818,-0.0073762435603469,0.0089386969630938
S2B0_1,Y,std,0.0081819584724223,0.0287269282876669,0.0303879641322091,0.0521430425293718
S2B0_2,Y,mean,0.7374999999999999,-0.0177937775422629,-0.0091062349234701,0.0073920283884246
S2B0_2,Y,std,0.0073974470070573,0.0286608357355514,0.0337816990109053,0.0530575188386795
S2B0_3,Y,mean,0.7381,-0.0166423897529374,-0.0050295764235846,0.0052714287620022
S2B0_3,Y,std,0.0069833134446813,0.0286721906750845,0.034041259515755,0.0552910701465196
S2B0_4,Y,mean,0.7379,-0.0174294243358461,-0.0110720740015264,0.0099172174919385
S2B0_4,Y,std,0.0080339557158628,0.0295453196222658,0.0358069220843082,0.0543778719919364
S2B1_0,Y,mean,0.7421,-0.1332765817787705,-0.0573387491269543,0.0569191004198623
S2B1_0,Y,std,0.0123418889243998,0.029116704045219,0.0285416384127034,0.0596196449394577
S2B1_1,Y,mean,0.7445,-0.1345986101163297,-0.0553985011254226,0.0539799914487011
S2B1_1,Y,std,0.0099805366143865,0.0276698691722705,0.03275173852297,0.0628169799893764
S2B1_2,Y,mean,0.7398999999999999,-0.134067365818704,-0.050172362211844,0.0499864150237501
S2B1_2,Y,std,0.0126793795852426,0.0288717988766737,0.0309474170165972,0.0619456910726318
S2B1_3,Y,mean,0.7411,-0.1333047204253658,-0.0515410072923693,0.0522228440059016
S2B1_3,Y,std,0.0112787903212672,0.0279233452568208,0.0347195800853584,0.0581765322923442
S2B1_4,Y,mean,0.7411,-0.1328915543193398,-0.0511498432126678,0.0524222221085274
S2B1_4,Y,std,0.0117042252579523,0.0305752287457197,0.0365285094290452,0.0582685498874659
S2B2_0,Y,mean,0.754,-0.2592710751376976,-0.1124878102993715,0.1152391414921376
S2B2_0,Y,std,0.0115373788665845,0.029077558641155,0.0275245265145947,0.0412176040952349
S2B2_1,Y,mean,0.7535,-0.2723989532192759,-0.1258702731130441,0.1056847735609314
S2B2_1,Y,std,0.0123850268021062,0.0337323277608945,0.0195228966330491,0.0497883043744405
S2B2_2,Y,mean,0.7548999999999999,-0.2653595951923871,-0.1184183264696713,0.1108654386724385
S2B2_2,Y,std,0.0125560963502019,0.0292644381678321,0.0202822687988577,0.0424070134417444
S2B2_3,Y,mean,0.7537999999999999,-0.2614620434788902,-0.1165844736990331,0.1152148385707959
S2B2_3,Y,std,0.0114678293984132,0.0326200887709991,0.0190073232647456,0.0456790885743493
S2B2_4,Y,mean,0.7532,-0.2630842946053545,-0.1203275508480802,0.1160356745157085
S2B2_4,Y,std,0.0109321137531179,0.031224102113271,0.0227841189461956,0.0473238484576848
S2B3_0,Y,mean,0.7924,-0.4827856039239819,-0.1762407464440646,0.1848395491289084
S2B3_0,Y,std,0.0110473727394546,0.0298508525097006,0.031335889149279,0.0615779287680418
S2B3_1,Y,mean,0.7899,-0.4924927440478511,-0.2061026283718995,0.1945708465785415
S2B3_1,Y,std,0.0123328828746566,0.0278740703372919,0.0345547400853454,0.068010230766771
S2B3_2,Y,mean,0.7917,-0.4909664925931267,-0.1977452726067661,0.1897602684945395
S2B3_2,Y,std,0.0118044247824468,0.0261875326868962,0.0355911846343373,0.0612157227719825
S2B3_3,Y,mean,0.7915,-0.489306392932401,-0.1928347165410621,0.1871281910436397
S2B3_3,Y,std,0.0122406426846523,0.0305792665972551,0.0298088094769265,0.0653280476385341
S2B3_4,Y,mean,0.7911000000000001,-0.4872606587721339,-0.1907441623517226,0.1884301696778813
S2B3_4,Y,std,0.0118832281435269,0.0300451008694248,0.0339317784909168,0.0644828938678551
S2B4_0,Y,mean,0.8425,-0.6648921242676163,-0.2711103532189666,0.2741164075873468
S2B4_0,Y,std,0.0120392875389054,0.0210705078517527,0.0730351701465373,0.049802546079618
S2B4_1,Y,mean,0.8423,-0.6628478478433799,-0.2665305870054558,0.271744634999763
S2B4_1,Y,std,0.0085120829152185,0.0227948455607953,0.0561545780527466,0.0541037842597754
S2B4_2,Y,mean,0.8417999999999999,-0.6667488826054093,-0.2772823439363466,0.2758317395893037
S2B4_2,Y,std,0.0130622441495411,0.021211958603798,0.0700866041191287,0.0504062922051911
S2B4_3,Y,mean,0.8433999999999999,-0.6654686086448015,-0.2760135465783385,0.2760145736964896
S2B4_3,Y,std,0.012112436217009,0.0222884517772702,0.0593400895732288,0.051306129639964
S2B4_4,Y,mean,0.8422000000000001,-0.6634570177094241,-0.2723273040742658,0.2770189341320958
S2B4_4,Y,std,0.0113411737585764,0.0217327519697477,0.0582017800162638,0.0504152082122697
S2C0,Y,mean,0.6165999999999998,-0.0599248434623827,-0.0659139449900431,-0.0154569799955793
S2C0,Y,std,0.0113548814759703,0.1526439069025856,0.1665920732231997,0.1119572337742007
S2C1,Y,mean,0.6239999999999999,-0.3622470062617869,-0.4091541983081826,-0.0951307346464273
S2C1,Y,std,0.014243907079481,0.0163473425429232,0.0317687801240544,0.0511306411374156
S2C10,Y,mean,0.8051,-1.0,-1.0,-0.2054167505931082
S2C10,Y,std,0.0074899933244295,0.0,0.0,0.0163588794584919
S2C11,Y,mean,0.8319999999999999,-1.0,-1.0,-0.1704344959707719
S2C11,Y,std,0.0073029674334022,0.0,0.0,0.0175542627449456
S2C2,Y,mean,0.6317999999999999,-0.3622470062617869,-0.404099990616336,-0.039980991498069
S2C2,Y,std,0.0150539769570111,0.0163473425429232,0.0363610342535377,0.0630422149776986
S2C3,Y,mean,0.6401000000000001,-0.3622470062617869,-0.3998453607266807,0.0107513163465096
S2C3,Y,std,0.0138600144300069,0.0163473425429232,0.0414336994994455,0.0708963161059534
S2C4,Y,mean,0.6465000000000001,-0.3622470062617869,-0.3981414194462858,0.0765258917810659
S2C4,Y,std,0.0122315620879391,0.0163473425429232,0.0392491393332567,0.0775502917900386
S2C5,Y,mean,0.6607000000000001,-0.3622470062617869,-0.3916637443724694,0.1815228855852528
S2C5,Y,std,0.0099112730430219,0.0163473425429232,0.0366698485111446,0.0734492546465688
S2C6,Y,mean,0.6856000000000001,-0.7880869642732801,-0.7797325130089238,0.037791969189904
S2C6,Y,std,0.0103408574757286,0.0671075343751834,0.1078034779030096,0.2656991748751147
S2C7,Y,mean,0.7222,-0.8780868926780971,-0.9269616300499413,-0.2842866683363711
S2C7,Y,std,0.0094610311864569,0.016680967619264,0.0147097776136697,0.018704695421159
S2C8,Y,mean,0.7499,-0.8780868926780971,-0.9245461908453956,-0.2429667655401461
S2C8,Y,std,0.0093386889396269,0.016680967619264,0.0140979319033376,0.0177919122006599
S2C9,Y,mean,0.7758,-0.8780868926780971,-0.922287428066798,-0.2073700342743461
S2C9,Y,std,0.0059591199946897,0.016680967619264,0.0149971931347621,0.0165066801486907
S2D0_0,Y,mean,0.7997625081430894,-0.0109620062242203,-0.010097566945924,0.0091278001819506
S2D0_0,Y,std,0.0148726230763494,0.03118730322484,0.0372768414328447,0.0421965440806301
S2D0_1,Y,mean,0.7995288503545385,-0.0075120946494633,-0.0091497508475377,-0.0064804258829046
S2D0_1,Y,std,0.0209760178450973,0.0393227699937855,0.1062716845263362,0.0758984657449966
S2D0_2,Y,mean,0.7965090180360722,-0.0522196268164207,-0.1096574810786128,-0.0789094090579051
S2D0_2,Y,std,0.0134950852763119,0.3066304346572859,0.3397344709856217,0.2655392470148127
S2D0_3,Y,mean,0.7981161160511456,-0.2328600181160279,0.2034534534534534,-0.1939612811349884
S2D0_3,Y,std,0.0131545183770222,0.4109122512403405,0.0265430473418373,0.1024859253155277
S2D1_0,Y,mean,0.8052452233175125,-0.1249809088098333,-0.0343375894793988,0.039374969045882
S2D1_0,Y,std,0.0155725109901396,0.0376363889315019,0.0478805688617565,0.0547708401051079
S2D1_1,Y,mean,0.7995295224653024,-0.0876380604529938,-0.0122989110303466,0.0171199567966469
S2D1_1,Y,std,0.0170705427246802,0.0838488464805468,0.1510381915197939,0.1488188056784008
S2D1_2,Y,mean,0.7979122244488979,-0.1959085567522363,-0.1405376996091319,-0.0946137223968927
S2D1_2,Y,std,0.0124522339853422,0.3285490061487052,0.4594993360044128,0.2203497843876434
S2D1_3,Y,mean,0.7989213506847537,-0.2961165756266177,0.2034534534534534,-0.2264738847679293
S2D1_3,Y,std,0.0138990667837208,0.3488631629475587,0.0265430473418373,0.026036321387243
S2D2_0,Y,mean,0.8194226102270044,-0.2385769785130001,-0.0595062955249676,0.0711085483930136
S2D2_0,Y,std,0.0145604988556702,0.0377773010781622,0.0636385692120643,0.056312996722819
S2D2_1,Y,mean,0.800082669623954,-0.2172127858419664,-0.1170104613213932,0.0267686958268784
S2D2_1,Y,std,0.0206602499089227,0.0683710773044886,0.1815759119156726,0.1023569752645026
S2D2_2,Y,mean,0.7973118236472947,-0.2141901746617357,-0.2012687848144626,-0.0288570296324564
S2D2_2,Y,std,0.0122772014711385,0.3072224140266981,0.4907756836249899,0.4256169342295817
S2D2_3,Y,mean,0.7989209450249886,-0.4218751737536369,-0.2946768884268884,-0.2260452151025249
S2D2_3,Y,std,0.0132756039488205,0.0989464692432867,0.7362939243982064,0.0255242515632327
S2D3_0,Y,mean,0.833873282792489,-0.4535238280569341,-0.1256485505889968,0.0902200906142628
S2D3_0,Y,std,0.0122953924869624,0.0374420753687811,0.0720072983782289,0.0674728045689076
S2D3_1,Y,mean,0.8108932352051618,-0.3434582966728079,-0.1276605330310179,0.1279820577897902
S2D3_1,Y,std,0.020832453971082,0.0637783209672147,0.1108721798230958,0.1641861873376137
S2D3_2,Y,mean,0.7957090180360721,-0.3912042819612396,0.2070484581497798,-0.1300251499578089
S2D3_2,Y,std,0.0127915234544499,0.1571416352513469,,0.3185150491435696
S2D3_3,Y,mean,0.7985185305380671,-0.4536302263199162,,-0.226744581825684
S2D3_3,Y,std,0.0135743265012276,0.0211956995874863,,0.0262275317063357
S2D4_0,Y,mean,0.852463687190831,-0.6025231795941994,-0.1603750174395357,0.1591192541298513
S2D4_0,Y,std,0.0169373219951122,0.0406853182989531,0.1220669172111776,0.1327088799947816
S2D4_1,Y,mean,0.8191349934469201,-0.4386110607817463,-0.2656138847919756,0.3069354537549297
S2D4_1,Y,std,0.019122507728565,0.0391023685857066,0.4177572187315169,0.3967642897815759
S2D4_2,Y,mean,0.7939066132264528,-0.4092822488146047,,-0.130982684545609
S2D4_2,Y,std,0.0153403403241544,0.1549365054887349,,0.3145419119506966
S2D4_3,Y,mean,0.7993237651716752,-0.4541357880096883,,-0.225508018235738
S2D4_3,Y,std,0.0137909453672316,0.021661146345353,,0.0256562859789614
S2E0_0,Y,mean,0.8024000000000001,-0.0204463955445227,0.0035796987297442,0.0054744480824667
S2E0_0,Y,std,0.0132849120768219,0.0319338647548729,0.0273567975161061,0.0475594791439968
S2E0_1,Y,mean,0.8136999999999999,-0.1400487103354682,-0.0299727428346208,0.0379516997504817
S2E0_1,Y,std,0.0085120829152185,0.031271061870039,0.0305700940154091,0.0459838891856373
S2E0_2,Y,mean,0.8234,-0.2723750489763323,-0.0646971250824113,0.0602408588154594
S2E0_2,Y,std,0.0151745400808942,0.0357028056564733,0.0385130635927918,0.0430186390169913
S2E0_3,Y,mean,0.8431999999999998,-0.4926479775607365,-0.1145282777270019,0.1177043582491389
S2E0_3,Y,std,0.0140538646325881,0.0382387209170487,0.0416708721540885,0.0252090501122388
S2E0_4,Y,mean,0.8778,-0.6654583988046234,-0.182839625267033,0.1900007531382873
S2E0_4,Y,std,0.0116980530193893,0.0269085122499122,0.0360474926436443,0.0480798327178665
S2E1_0,Y,mean,0.8094999999999999,-0.1454046095791795,-0.0373937967277484,0.036297170808338
S2E1_0,Y,std,0.0106692705155194,0.0324305659461717,0.0335728994813911,0.0461960057740957
S2E1_1,Y,mean,0.8198000000000001,-0.2611810615966145,-0.0510694127126998,0.0514195232759975
S2E1_1,Y,std,0.0143279059491918,0.0356495052079749,0.0450300259900727,0.0464932451907528
S2E1_2,Y,mean,0.8347,-0.3838925209467171,-0.0849863885937556,0.0870161408124308
S2E1_2,Y,std,0.0156918237733327,0.0362222001038513,0.0391705020460293,0.0261551575472129
S2E1_3,Y,mean,0.858,-0.5776800367352535,-0.1509484486292774,0.1603443312051033
S2E1_3,Y,std,0.0149443411809732,0.0353794199015856,0.0486362077700337,0.0277703064590835
S2E1_4,Y,mean,0.8972000000000001,-0.7375290538464974,-0.2017179858302883,0.2056251484133829
S2E1_4,Y,std,0.0095777519979029,0.02198443768086,0.0434247859573014,0.0450228205566945
S2E2_0,Y,mean,0.8204,-0.273685488383927,-0.0682198584336522,0.0624966204835548
S2E2_0,Y,std,0.0145464772367745,0.0362852363097912,0.0497520939595492,0.0302961275800403
S2E2_1,Y,mean,0.8331999999999999,-0.380898836673108,-0.0816457034534991,0.0902070857604069
S2E2_1,Y,std,0.0153391293393363,0.034897808779465,0.0408976889552028,0.0276459057012899
S2E2_2,Y,mean,0.8428000000000001,-0.4846634239998951,-0.1122551937730303,0.1192680079353882
S2E2_2,Y,std,0.0114968594745599,0.0406544178957493,0.0488775168436124,0.0290658440581071
S2E2_3,Y,mean,0.8774999999999998,-0.6612620094706982,-0.1775638294942034,0.1837062417733476
S2E2_3,Y,std,0.0108857705285386,0.0271138551450625,0.0411483499802546,0.0452741467769749
S2E2_4,Y,mean,0.9208000000000002,-0.8017593618794681,-0.2258009822199266,0.2144641940895578
S2E2_4,Y,std,0.0081486195149853,0.0173624111855972,0.0386684534601383,0.0524251456106727
S2E3_0,Y,mean,0.8428000000000001,-0.4954622230210069,-0.117759973888032,0.1156207795514839
S2E3_0,Y,std,0.0142111067674391,0.0328708692209666,0.0471804746348572,0.0245393101193842
S2E3_1,Y,mean,0.8587999999999999,-0.5749493279522968,-0.1384247591298217,0.1580182425824448
S2E3_1,Y,std,0.0147407221291526,0.0340485286011538,0.0337833014519667,0.0305892773681308
S2E3_2,Y,mean,0.8777000000000001,-0.6612761104144662,-0.1772291969525978,0.1848499473874588
S2E3_2,Y,std,0.0102312158504147,0.0260809984007662,0.0422898739120603,0.0472790955789588
S2E3_3,Y,mean,0.9208000000000002,-0.8017593618794681,-0.2258009822199266,0.2144641940895578
S2E3_3,Y,std,0.0081486195149853,0.0173624111855972,0.0386684534601383,0.0524251456106727
S2E3_4,Y,mean,0.953,-0.8878879797573939,-0.2712703108529418,0.2610192672956929
S2E3_4,Y,std,0.006,0.0093740323910748,0.0511647894030106,0.0587446955718392
S2E4_0,Y,mean,0.8789,-0.6670165186635666,-0.1792960807213029,0.1808998446371409
S2E4_0,Y,std,0.0115609495957536,0.0304118963836657,0.0525459829538422,0.0405056271544963
S2E4_1,Y,mean,0.8969000000000001,-0.7369277825802633,-0.2022183391573148,0.2051417712181902
S2E4_1,Y,std,0.009734817238483,0.0210606850539622,0.0403673599656961,0.0447596943926351
S2E4_2,Y,mean,0.9211,-0.8011262784854936,-0.2204311413844403,0.2171071796663845
S2E4_2,Y,std,0.0081028115833675,0.0159401272422392,0.0371709715599792,0.0432902469256795
S2E4_3,Y,mean,0.953,-0.8878879797573939,-0.2712703108529418,0.2610192672956929
S2E4_3,Y,std,0.006,0.0093740323910748,0.0511647894030106,0.0587446955718392
S2E4_4,Y,mean,0.973,-0.9345946478256206,-0.3166405686524304,0.3033387549291887
S2E4_4,Y,std,0.0038005847503304,0.0099042943858332,0.0911996264280536,0.0914020233990221
S2F0_0,Y,mean,0.7798848649548,-0.0731515126490824,-0.0694959291556307,0.0675946347964984
S2F0_0,Y,std,0.01180071176342,0.0318348795693291,0.0464676462833122,0.0359861787266417
S2F0_1,Y,mean,0.7710072338155878,-0.1985280011795155,-0.2096867589631579,0.1958839909204833
S2F0_1,Y,std,0.0117798954631213,0.0386205951250393,0.0425514194919798,0.0519993594727793
S2F0_2,Y,mean,0.7851863783118214,-0.2944247896437424,-0.2992772887680229,0.3010918105339799
S2F0_2,Y,std,0.0174917653306516,0.0332521221751112,0.0686622351157721,0.0802703852098444
S2F0_3,Y,mean,0.8042307673903369,-0.3871650821575751,-0.4242608657850555,0.4305833363592459
S2F0_3,Y,std,0.0151582394326953,0.047247087592212,0.114103331575699,0.1012387487594715
S2F1_0,Y,mean,0.7879934557151571,-0.2039778235555312,-0.1086937328249227,0.1030927808643207
S2F1_0,Y,std,0.0204901086902126,0.0267967706212105,0.0431612345593261,0.0374484634467032
S2F1_1,Y,mean,0.7842060304020269,-0.3291230747863001,-0.25106108325369,0.2619164954812434
S2F1_1,Y,std,0.0123681650306272,0.0417652323020441,0.0740457088757736,0.0607030398707552
S2F1_2,Y,mean,0.8037769616791588,-0.4261900164771505,-0.3844350067032306,0.3919774648889335
S2F1_2,Y,std,0.0110062089143692,0.042540404073395,0.106866943853825,0.0681685733536433
S2F1_3,Y,mean,0.814907814586015,-0.4794825034131157,-0.4939276217928111,0.5453584222956229
S2F1_3,Y,std,0.0091366191378605,0.0384729900072901,0.1440891166191309,0.132237941635664
S2F2_0,Y,mean,0.809373079696079,-0.3443137735221327,-0.1781466305786965,0.1755116110873157
S2F2_0,Y,std,0.0135293671691379,0.0266447459724199,0.0510287863477741,0.0491759458489848
S2F2_1,Y,mean,0.8087257206035959,-0.4736993359690181,-0.3588133864861672,0.3589733320406055
S2F2_1,Y,std,0.0173380570525407,0.0450463537701126,0.0691514746803807,0.0331555753631199
S2F2_2,Y,mean,0.8269192635067901,-0.542002433291479,-0.495920008474992,0.4993401499903648
S2F2_2,Y,std,0.0152893669227237,0.0337076666021757,0.1143592073846381,0.1015030709043918
S2F2_3,Y,mean,0.8376385891540379,-0.57238096075815,-0.5428282467430889,0.5162337701012869
S2F2_3,Y,std,0.0122418416865803,0.0297989372728053,0.1977161750514957,0.3122124167332862
S2F3_0,Y,mean,0.8372806832677055,-0.5752228327595252,-0.2570703317205458,0.2480922682255212
S2F3_0,Y,std,0.0105905984275572,0.0251261335939007,0.0734408805878136,0.0425513556351053
S2F3_1,Y,mean,0.8584612585283464,-0.6851726470386426,-0.4856531341657321,0.4835720227635781
S2F3_1,Y,std,0.0127656224085409,0.0258566775997714,0.1043448146631019,0.0937975091093484
S2F3_2,Y,mean,0.8615626498865337,-0.7022595282476698,-0.6998139577140321,0.6793926948507709
S2F3_2,Y,std,0.0168162361150173,0.0229407161012561,0.1630876491523913,0.1782923317250962
S2F3_3,Y,mean,0.8444406429292617,-0.6516142591698024,-0.8403179466748243,0.1470686790576483
S2F3_3,Y,std,0.0140124829536502,0.0273328406792562,0.0115589469141477,0.4973112913827594
S2F4_0,Y,mean,0.8780427042316011,-0.7426496831182291,-0.3702278158889976,0.3978381478104019
S2F4_0,Y,std,0.0060810381880673,0.0237325888891437,0.1050551843861854,0.0619828156612425
S2F4_1,Y,mean,0.899824571638109,-0.8143678434881874,-0.7431788801256989,0.7753339077805846
S2F4_1,Y,std,0.0090962253541787,0.0241097825239405,0.1318281238940892,0.1269145900785512
S2F4_2,Y,mean,0.8897796175790507,-0.7929400841683272,-0.8969042589967238,0.1975604146538928
S2F4_2,Y,std,0.0103960227434934,0.0229416204743292,0.0215636881401824,0.4881502340340434
S2F4_3,Y,mean,0.8498485508251946,-0.7186269489297319,,-0.1366675784234924
S2F4_3,Y,std,0.0202847846589038,0.026391841492957,,0.0258412784679286
S3A0,Y,mean,0.7999,-0.0186222941618568,0.0103182201952117,-0.0137566223904858
S3A0,Y,std,0.0098482937044388,0.0257367286157033,0.0370758103952528,0.0446764860339808
S3A1,Y,mean,0.7988999999999999,-0.04646601245263,0.0054170011639081,7.09304222271695e-05
S3A1,Y,std,0.014433371824429,0.0320850193870943,0.0294494746447199,0.0449044829319431
S3A10,Y,mean,0.8676999999999999,-0.606044297901816,-0.1547250827349635,0.1660896265137467
S3A10,Y,std,0.0128413394939936,0.0370668835523658,0.0458905450926056,0.0317007390294938
S3A11,Y,mean,0.8774999999999998,-0.6612620094706982,-0.1775638294942034,0.1837062417733476
S3A11,Y,std,0.0108857705285386,0.0271138551450625,0.0411483499802546,0.0452741467769749
S3A2,Y,mean,0.8019999999999999,-0.0896410534102899,-0.0181632115234626,0.0253723841094647
S3A2,Y,std,0.0110955446513954,0.0317646674040162,0.019522576105664,0.0510171986029521
S3A3,Y,mean,0.8123999999999999,-0.1301798239124413,-0.0310375714108468,0.0386842838668935
S3A3,Y,std,0.0092999402626515,0.0327971173751009,0.0248326316606265,0.0458509731947488
S3A4,Y,mean,0.8166,-0.1796462859797035,-0.0443894473404397,0.0415793320518353
S3A4,Y,std,0.0111674129103884,0.033989004018444,0.0376628911879768,0.0453006695551106
S3A5,Y,mean,0.8190000000000002,-0.2627459751940602,-0.0566513417763892,0.0530554247543946
S3A5,Y,std,0.015165750888103,0.0375406810682563,0.0443813270857856,0.0467050279343672
S3A6,Y,mean,0.8313999999999998,-0.3442894879359436,-0.0834483668710761,0.0836955186495476
S3A6,Y,std,0.0166946431860974,0.0339642865524968,0.051060704918803,0.0355823414163923
S3A7,Y,mean,0.8379,-0.425330869692521,-0.0859864346399526,0.0811938948060653
S3A7,Y,std,0.0121055542807607,0.0388717654827045,0.0479297435923875,0.0220066328205275
S3A8,Y,mean,0.843,-0.4858649250972382,-0.1115728832127413,0.115221919594897
S3A8,Y,std,0.0115373788665845,0.0391283834968918,0.0463478648931074,0.0258821758826423
S3A9,Y,mean,0.8523,-0.5456409681795382,-0.1291706131308002,0.1355860585274955
S3A9,Y,std,0.0173079942993596,0.0372488143380669,0.0561508046094289,0.0382075941517443
S3B0_0,Y,mean,0.7369999999999999,-0.0185459887452289,-0.0096600582441598,0.0056735293153654
S3B0_0,Y,std,0.0063770421565696,0.0364519117433706,0.0387961130721951,0.0531099807575806
S3B0_1,Y,mean,0.7384,-0.0183936365959395,-0.0110608309645804,0.0086058664773592
S3B0_1,Y,std,0.0058916136254095,0.0313761044435602,0.0323704527468619,0.0579987902994279
S3B0_2,Y,mean,0.7390000000000001,-0.0176652769445426,-0.0065016398713777,0.0050047842924474
S3B0_2,Y,std,0.0073635740114581,0.0296449541880414,0.0337330753860315,0.0516000858830597
S3B0_3,Y,mean,0.7383000000000001,-0.0170346741646947,-0.0054842419539595,0.0050213034019671
S3B0_3,Y,std,0.0077323275207979,0.0292840798223717,0.0341485015551824,0.0559881587174846
S3B0_4,Y,mean,0.7377,-0.0161966992178911,-0.0077836807463364,0.0086236786866645
S3B0_4,Y,std,0.0079309520235593,0.0301794736651474,0.0343231378520804,0.0546988552793107
S3B1_0,Y,mean,0.7405999999999999,-0.1255321431909117,-0.0413470051855867,0.0544476238008647
S3B1_0,Y,std,0.0095939795937058,0.0259942414915349,0.0330394336356995,0.0565671418821164
S3B1_1,Y,mean,0.7388000000000001,-0.1281702772102993,-0.0434223281907896,0.0523418179543171
S3B1_1,Y,std,0.0095078914592037,0.0279880220930479,0.0358318116498027,0.0514811366227635
S3B1_2,Y,mean,0.7445,-0.1345986101163297,-0.0553985011254226,0.0539799914487011
S3B1_2,Y,std,0.0099805366143865,0.0276698691722705,0.03275173852297,0.0628169799893764
S3B1_3,Y,mean,0.7415,-0.1313233703351346,-0.0474716749215536,0.0516238684383896
S3B1_3,Y,std,0.0116928278111935,0.0295137338803505,0.0339214675801888,0.0575485068679726
S3B1_4,Y,mean,0.7407,-0.1324967824709547,-0.0504199284728892,0.0522486053919141
S3B1_4,Y,std,0.0113043747677122,0.0285701125015837,0.0346132702455756,0.0593798846940489
S3B2_0,Y,mean,0.7546,-0.2610661082379808,-0.1144012303777499,0.1141210953463312
S3B2_0,Y,std,0.0113352939480583,0.0320486476687049,0.0204786239662567,0.0462698266883591
S3B2_1,Y,mean,0.7545999999999999,-0.2598828944381194,-0.1133241613521327,0.1145613988850263
S3B2_1,Y,std,0.0093357139820988,0.0309490528743739,0.0303967983122469,0.0405327064640598
S3B2_2,Y,mean,0.7539,-0.2598191323232897,-0.1111131871991105,0.1144041315453238
S3B2_2,Y,std,0.0106609359605784,0.0330996957538074,0.0330737416470303,0.0451926619321592
S3B2_3,Y,mean,0.7548999999999999,-0.2653595951923871,-0.1184183264696713,0.1108654386724385
S3B2_3,Y,std,0.0125560963502019,0.0292644381678321,0.0202822687988577,0.0424070134417444
S3B2_4,Y,mean,0.7537999999999999,-0.2614620434788902,-0.1165844736990331,0.1152148385707959
S3B2_4,Y,std,0.0114678293984132,0.0326200887709991,0.0190073232647456,0.0456790885743493
S3B3_0,Y,mean,0.7913,-0.484938639525561,-0.1844131812994862,0.1866800362807099
S3B3_0,Y,std,0.0119912004773871,0.0325322911278478,0.0373330096493104,0.0618332502066511
S3B3_1,Y,mean,0.792,-0.4842809563812533,-0.1799240231054803,0.1831018446093733
S3B3_1,Y,std,0.0117662417298152,0.0331619307437914,0.035742926702031,0.0643118755990396
S3B3_2,Y,mean,0.7915000000000001,-0.4853370165046072,-0.1844583569113295,0.1852089580735914
S3B3_2,Y,std,0.0124655079675434,0.0316498746579103,0.0385784493650895,0.065319050166556
S3B3_3,Y,mean,0.7918000000000001,-0.4854985577634126,-0.1920702726029402,0.1911699828040071
S3B3_3,Y,std,0.0122818746307086,0.0268520294213992,0.038103185876765,0.0671692634873972
S3B3_4,Y,mean,0.7917,-0.4909664925931267,-0.1977452726067661,0.1897602684945395
S3B3_4,Y,std,0.0118044247824468,0.0261875326868962,0.0355911846343373,0.0612157227719825
S3B4_0,Y,mean,0.8428000000000001,-0.6634439958038474,-0.2697560607766668,0.2734390956484666
S3B4_0,Y,std,0.0111035529849183,0.0209515944139048,0.0567358726242982,0.0513097807515712
S3B4_1,Y,mean,0.8428000000000001,-0.6634439958038474,-0.2697560607766668,0.2734390956484666
S3B4_1,Y,std,0.0111035529849183,0.0209515944139048,0.0567358726242982,0.0513097807515712
S3B4_2,Y,mean,0.8428000000000001,-0.6634439958038474,-0.2697560607766668,0.2734390956484666
S3B4_2,Y,std,0.0111035529849183,0.0209515944139048,0.0567358726242982,0.0513097807515712
S3B4_3,Y,mean,0.8428000000000001,-0.6634439958038474,-0.2697560607766668,0.2734390956484666
S3B4_3,Y,std,0.0111035529849183,0.0209515944139048,0.0567358726242982,0.0513097807515712
S3B4_4,Y,mean,0.8425,-0.664157973796186,-0.2680401844050394,0.2711044954573014
S3B4_4,Y,std,0.0107729084074615,0.0205677239085706,0.0695255440159654,0.0492622978525486
S3C0,Y,mean,0.6165999999999998,-0.0599248434623827,-0.0659139449900431,-0.0154569799955793
S3C0,Y,std,0.0113548814759703,0.1526439069025856,0.1665920732231997,0.1119572337742007
S3C1,Y,mean,0.6239999999999999,-0.3622470062617869,-0.4091541983081826,-0.0951307346464273
S3C1,Y,std,0.014243907079481,0.0163473425429232,0.0317687801240544,0.0511306411374156
S3C10,Y,mean,0.8051,-1.0,-1.0,-0.2054167505931082
S3C10,Y,std,0.0074899933244295,0.0,0.0,0.0163588794584919
S3C11,Y,mean,0.8319999999999999,-1.0,-1.0,-0.1704344959707719
S3C11,Y,std,0.0073029674334022,0.0,0.0,0.0175542627449456
S3C2,Y,mean,0.6317999999999999,-0.3622470062617869,-0.404099990616336,-0.039980991498069
S3C2,Y,std,0.0150539769570111,0.0163473425429232,0.0363610342535377,0.0630422149776986
S3C3,Y,mean,0.6401000000000001,-0.3622470062617869,-0.3998453607266807,0.0107513163465096
S3C3,Y,std,0.0138600144300069,0.0163473425429232,0.0414336994994455,0.0708963161059534
S3C4,Y,mean,0.6465000000000001,-0.3622470062617869,-0.3981414194462858,0.0765258917810659
S3C4,Y,std,0.0122315620879391,0.0163473425429232,0.0392491393332567,0.0775502917900386
S3C5,Y,mean,0.6607000000000001,-0.3622470062617869,-0.3916637443724694,0.1815228855852528
S3C5,Y,std,0.0099112730430219,0.0163473425429232,0.0366698485111446,0.0734492546465688
S3C6,Y,mean,0.6856000000000001,-0.7880869642732801,-0.7797325130089238,0.037791969189904
S3C6,Y,std,0.0103408574757286,0.0671075343751834,0.1078034779030096,0.2656991748751147
S3C7,Y,mean,0.7222,-0.8780868926780971,-0.9269616300499413,-0.2842866683363711
S3C7,Y,std,0.0094610311864569,0.016680967619264,0.0147097776136697,0.018704695421159
S3C8,Y,mean,0.7499,-0.8780868926780971,-0.9245461908453956,-0.2429667655401461
S3C8,Y,std,0.0093386889396269,0.016680967619264,0.0140979319033376,0.0177919122006599
S3C9,Y,mean,0.7758,-0.8780868926780971,-0.922287428066798,-0.2073700342743461
S3C9,Y,std,0.0059591199946897,0.016680967619264,0.0149971931347621,0.0165066801486907
S3D0_0,Y,mean,0.8031074386673254,-0.0023910385592882,0.0053685751909638,0.0079198350948393
S3D0_0,Y,std,0.0117977898859813,0.0393843631726721,0.0512258806942356,0.0337304743891043
S3D0_1,Y,mean,0.800446617602581,0.0047382461140265,-0.0019413047132094,0.0054353762339811
S3D0_1,Y,std,0.019474943658613,0.0452696023701109,0.1055099819677116,0.0863718313776733
S3D0_2,Y,mean,0.7965090180360722,-0.0240522452450452,0.0778425189213871,-0.079555583673097
S3D0_2,Y,std,0.0136257911116482,0.2950148308813802,0.2117328845147819,0.2525443615802498
S3D0_3,Y,mean,0.7985189361978321,-0.2638574928635028,0.2034534534534534,-0.2269511695589773
S3D0_3,Y,std,0.0136022884806442,0.3703927794961005,0.0265430473418373,0.0260257276137452
S3D1_0,Y,mean,0.806317784507012,-0.1246515957188889,-0.0261596629167464,0.034939034577309
S3D1_0,Y,std,0.0188190577880125,0.0251329408613947,0.0441382923897507,0.0420883386752314
S3D1_1,Y,mean,0.7989820882481433,-0.091513912209925,-0.0117857668507398,0.0190563824234982
S3D1_1,Y,std,0.0171499072412039,0.0684817518066402,0.1565313684893064,0.1002886807840914
S3D1_2,Y,mean,0.7977118236472946,-0.0842037801845983,0.1458410379323962,0.0717354540301825
S3D1_2,Y,std,0.0134044537358994,0.2851526128354801,0.1972588326706976,0.3503813148479339
S3D1_3,Y,mean,0.7989217563445188,-0.2646140503740925,0.2034534534534534,-0.176131561116477
S3D1_3,Y,std,0.014245833105128,0.3708612726983112,0.0265430473418373,0.153998787931933
S3D2_0,Y,mean,0.8200912383938606,-0.2395110503587659,-0.0469610094347716,0.0605557901301181
S3D2_0,Y,std,0.0154517473110197,0.0270349023784386,0.0562293972832216,0.0609143427397018
S3D2_1,Y,mean,0.802097321638606,-0.1814330755620173,-0.0083371512039604,0.0216319732426978
S3D2_1,Y,std,0.0185935551556825,0.0509225609874386,0.1365696765358669,0.1033182509649218
S3D2_2,Y,mean,0.7973114228456915,-0.1266769017422269,-0.1179354514811292,0.222181314699765
S3D2_2,Y,std,0.014046258991845,0.2908089814006156,0.5152350235779326,0.5002352919895316
S3D2_3,Y,mean,0.7991229635879795,-0.2653726485011116,0.2053231115731115,-0.1757040059533187
S3D2_3,Y,std,0.0139389526791316,0.3713204396200568,0.0291871432116588,0.1537589845316216
S3D3_0,Y,mean,0.8350775651626112,-0.4476217972529605,-0.1056395582358388,0.0898926510598288
S3D3_0,Y,std,0.0109053981994989,0.0340680771170368,0.0410893160982535,0.0623471250751904
S3D3_1,Y,mean,0.8118120106193502,-0.3298165408619936,-0.0739220898325173,0.1592209995198719
S3D3_1,Y,std,0.0212596856955957,0.0530003834342704,0.1248700639909401,0.1781944833777651
S3D3_2,Y,mean,0.7933058116232465,-0.2146085368643736,-0.7929515418502202,0.4698007064373163
S3D3_2,Y,std,0.0130931488521773,0.2092873595914352,,0.475752799528122
S3D3_3,Y,mean,0.7981161160511456,-0.2658777010673909,,-0.0264033726764778
S3D3_3,Y,std,0.0136582221585941,0.3715809859651348,,0.4204476927423437
S3D4_0,Y,mean,0.8511264308571184,-0.6037951184611199,-0.1546068484699303,0.1557168472335568
S3D4_0,Y,std,0.019253432696205,0.0323226031377912,0.0858758276077284,0.1425042999682981
S3D4_1,Y,mean,0.817852606109487,-0.440108630616519,-0.2525298610000544,0.3116299281782415
S3D4_1,Y,std,0.0189066047560036,0.0393874438033854,0.3465074540834856,0.3210730886855742
S3D4_2,Y,mean,0.7923046092184368,-0.2410222825227629,,0.3692886705828965
S3D4_2,Y,std,0.0145185159428442,0.2267319591493304,,0.5142457157968567
S3D4_3,Y,mean,0.7987197377815278,-0.2661307375046379,,-0.0252399308768253
S3D4_3,Y,std,0.0135941417999835,0.3717260436549327,,0.419786636772972
S3E0_0,Y,mean,0.7986000000000001,-0.0269056426744374,0.0086204944447146,-0.0109969507367887
S3E0_0,Y,std,0.011974046007001,0.0324795107822184,0.0361401927321721,0.0474812961941413
S3E0_1,Y,mean,0.8135,-0.1416721922843672,-0.0323906871841075,0.0375188073822415
S3E0_1,Y,std,0.0084360338232291,0.0316944344177192,0.0268785078433801,0.0445871368671849
S3E0_2,Y,mean,0.8227,-0.2722090306817079,-0.0653182961271648,0.0610056615059221
S3E0_2,Y,std,0.0158328070087959,0.0362718842635092,0.0376562574268936,0.0433496123186239
S3E0_3,Y,mean,0.8431999999999998,-0.4926479775607365,-0.1145282777270019,0.1177043582491389
S3E0_3,Y,std,0.0140538646325881,0.0382387209170487,0.0416708721540885,0.0252090501122388
S3E0_4,Y,mean,0.8778,-0.6654583988046234,-0.182839625267033,0.1900007531382873
S3E0_4,Y,std,0.0116980530193893,0.0269085122499122,0.0360474926436443,0.0480798327178665
S3E1_0,Y,mean,0.8135,-0.1416721922843672,-0.0323906871841075,0.0375188073822415
S3E1_0,Y,std,0.0084360338232291,0.0316944344177192,0.0268785078433801,0.0445871368671849
S3E1_1,Y,mean,0.8190000000000002,-0.2627459751940602,-0.0566513417763892,0.0530554247543946
S3E1_1,Y,std,0.015165750888103,0.0375406810682563,0.0443813270857856,0.0467050279343672
S3E1_2,Y,mean,0.8345999999999998,-0.3844966899039872,-0.0864443060913501,0.0869312763265815
S3E1_2,Y,std,0.0145922353782185,0.0359957478511012,0.0413027796121664,0.0265824703158999
S3E1_3,Y,mean,0.858,-0.5776800367352535,-0.1509484486292774,0.1603443312051033
S3E1_3,Y,std,0.0149443411809732,0.0353794199015856,0.0486362077700337,0.0277703064590835
S3E1_4,Y,mean,0.8972000000000001,-0.7375290538464974,-0.2017179858302883,0.2056251484133829
S3E1_4,Y,std,0.0095777519979029,0.02198443768086,0.0434247859573014,0.0450228205566945
S3E2_0,Y,mean,0.8227,-0.2722090306817079,-0.0653182961271648,0.0610056615059221
S3E2_0,Y,std,0.0158328070087959,0.0362718842635092,0.0376562574268936,0.0433496123186239
S3E2_1,Y,mean,0.8345999999999998,-0.3844966899039872,-0.0864443060913501,0.0869312763265815
S3E2_1,Y,std,0.0145922353782185,0.0359957478511012,0.0413027796121664,0.0265824703158999
S3E2_2,Y,mean,0.843,-0.4858649250972382,-0.1115728832127413,0.115221919594897
S3E2_2,Y,std,0.0115373788665845,0.0391283834968918,0.0463478648931074,0.0258821758826423
S3E2_3,Y,mean,0.8774999999999998,-0.6612620094706982,-0.1775638294942034,0.1837062417733476
S3E2_3,Y,std,0.0108857705285386,0.0271138551450625,0.0411483499802546,0.0452741467769749
S3E2_4,Y,mean,0.9208000000000002,-0.8017593618794681,-0.2258009822199266,0.2144641940895578
S3E2_4,Y,std,0.0081486195149853,0.0173624111855972,0.0386684534601383,0.0524251456106727
S3E3_0,Y,mean,0.8431999999999998,-0.4926479775607365,-0.1145282777270019,0.1177043582491389
S3E3_0,Y,std,0.0140538646325881,0.0382387209170487,0.0416708721540885,0.0252090501122388
S3E3_1,Y,mean,0.858,-0.5776800367352535,-0.1509484486292774,0.1603443312051033
S3E3_1,Y,std,0.0149443411809732,0.0353794199015856,0.0486362077700337,0.0277703064590835
S3E3_2,Y,mean,0.8774999999999998,-0.6612620094706982,-0.1775638294942034,0.1837062417733476
S3E3_2,Y,std,0.0108857705285386,0.0271138551450625,0.0411483499802546,0.0452741467769749
S3E3_3,Y,mean,0.9208000000000002,-0.8017593618794681,-0.2258009822199266,0.2144641940895578
S3E3_3,Y,std,0.0081486195149853,0.0173624111855972,0.0386684534601383,0.0524251456106727
S3E3_4,Y,mean,0.953,-0.8878879797573939,-0.2712703108529418,0.2610192672956929
S3E3_4,Y,std,0.006,0.0093740323910748,0.0511647894030106,0.0587446955718392
S3E4_0,Y,mean,0.8778,-0.6654583988046234,-0.182839625267033,0.1900007531382873
S3E4_0,Y,std,0.0116980530193893,0.0269085122499122,0.0360474926436443,0.0480798327178665
S3E4_1,Y,mean,0.8972000000000001,-0.7375290538464974,-0.2017179858302883,0.2056251484133829
S3E4_1,Y,std,0.0095777519979029,0.02198443768086,0.0434247859573014,0.0450228205566945
S3E4_2,Y,mean,0.9208000000000002,-0.8017593618794681,-0.2258009822199266,0.2144641940895578
S3E4_2,Y,std,0.0081486195149853,0.0173624111855972,0.0386684534601383,0.0524251456106727
S3E4_3,Y,mean,0.953,-0.8878879797573939,-0.2712703108529418,0.2610192672956929
S3E4_3,Y,std,0.006,0.0093740323910748,0.0511647894030106,0.0587446955718392
S3E4_4,Y,mean,0.973,-0.9345946478256206,-0.3166405686524304,0.3033387549291887
S3E4_4,Y,std,0.0038005847503304,0.0099042943858332,0.0911996264280536,0.0914020233990221
S3F0_0,Y,mean,0.7803036991847374,-0.0796408006226255,-0.0762265561921188,0.0645483963795594
S3F0_0,Y,std,0.0100614672681267,0.026086919386381,0.0446168779557332,0.0380813783991378
S3F0_1,Y,mean,0.7744259339511523,-0.188034741203843,-0.1957599675923898,0.2001155145174756
S3F0_1,Y,std,0.0118548978276217,0.0449234715349152,0.0474361718381873,0.0406274458591011
S3F0_2,Y,mean,0.7851854834668442,-0.2971861554717901,-0.3064102116698234,0.3011792808630885
S3F0_2,Y,std,0.0151278844493143,0.0333812037579835,0.0489709022747161,0.0812357691497447
S3F0_3,Y,mean,0.8023782066312248,-0.3785137546435883,-0.4136867293643444,0.4406338043817207
S3F0_3,Y,std,0.0129510796472237,0.0401803459876389,0.1046887694638799,0.0911774081349353
S3F1_0,Y,mean,0.7904150629471466,-0.1971397762392832,-0.1002383483007876,0.1088126000527112
S3F1_0,Y,std,0.016448354135687,0.0254775987509008,0.0462393377875766,0.0433233149921672
S3F1_1,Y,mean,0.7889209280618708,-0.326794583218488,-0.2476325444108536,0.2612779700579218
S3F1_1,Y,std,0.0120288495601991,0.0423951628231592,0.0498632549675514,0.0436076889595255
S3F1_2,Y,mean,0.8041791050118479,-0.4208351112882106,-0.3534160761673687,0.3720556966781707
S3F1_2,Y,std,0.0141803460705564,0.0417053747589408,0.0882630335039168,0.0724860409092986
S3F1_3,Y,mean,0.8141333422655647,-0.481976695542121,-0.5300775318243001,0.5705382295483252
S3F1_3,Y,std,0.0072068650304076,0.0354411143534073,0.1354351312704348,0.1178785469170221
S3F2_0,Y,mean,0.8104275969164216,-0.3453278119349186,-0.1742095387477834,0.1682707257598285
S3F2_0,Y,std,0.0159050471248824,0.0240045082521155,0.0589538723673757,0.0454558167889325
S3F2_1,Y,mean,0.8084884825655043,-0.4748675134806485,-0.367808400562633,0.3619734561310924
S3F2_1,Y,std,0.016491452411466,0.0412807481629267,0.0494084748881504,0.0283444880080949
S3F2_2,Y,mean,0.8267859316052087,-0.5432925505197573,-0.508930063318517,0.5052520957465407
S3F2_2,Y,std,0.0156834945148981,0.0317909871635185,0.1077485496872909,0.1038913489565424
S3F2_3,Y,mean,0.8370201118761992,-0.5706346163502963,-0.5428282467430889,0.5659618496336184
S3F2_3,Y,std,0.0121587689501645,0.0297428084311771,0.1977161750514957,0.2392149751092584
S3F3_0,Y,mean,0.8382283844490045,-0.5729890879185829,-0.2434555238071952,0.2393502301829924
S3F3_0,Y,std,0.0117605006204112,0.0259722650298593,0.0566828464934098,0.0579196994230295
S3F3_1,Y,mean,0.8570464419850212,-0.6863467806460914,-0.5044316441353129,0.4945054919053104
S3F3_1,Y,std,0.0126703573636772,0.0250666078458947,0.0950109342140129,0.1007083249110045
S3F3_2,Y,mean,0.8615626498865337,-0.7026600679258326,-0.7000585615040639,0.6791804117748836
S3F3_2,Y,std,0.0170159043688285,0.0232289156183643,0.1627771017154434,0.1782125490075341
S3F3_3,Y,mean,0.8444406429292617,-0.6512170299129012,-0.8403179466748243,0.147272636185988
S3F3_3,Y,std,0.0142379767774894,0.0276685430045787,0.0115589469141477,0.4971825596543563
S3F4_0,Y,mean,0.8778308468748266,-0.7430725424437465,-0.374698444714859,0.3956991519024589
S3F4_0,Y,std,0.0067800103628438,0.0230682161996261,0.0896922797904646,0.0775582861381407
S3F4_1,Y,mean,0.8995883058870591,-0.8131698074570473,-0.7422020239932605,0.7764479124959287
S3F4_1,Y,std,0.0087172789040373,0.0222373169974418,0.1316266661048735,0.1274191572759966
S3F4_2,Y,mean,0.8900471762271905,-0.7929425287115693,-0.8981560937646318,0.1978185427179109
S3F4_2,Y,std,0.0109660566331929,0.0235125794873395,0.0222273485922981,0.4885124153173051
S3F4_3,Y,mean,0.8504679851278347,-0.7194566032143804,,-0.1365251586658554
S3F4_3,Y,std,0.0196731516690518,0.0283686360900313,,0.0249771953777719
S4A0,Y,mean,0.8055,-0.0284019022312209,0.0011351988526231,-0.0023703475461841
S4A0,Y,std,0.0085016338299045,0.0342618239410151,0.0416981867872841,0.0312149236199681
S4A1,Y,mean,0.8078999999999998,-0.0754805071517115,-0.0157437646263835,0.0124153222454489
S4A1,Y,std,0.0081574778237175,0.0249363265779335,0.0320107624739667,0.0398046847887071
S4A10,Y,mean,0.8118000000000001,-0.2795674787717538,-0.091744485087742,0.098085871454102
S4A10,Y,std,0.0088418198227388,0.0280159320541321,0.034043507044527,0.0442094748206014
S4A11,Y,mean,0.8112999999999999,-0.2793676450229195,-0.0915805498542114,0.098714510619837
S4A11,Y,std,0.0087692645073574,0.0282793924982475,0.0350003795839574,0.0444787434961738
S4A2,Y,mean,0.8068,-0.1353702635788355,-0.0448195099625093,0.0356812384192329
S4A2,Y,std,0.0139586691501892,0.0345972836401203,0.0554358817473167,0.0352355895928276
S4A3,Y,mean,0.8125,-0.1829541750773818,-0.0526765354971437,0.0466564813541047
S4A3,Y,std,0.0103842829956301,0.0249996307013251,0.0541687343908075,0.0451915713405778
S4A4,Y,mean,0.8075000000000001,-0.2143653353345299,-0.0696704973256089,0.0653515385813102
S4A4,Y,std,0.0081955272354294,0.0251677894376562,0.0415665607348503,0.0443359928522712
S4A5,Y,mean,0.8121,-0.2530788170443209,-0.0821403971592214,0.0881553439310432
S4A5,Y,std,0.0096775800464555,0.0245932588984418,0.0431288110770216,0.0413872771487018
S4A6,Y,mean,0.8101,-0.2687961320828204,-0.0904983494777687,0.1007121096546234
S4A6,Y,std,0.0094451633713298,0.0273619139056966,0.0384231105306207,0.0369492171077533
S4A7,Y,mean,0.8089000000000001,-0.2751512060625743,-0.0933920422965156,0.1003519397436048
S4A7,Y,std,0.0096660919369377,0.0296039437949353,0.0382584207593613,0.0417153503233589
S4A8,Y,mean,0.8112,-0.2789291894180594,-0.0929508424866701,0.0981509640031762
S4A8,Y,std,0.0092472218050131,0.0285463729358602,0.0351742689963322,0.0433253036279434
S4A9,Y,mean,0.8106,-0.2787543914971742,-0.0931053034634223,0.0994415210232233
S4A9,Y,std,0.0083426614458456,0.0293099317435905,0.0351525678288484,0.0439412021212682
S4B0_0,Y,mean,0.7423,-0.0246205359508802,0.0075975227164839,-0.0024159571224441
S4B0_0,Y,std,0.0119912004773871,0.024491367324355,0.0486618907666127,0.0330286414946848
S4B0_1,Y,mean,0.7424999999999999,-0.0295485101733875,0.0030271989306697,-0.0052526349187725
S4B0_1,Y,std,0.0096867607244802,0.0246495563587146,0.056529521558883,0.0466991795647225
S4B0_2,Y,mean,0.7434999999999999,-0.0274886391370121,0.0030014088594573,-0.0018789374374335
S4B0_2,Y,std,0.0090215790684829,0.0223341015298649,0.0509961939893955,0.042242847440682
S4B0_3,Y,mean,0.7436,-0.026456491948419,0.0036509960589104,-0.0009453559599314
S4B0_3,Y,std,0.0087964639360244,0.0234961485798416,0.0517437418666568,0.0428395050686575
S4B0_4,Y,mean,0.7433,-0.0254396268230263,0.0016067859694864,0.0025857638341821
S4B0_4,Y,std,0.0089324626441362,0.0230685346695142,0.0554098147838077,0.0428538070308259
S4B1_0,Y,mean,0.7485999999999999,-0.1883444264730826,-0.0811057978921683,0.06566181915047
S4B1_0,Y,std,0.0133765964779286,0.0290157179533837,0.0485109706622002,0.0496122460613674
S4B1_1,Y,mean,0.7496,-0.1813215966675004,-0.0734030518836617,0.0687196706958175
S4B1_1,Y,std,0.0149903672773922,0.0308308874839124,0.0459850648132907,0.0614799209299706
S4B1_2,Y,mean,0.7484999999999999,-0.1814694270615824,-0.0786136694761818,0.0725804674965179
S4B1_2,Y,std,0.0129550504952058,0.0265296203554261,0.0397062557089561,0.0641763783504057
S4B1_3,Y,mean,0.7492000000000001,-0.180953901245702,-0.0768425824002841,0.0721355964132255
S4B1_3,Y,std,0.0143356587260966,0.0262894730832007,0.0435923114610656,0.0644197826106483
S4B1_4,Y,mean,0.7489000000000001,-0.1791304165800103,-0.0742292598029996,0.0723293305244016
S4B1_4,Y,std,0.0142005477202661,0.0260135239898471,0.0453981718257841,0.0661954101267365
S4B2_0,Y,mean,0.7564,-0.2516022472728786,-0.1006272487127602,0.1036003576503581
S4B2_0,Y,std,0.0126420814038758,0.032602004767956,0.0411869537451416,0.0648488653832904
S4B2_1,Y,mean,0.7558,-0.2508613814765237,-0.0998488179651703,0.1050130748642929
S4B2_1,Y,std,0.0116599980941488,0.0329582155301466,0.0419132647868649,0.0666779705904307
S4B2_2,Y,mean,0.7552000000000001,-0.252089334082425,-0.1016372234688759,0.1042622636255707
S4B2_2,Y,std,0.0128737458936136,0.0316267255975203,0.0418669112643235,0.0564537175278916
S4B2_3,Y,mean,0.7550000000000001,-0.2508424947558051,-0.1020450778246126,0.1071189328780776
S4B2_3,Y,std,0.0129614813968157,0.0326374349492124,0.045219997191135,0.0581522699730096
S4B2_4,Y,mean,0.7548,-0.2516515295309316,-0.1030168847249749,0.1068076953310079
S4B2_4,Y,std,0.0133149873784727,0.0294840307932398,0.0418018042382236,0.0607233124751888
S4B3_0,Y,mean,0.7553,-0.2761776050274958,-0.1187707568534234,0.1227253413918773
S4B3_0,Y,std,0.0125525561805819,0.0332931698275218,0.0430357714568332,0.0554577589557754
S4B3_1,Y,mean,0.7588,-0.278477686658171,-0.1218437554208282,0.1216327787094125
S4B3_1,Y,std,0.0115835131880521,0.0358149363376284,0.0461771958927999,0.0572299754188736
S4B3_2,Y,mean,0.7569,-0.2769773495874146,-0.1207839542106029,0.1235908730107509
S4B3_2,Y,std,0.0122967927164407,0.0326860335641995,0.0437352621943722,0.0549004078658372
S4B3_3,Y,mean,0.7577,-0.2786271782555284,-0.125040014275095,0.1253854157378864
S4B3_3,Y,std,0.0129017655983805,0.0314291874238744,0.0409072941252381,0.0560223084956438
S4B3_4,Y,mean,0.7569000000000001,-0.2774181236602749,-0.1231501712657396,0.1250483144844944
S4B3_4,Y,std,0.0127754104087153,0.0321940384794318,0.0422725895596097,0.0570704928354385
S4B4_0,Y,mean,0.7561,-0.2788370377440696,-0.1215374531849482,0.1244331745264839
S4B4_0,Y,std,0.0127927931100114,0.0336851007962293,0.044264212098904,0.0563959114997941
S4B4_1,Y,mean,0.7592000000000001,-0.2806375703057219,-0.1213787462989101,0.120361377329003
S4B4_1,Y,std,0.0113802948604643,0.0370730367359778,0.0467500061412555,0.0557086648983438
S4B4_2,Y,mean,0.7565999999999999,-0.2798083751065091,-0.1204254738376537,0.121896750007451
S4B4_2,Y,std,0.0111872943804816,0.0311685186840405,0.0442219745994433,0.0556618242347803
S4B4_3,Y,mean,0.7581999999999999,-0.2802313125888208,-0.1237130196448856,0.1247708004641749
S4B4_3,Y,std,0.0121545601867502,0.0303153514045498,0.0401952309277326,0.0552362244053724
S4B4_4,Y,mean,0.7575000000000001,-0.2784244085176823,-0.1211776072435583,0.1247847614881919
S4B4_4,Y,std,0.0123490890352284,0.0316694323324665,0.0413549220900368,0.0583779893313852
S4C0,Y,mean,0.6294,-0.0369053456440593,-0.0123383314455723,0.0031207267764089
S4C0,Y,std,0.0091189668030734,0.0209081612302035,0.0287609819675208,0.0325137382537495
S4C1,Y,mean,0.6374,-0.1721419068401324,-0.1544889139681626,0.013994169432943
S4C1,Y,std,0.0128512861440229,0.0229311839940828,0.0508224870139112,0.0486359846862416
S4C10,Y,mean,0.6646,-0.489113850337482,-0.6047989551651245,-0.1758714862924797
S4C10,Y,std,0.0111574588903069,0.0155544281240847,0.0199647974716113,0.3241229644328825
S4C11,Y,mean,0.6649,-0.4889204399953589,-0.6033489682790186,-0.2758714862924797
S4C11,Y,std,0.0111499875435904,0.0164603816222973,0.0211357082573229,0.0290445714276427
S4C2,Y,mean,0.6417,-0.3147521420360476,-0.3283618392150324,0.0232840226232957
S4C2,Y,std,0.0160696401121286,0.0220189130219906,0.0489676635015135,0.0600017211022849
S4C3,Y,mean,0.6463,-0.4084711899768042,-0.4657276300135656,0.0333249473495304
S4C3,Y,std,0.0142052415991031,0.0258534647089481,0.0363333243514105,0.0756627956796597
S4C4,Y,mean,0.6481,-0.4589315496821363,-0.5466407056603896,0.03084644149515
S4C4,Y,std,0.0129653384066903,0.0184536595141069,0.0278899557564161,0.0747964283954335
S4C5,Y,mean,0.6577,-0.4843364699691224,-0.5935601056180249,0.0854865961400831
S4C5,Y,std,0.009741663102366,0.0152262807687857,0.0186590921151375,0.3825277189521853
S4C6,Y,mean,0.6608,-0.4838790299592356,-0.5954982569225951,-0.2170359189887459
S4C6,Y,std,0.0097388112439067,0.0270076006665104,0.0342048788930765,0.1949634074197097
S4C7,Y,mean,0.6628000000000001,-0.4873708064780301,-0.6025568453688969,-0.2009938613067684
S4C7,Y,std,0.010850499220466,0.0196557278944729,0.0233211658604811,0.2312277433578704
S4C8,Y,mean,0.6639,-0.484309662440392,-0.5963305328303347,0.2045801531836968
S4C8,Y,std,0.0107129205479489,0.0154296250424199,0.0216420785650778,0.3617259235949783
S4C9,Y,mean,0.6649,-0.487328325507055,-0.5993366153462035,-0.1767048340936568
S4C9,Y,std,0.0113377442396821,0.0156601591426218,0.0191928655963343,0.2043188623388137
S4D0_0,Y,mean,0.8009675063891931,-0.0284172724311696,-0.0094148769569977,0.0090279669640792
S4D0_0,Y,std,0.0149825046815855,0.029930966329728,0.044977483597712,0.0349151774609172
S4D0_1,Y,mean,0.803376012366838,0.0019349179980673,-0.0191384299353079,0.0374302076105377
S4D0_1,Y,std,0.0177781679662399,0.0676198996921362,0.1017555752251546,0.1079286150108605
S4D0_2,Y,mean,0.7975114228456914,-0.1429027333750087,-0.1876705785231029,0.0891401211479182
S4D0_2,Y,std,0.0137485204494416,0.2024959707770574,0.4963256453981116,0.4298028688843568
S4D0_3,Y,mean,0.7979145031479197,0.0382263516545523,0.2130660124410124,-0.0773933946119449
S4D0_3,Y,std,0.012711844861528,0.4641751785001399,0.0236234509111774,0.3472010593213006
S4D1_0,Y,mean,0.8123383015126461,-0.1650777126636139,-0.0441760478543927,0.0494203615923567
S4D1_0,Y,std,0.0131860522377049,0.0316402632731541,0.0676112866905394,0.0801526245154257
S4D1_1,Y,mean,0.8017279967738684,-0.1425590538136361,-0.0469457649451309,0.0503294179093422
S4D1_1,Y,std,0.018638614010771,0.0716393743775446,0.1055429672001878,0.1525771266703606
S4D1_2,Y,mean,0.7979114228456913,-0.2181423611654328,0.2233344919621993,-0.02882382936701
S4D1_2,Y,std,0.0142666118018388,0.219408023356889,0.0311887067171615,0.3507688718389085
S4D1_3,Y,mean,0.7989209450249886,-0.326608999869042,0.2008928571428571,-0.2264038827402772
S4D1_3,Y,std,0.0136432340678033,0.3459111719795579,,0.0263756056480523
S4D2_0,Y,mean,0.8207641618166068,-0.2494587069406092,-0.066762757423004,0.0525962101028333
S4D2_0,Y,std,0.0135587417363601,0.0247627734695821,0.0620106493926263,0.0784133401804947
S4D2_1,Y,mean,0.8044782740195584,-0.2130025527610676,-0.0781737801265607,0.0515624442306357
S4D2_1,Y,std,0.0192579585437534,0.0790434503949476,0.1536143004853981,0.1672693351672851
S4D2_2,Y,mean,0.7977106212424849,-0.2574292973574839,-0.0305434080772621,0.0712337950992611
S4D2_2,Y,std,0.014782124348935,0.2005731775161473,0.4858155749838303,0.492423723612455
S4D2_3,Y,mean,0.7987197377815278,-0.4112054706497233,,-0.1262081895131397
S4D2_3,Y,std,0.013224735225833,0.1319456298981047,,0.303454648746072
S4D3_0,Y,mean,0.8164848341673288,-0.26605579661532,-0.080412476842709,0.0750262756308707
S4D3_0,Y,std,0.0134511954723795,0.0346925308002163,0.0531557196460203,0.0607133941081632
S4D3_1,Y,mean,0.8033783647545116,-0.2272862555232392,-0.0441865497242894,0.0157466559834701
S4D3_1,Y,std,0.0188106153464316,0.0768434622047394,0.1923022751743435,0.2168743467224206
S4D3_2,Y,mean,0.7985122244488979,-0.2080345516009977,0.2181455518077226,0.0719475815544367
S4D3_2,Y,std,0.0146302150167873,0.2097977497464296,0.0346006303423201,0.4930017104420996
S4D3_3,Y,mean,0.7985185305380671,-0.4114585070869703,,-0.1265601401940378
S4D3_3,Y,std,0.0133403438357649,0.1312366834953403,,0.302344091264407
S4D4_0,Y,mean,0.8164848341673288,-0.2662487722769406,-0.0776135478758301,0.0750683055851499
S4D4_0,Y,std,0.0137288392116896,0.0343044902754274,0.0528514927832375,0.0614910309641243
S4D4_1,Y,mean,0.8022781194340827,-0.2278679256827642,-0.0625271006559126,0.0366201051015469
S4D4_1,Y,std,0.0183857538771927,0.078025512400559,0.1989847867341143,0.2138399269757468
S4D4_2,Y,mean,0.7985122244488979,-0.2080345516009977,0.2181455518077226,0.0719475815544367
S4D4_2,Y,std,0.0146302150167873,0.2097977497464296,0.0346006303423201,0.4930017104420996
S4D4_3,Y,mean,0.7985185305380671,-0.4114585070869703,,-0.1265601401940378
S4D4_3,Y,std,0.0133403438357649,0.1312366834953403,,0.302344091264407
S4E0_0,Y,mean,0.808,-0.0342562017972132,0.0002150497221722,0.0002580591688402
S4E0_0,Y,std,0.0092975504539875,0.0298336832882295,0.040829958085591,0.0309055219192988
S4E0_1,Y,mean,0.8187999999999999,-0.1519917836454366,-0.0280833619751884,0.0227216753088906
S4E0_1,Y,std,0.0090896766841412,0.0261022953404687,0.0349491349071616,0.0336489242715654
S4E0_2,Y,mean,0.8206999999999999,-0.2724982385218445,-0.0742454663215437,0.0679798478364431
S4E0_2,Y,std,0.0113631959510615,0.0303702803060958,0.0413280916393681,0.0226348468132932
S4E0_3,Y,mean,0.8397,-0.4978434647136139,-0.1382222819825385,0.1327574993555643
S4E0_3,Y,std,0.0151734417102163,0.0403400192173414,0.0518160655401163,0.0337879183233383
S4E0_4,Y,mean,0.8807,-0.6707747343847502,-0.1792606432300169,0.1989533947670413
S4E0_4,Y,std,0.0126495498382792,0.0243106608084556,0.057819393720133,0.0285534490254037
S4E1_0,Y,mean,0.8120999999999998,-0.190723764676632,-0.0513209551704547,0.0465488958174625
S4E1_0,Y,std,0.0120319020386082,0.015863034581084,0.0465361156601459,0.0499114939420909
S4E1_1,Y,mean,0.8233,-0.3065145426227584,-0.0910275959008844,0.0922856575414144
S4E1_1,Y,std,0.0149818408600396,0.0201508125624767,0.0347578556988604,0.0341425526158797
S4E1_2,Y,mean,0.8299,-0.4148940336533049,-0.1061076293489718,0.1136512422348031
S4E1_2,Y,std,0.01157055650251,0.0317750403116885,0.046342583499985,0.040209260399963
S4E1_3,Y,mean,0.8672000000000001,-0.6064383791361052,-0.1540076756994839,0.1815600985717183
S4E1_3,Y,std,0.0143046224075374,0.027187224376953,0.0609360817588712,0.0251892430409619
S4E1_4,Y,mean,0.9036000000000002,-0.755860762612533,-0.2099632395286509,0.2358605363071202
S4E1_4,Y,std,0.010813571719526,0.0189193580157166,0.0483934591454448,0.0656927715418858
S4E2_0,Y,mean,0.8113999999999999,-0.2583073464665595,-0.0800552791925269,0.0916689355033719
S4E2_0,Y,std,0.010167486305758,0.0278994987200506,0.0426563363609454,0.0383049564408606
S4E2_1,Y,mean,0.8286,-0.3674222292282571,-0.0919576336783176,0.1129828786080542
S4E2_1,Y,std,0.0118434229286413,0.0271517898135827,0.0471254529525704,0.0432629854515686
S4E2_2,Y,mean,0.8446,-0.479826926039726,-0.1047662718808655,0.1249003787633335
S4E2_2,Y,std,0.0121947165244261,0.0273144192280643,0.0490319633080713,0.0456960035303273
S4E2_3,Y,mean,0.8755,-0.65597678007544,-0.1786052937202353,0.1974759156041267
S4E2_3,Y,std,0.0096407699093197,0.0191565177074118,0.0232246321913577,0.0592418158521764
S4E2_4,Y,mean,0.9207,-0.7944849266490431,-0.1927464771872599,0.2126476456696125
S4E2_4,Y,std,0.0092261705068908,0.0159909579575762,0.0469623695221687,0.0489674112047948
S4E3_0,Y,mean,0.8137000000000001,-0.2900145628687502,-0.1020385440884393,0.1029431028503699
S4E3_0,Y,std,0.0107501937967027,0.0270186651747506,0.0316776020407069,0.0427576678373633
S4E3_1,Y,mean,0.8280999999999998,-0.3899399972458898,-0.1158563578262409,0.1326809294063642
S4E3_1,Y,std,0.0140194309600797,0.0292021212344182,0.0336937952353833,0.0454387585822914
S4E3_2,Y,mean,0.8439,-0.5005372350270358,-0.1233895219853754,0.1421221486874468
S4E3_2,Y,std,0.0129138168899309,0.0301478719667455,0.0537393359599961,0.0388973901538984
S4E3_3,Y,mean,0.8808,-0.6743243181501166,-0.1817610348735621,0.1882576819074156
S4E3_3,Y,std,0.0121819538662728,0.0211700999701023,0.0441844204501354,0.0524676369727246
S4E3_4,Y,mean,0.9245,-0.8075299717313627,-0.1991017588697188,0.2062981214955589
S4E3_4,Y,std,0.0065362238503758,0.0145667404816615,0.048691440713955,0.0411863492140572
S4E4_0,Y,mean,0.8135,-0.2880893228396657,-0.0970591678759499,0.1050251802632577
S4E4_0,Y,std,0.0104163333279997,0.0308218645041414,0.0345387345084544,0.0421041128899854
S4E4_1,Y,mean,0.8282999999999999,-0.3906023050719024,-0.1155208501407989,0.1325626930947136
S4E4_1,Y,std,0.0128066822835233,0.0310017643890117,0.0328745134576425,0.0465024919814584
S4E4_2,Y,mean,0.8445,-0.5019638599283432,-0.1248837762682987,0.1425988203651508
S4E4_2,Y,std,0.0134101951265943,0.0293097231376821,0.0504301836495116,0.0381323940901376
S4E4_3,Y,mean,0.8805,-0.6747100707530237,-0.1839988604903809,0.1920307277686027
S4E4_3,Y,std,0.0119652273971983,0.0209360013966137,0.0402812291979428,0.0484186996215716
S4E4_4,Y,mean,0.9242,-0.8075331464857161,-0.2012765956364819,0.2103046734541214
S4E4_4,Y,std,0.0071771241532462,0.0146785202674184,0.0524423146908753,0.0446632329982527
S4F0_0,Y,mean,0.7889421551771949,-0.0741971898064466,-0.0601533400148335,0.0705464575040756
S4F0_0,Y,std,0.0093968027847965,0.0297568895305523,0.0295919779542609,0.037058915733901
S4F0_1,Y,mean,0.7759567304486965,-0.217473014479699,-0.2198067607502384,0.2096350548513301
S4F0_1,Y,std,0.0080467426886198,0.0427160324546523,0.0462166150171614,0.058548622438607
S4F0_2,Y,mean,0.7814393044548963,-0.3172134634495551,-0.3409074405835802,0.3487682673257538
S4F0_2,Y,std,0.0169346312445437,0.0368376277332658,0.0862490109946992,0.0530887613955472
S4F0_3,Y,mean,0.8070190591489179,-0.4027656666583515,-0.4259578075834885,0.4396549926447
S4F0_3,Y,std,0.0176722929241277,0.0482060822875973,0.0912432840045826,0.085979280001179
S4F1_0,Y,mean,0.7993685319727136,-0.2591694621387372,-0.1401152654817919,0.1351782771405408
S4F1_0,Y,std,0.0118656751230462,0.0417570365526237,0.0532920315190773,0.0379377475274206
S4F1_1,Y,mean,0.7959950107784963,-0.4045837793772524,-0.3595780487662826,0.3549236364918163
S4F1_1,Y,std,0.0161674330372515,0.0496207784273131,0.0630040172138914,0.0869795312546255
S4F1_2,Y,mean,0.823838849157772,-0.5100102175692294,-0.4964759517160894,0.4724240027705073
S4F1_2,Y,std,0.0077087055771498,0.0256337533206718,0.0713515992166527,0.1096041369210808
S4F1_3,Y,mean,0.8316071796000593,-0.5319712436627182,-0.6680047888804055,0.7061591735426003
S4F1_3,Y,std,0.0122866969911499,0.0367448726373875,0.1803736483380495,0.1404566672827049
S4F2_0,Y,mean,0.8035803893294882,-0.3357546910457001,-0.1961787765716074,0.1956887829277505
S4F2_0,Y,std,0.0154569257775136,0.0304139438395034,0.0461635898752433,0.0434733822368997
S4F2_1,Y,mean,0.8042456997133142,-0.4860367589836487,-0.4804336814225015,0.4709690233415506
S4F2_1,Y,std,0.0124778614900903,0.0419629375505899,0.079287858499068,0.1030961542024661
S4F2_2,Y,mean,0.8378846938556365,-0.5685841590676971,-0.6059706355296595,0.6299980808473198
S4F2_2,Y,std,0.0068391930862368,0.0315486892357365,0.1132282593542102,0.0896161906741012
S4F2_3,Y,mean,0.8393380259449424,-0.5777364069728369,-0.7174236691455645,0.6760003760938105
S4F2_3,Y,std,0.0131697579656659,0.033882488843047,0.1964229727651134,0.3510022793179456
S4F3_0,Y,mean,0.8038950696023515,-0.3652118593088281,-0.2146035467952244,0.2100146430798098
S4F3_0,Y,std,0.0162602347937726,0.0395230536697481,0.0703564178375491,0.0395443206642263
S4F3_1,Y,mean,0.8097842633953375,-0.5138376636558514,-0.4855769828568793,0.4848749846443071
S4F3_1,Y,std,0.0136775980100902,0.0499556053097348,0.1000164234426333,0.0853866329740604
S4F3_2,Y,mean,0.8394909405894522,-0.5903630514700806,-0.704009886203945,0.7037013991940655
S4F3_2,Y,std,0.0114714756203358,0.0343887001414181,0.1529271936812388,0.1585933023768117
S4F3_3,Y,mean,0.8422768098535274,-0.5900315605606237,-0.8307368498091771,0.4291503923708458
S4F3_3,Y,std,0.0118309839359077,0.031479775136117,0.015970737887147,0.5109026227375965
S4F4_0,Y,mean,0.8045277577505408,-0.3676531459438302,-0.2145014936843145,0.209748278939393
S4F4_0,Y,std,0.0145054625462056,0.0405630047808137,0.0688215810596551,0.041415483854221
S4F4_1,Y,mean,0.8106093183990044,-0.5143099543446015,-0.4856821228504905,0.486356558107906
S4F4_1,Y,std,0.0138982221335601,0.0484130612457083,0.1011512159243877,0.0826633655252625
S4F4_2,Y,mean,0.8396249883670152,-0.5909752724054138,-0.7259417434320189,0.7193872759391995
S4F4_2,Y,std,0.0111584036278722,0.0347844010921576,0.1102057182337839,0.1123841795174005
S4F4_3,Y,mean,0.8418126528248979,-0.5908257295631155,-0.8314013016364197,0.4283444586807968
S4F4_3,Y,std,0.0122559748859782,0.0310305236501383,0.0160307868271834,0.5119711188482016
