,Y_real
2021,0
3951,1
3341,1
799,1
6495,1
5426,1
5640,1
5399,0
7960,1
9913,1
428,1
8772,1
4463,1
7735,1
6218,1
7972,1
9530,1
7489,1
5027,1
6833,0
8926,1
8223,1
9861,0
7955,1
5999,1
7652,1
8120,1
1617,1
4603,1
5863,1
3305,1
6235,1
3740,0
2582,1
2788,1
8649,0
5829,1
3571,0
8291,1
4469,1
2770,1
8777,1
256,1
2334,1
604,0
4562,1
8903,1
2002,0
4512,1
9413,1
4926,0
8595,0
3612,0
1483,1
6099,1
7543,0
5814,1
2614,1
2846,0
6936,1
3155,0
3150,1
6179,0
4679,1
1157,1
995,1
1964,0
9792,0
3821,1
8009,1
6060,0
4730,0
6432,1
4776,1
2154,1
1083,1
3313,1
53,0
6643,1
8658,0
8927,1
4647,1
3916,1
5474,1
3882,1
4789,0
7166,1
4258,0
8521,1
7255,1
75,1
8708,1
1121,1
7667,0
7225,1
3860,0
367,0
9850,1
1041,1
4384,0
92,1
3154,1
501,0
1204,1
949,1
3761,0
291,1
9678,1
8102,0
1851,1
9751,1
905,1
6349,0
4064,1
5702,0
7552,0
1329,1
8489,1
3232,0
8930,1
1836,1
534,0
4480,0
5762,1
4915,1
5920,1
1089,1
194,1
9543,1
5817,0
8199,1
8596,0
7141,1
455,1
3596,1
7639,1
4875,0
3755,1
639,0
5135,0
7006,0
5932,1
5191,1
5298,0
3053,1
3411,0
4901,1
1840,0
2315,1
4482,1
9320,1
6811,1
52,1
7312,1
997,1
4400,0
2441,0
8284,1
6257,1
4953,1
4499,0
965,1
1155,0
5611,0
9099,1
5347,0
6174,1
7178,1
4106,1
609,0
4833,1
1581,0
7301,1
6194,0
957,1
1195,0
329,0
172,0
2578,1
7306,1
8039,1
9973,0
7124,1
6278,1
652,1
3996,0
5689,0
4516,1
2681,1
5355,1
8551,1
6130,0
3112,1
3218,1
8953,1
7229,0
6586,0
4640,0
6271,1
7845,1
6980,1
4535,1
7980,0
176,0
8053,1
3276,1
4030,1
8304,1
1722,1
5389,1
5488,1
4872,1
9118,0
8840,1
5886,1
6261,1
7816,1
8536,1
6155,1
2842,1
4066,0
2041,1
7696,1
549,0
2726,0
8507,1
6966,0
4100,1
1257,1
5579,1
5436,0
1258,0
7383,1
6544,0
1285,1
7527,1
6492,1
5574,0
9480,1
2494,1
1621,1
320,0
3806,1
7827,1
5990,1
3063,1
9822,0
8696,1
1224,1
2721,1
6209,0
855,1
5402,1
7882,1
6031,1
9745,1
9945,0
2549,1
9356,1
9276,0
7690,0
5672,1
831,1
6411,1
8511,1
6479,1
1201,1
2572,0
6341,0
5700,1
9052,1
2387,1
1939,0
7692,1
1479,1
9203,1
3968,1
7825,1
3696,1
2096,1
9208,1
9091,0
6915,0
6406,1
4045,1
5407,1
9933,1
9161,0
7727,0
6817,0
3243,1
2562,0
7594,0
2058,1
808,1
1022,1
3161,1
8576,1
7701,1
5974,0
4913,0
5025,1
2372,0
2963,1
8974,1
530,0
2017,0
7637,1
6888,0
2813,1
567,1
8787,0
9867,1
5053,0
9577,0
6562,0
9962,0
2064,1
8080,0
3804,1
9590,0
2922,0
7118,0
5682,1
2320,0
8898,1
9581,0
3236,0
640,1
8656,1
9344,0
9766,1
5033,0
4093,1
4136,0
8823,0
801,1
5948,1
5158,0
9532,1
3398,1
5897,1
4918,1
166,1
7430,0
3286,1
2178,0
4607,1
521,1
7984,0
4252,1
1842,1
3777,1
3836,1
9292,0
9194,0
1159,1
5807,1
4681,0
3568,1
8968,1
8714,1
6316,1
4803,1
2356,0
8132,1
6098,1
213,1
1176,0
8944,1
1286,0
7762,0
2753,0
3012,1
5296,0
1118,0
3106,0
5462,1
2880,0
2035,1
6489,0
180,1
1374,1
939,1
1441,1
2828,1
5608,1
6366,1
6070,1
2812,0
1435,0
7751,0
8154,1
1078,1
6828,0
2226,1
2227,1
4215,1
787,1
79,1
9186,1
4648,1
85,0
535,1
1140,0
4377,1
9583,0
4576,1
4388,0
7666,1
8949,0
8016,0
1274,0
8346,1
495,1
888,1
7518,1
7216,1
6555,0
5385,0
9310,1
1049,1
8958,1
18,0
3214,0
4382,1
4867,1
1571,1
7869,0
5665,1
7356,1
7167,1
3123,1
6211,0
3509,1
1568,1
8040,1
3353,1
7362,1
4615,1
6041,1
1126,0
8000,0
573,1
3267,0
9494,0
7351,1
4781,1
8428,0
5271,1
6741,0
1501,0
8844,1
3315,1
687,0
629,0
4944,0
4337,0
5214,1
4621,1
5958,0
4664,1
585,1
6188,1
8052,1
6065,1
8038,1
7856,1
7799,1
6180,0
1666,1
4742,1
3195,1
2515,1
7274,1
2506,0
6829,0
2396,1
6798,1
433,0
2956,1
7009,1
9489,0
6089,1
9395,1
1867,1
7764,1
724,0
9448,1
8815,1
1974,1
6520,1
6264,0
1304,1
2234,1
8337,1
8921,1
8310,1
3410,0
4,1
5646,1
3729,1
8198,1
6532,1
582,1
9645,0
875,1
1473,1
4408,1
3651,0
6778,1
9918,1
7474,1
6633,0
8110,0
1693,1
9830,0
5614,1
8698,1
3310,1
812,1
1264,1
6172,1
892,1
6080,0
1726,1
5759,1
7988,0
9791,1
3443,1
5316,1
8942,0
2401,1
5336,1
5155,1
8101,0
1695,1
6439,0
4503,1
5371,1
8124,0
852,1
5843,0
9352,1
3130,0
4226,0
2875,1
2962,0
1929,1
8174,1
2719,1
7492,1
5122,1
7032,1
8345,1
5784,0
5478,1
8817,1
8342,1
5954,1
7876,0
6436,0
1788,0
9251,1
7724,1
6391,1
854,0
6498,1
3721,1
6879,1
971,1
9758,0
2628,1
6273,1
5368,1
6148,1
7730,1
6120,1
9734,0
6540,1
2094,1
44,0
9591,1
3272,1
4417,0
3663,1
2966,0
1544,0
4813,0
6122,0
4914,1
494,1
9966,1
9181,0
6793,0
668,0
145,1
2005,1
5410,1
4275,1
9793,0
1133,1
7157,1
531,1
3423,1
4218,1
5076,1
555,1
4402,1
4573,0
795,0
3055,0
8919,1
1593,0
3143,1
6985,1
9074,1
9121,0
3343,1
7682,1
8046,1
6992,1
8436,1
5200,0
2495,1
2761,0
5957,0
7817,1
3993,1
856,0
8248,1
9129,0
4884,0
1423,0
140,1
5571,1
1612,1
7122,0
2430,1
9122,1
6564,1
9187,1
8107,1
8390,0
5367,1
7574,1
302,1
6525,0
7066,0
8512,1
6551,0
1390,1
1760,1
3707,1
7529,1
1163,1
8262,0
6015,1
1132,1
6859,0
1248,1
171,0
778,1
2304,0
7803,1
6189,0
8899,1
12,1
2493,1
31,0
2899,1
2379,1
3266,1
6964,1
1243,0
6334,1
6077,0
5038,1
9803,0
4711,1
8584,1
345,1
5946,1
8210,1
1062,1
7588,0
6240,1
5215,1
8860,0
2185,1
6421,1
6776,1
915,1
2135,1
4331,1
6137,0
6363,1
9928,1
136,1
6156,0
772,0
5504,1
9084,1
8281,0
7685,1
9411,0
1031,1
8728,1
1283,0
951,0
6869,1
3347,0
4235,1
7786,1
919,1
5331,1
9041,1
6896,0
2193,1
4639,1
6990,1
6714,1
9807,1
9643,1
5212,1
6630,1
5673,1
5705,0
1606,1
9305,0
4188,1
2860,1
5168,0
21,0
444,1
5233,1
6752,0
2522,1
878,0
1072,0
196,1
7602,0
6878,1
410,0
318,1
6280,1
5311,1
3891,1
5583,0
4169,1
8807,1
6576,0
3933,1
1660,1
7959,1
5769,0
1614,1
2082,1
3733,0
7580,0
5455,1
4084,1
3307,1
8019,1
6983,0
4810,0
1522,1
2164,0
9394,1
3845,1
5178,0
4527,1
3401,0
1960,0
2877,1
2768,1
5795,0
8754,0
1540,0
9549,0
2622,0
356,0
9245,1
4917,1
1115,0
3322,1
5782,1
968,1
1678,0
7684,1
6530,0
6982,1
5328,0
1112,1
6207,0
5835,1
7646,1
2581,1
8920,1
418,0
7560,1
8498,0
1313,1
5294,1
8895,1
7917,0
4251,0
5597,1
8791,0
9278,0
8923,1
484,0
77,1
3546,0
4676,1
6197,1
7253,1
6229,0
8348,1
8956,1
9794,1
7813,0
7268,1
1655,0
4605,0
4611,0
5342,1
1397,1
373,1
2368,1
3880,1
1327,1
7018,1
967,0
7291,0
9363,0
5045,0
7170,1
5644,1
8965,0
502,1
8388,1
3758,1
3187,0
8372,1
6861,0
4205,1
6043,1
2220,1
4208,1
6468,1
7015,1
4669,0
4578,1
8541,1
7883,0
8680,1
9388,1
1364,1
889,1
1864,0
1742,1
8893,1
4145,0
6602,0
8146,1
5241,1
6354,1
9901,0
6567,1
4549,0
3871,1
1718,1
465,0
414,1
5918,1
9818,0
9436,0
2024,1
1652,0
9260,1
5447,1
4099,1
6599,1
4873,0
1210,1
4164,1
5310,1
5280,1
8300,0
4063,0
2560,0
6142,0
2458,1
348,1
8824,1
3676,1
3084,0
8204,1
8562,1
3201,0
760,1
8057,1
5020,1
5291,1
4651,1
9958,1
8724,1
7870,0
5163,0
9487,1
7906,1
1297,1
5005,0
2056,0
122,1
9999,0
6153,0
7627,1
7812,0
8169,1
3598,1
7188,0
2301,1
4677,1
5198,1
2730,1
5736,1
164,1
2175,0
7053,1
789,0
4199,1
8438,0
1287,1
6605,1
3834,1
185,1
7047,0
1449,0
3658,1
6296,0
631,1
3932,1
1610,1
6027,1
6814,1
5616,1
4506,1
3256,0
4081,1
1291,1
7414,1
6444,1
3515,0
723,1
9552,0
7734,1
1237,1
2982,0
9461,1
226,1
6940,1
2901,1
1381,0
2525,1
3784,0
7221,1
54,1
7333,1
6008,0
8322,1
2204,1
9996,0
3985,0
7263,1
8208,1
2755,1
4655,0
777,0
7296,1
3626,1
4912,1
6989,1
2192,1
5658,1
3839,0
2829,1
3402,1
9460,1
1150,0
4379,1
4407,0
3308,1
3127,1
9798,1
3697,1
5018,0
6922,1
5211,1
5534,1
8721,1
4862,1
7299,0
529,0
9185,1
9934,1
2302,0
6294,0
2505,1
6868,1
2464,1
3348,1
7675,1
5969,1
2711,1
8165,1
605,1
8733,1
6656,1
3104,1
8788,1
2763,1
1768,0
7008,0
9290,1
7665,0
1377,1
3388,0
182,1
5274,0
1942,0
2450,0
3748,1
3507,1
3289,1
9519,1
5083,0
2210,1
6092,1
6450,1
9027,0
2733,1
3309,0
9562,1
1875,1
9558,0
8808,1
2736,0
9248,1
7496,0
2757,0
5468,1
3391,1
9736,1
4635,1
8700,0
2137,1
2004,0
279,0
7679,1
8202,0
2241,1
7046,1
7406,1
9221,1
2532,1
1597,1
7508,1
4442,1
6409,0
2623,1
3944,1
6241,1
5722,0
6109,1
5803,1
3747,1
8654,0
1706,1
4812,1
2006,1
8768,1
2083,1
293,1
4518,1
3134,1
6407,0
7023,0
9882,1
9160,0
8303,1
1733,1
2841,1
7294,1
8029,1
9929,1
2624,1
3359,1
2141,0
5801,0
4551,0
343,0
5627,0
4987,0
8468,1
712,1
1769,1
633,0
9101,0
9357,1
7381,1
262,1
1122,0
5247,1
6902,0
3627,0
7081,1
6222,1
1934,0
3793,1
7444,1
9345,1
929,1
2914,1
743,1
6920,0
5461,1
8339,1
5637,1
9983,0
3900,0
5262,1
4659,1
8598,1
4860,0
66,1
3383,0
2565,0
7457,1
3445,1
1312,1
8683,1
1924,1
2466,1
4321,0
4709,0
6850,0
618,1
9153,1
2270,1
7036,0
2938,0
5002,1
4279,1
352,1
8042,1
3490,0
4490,1
105,1
1262,0
476,0
4046,1
6339,0
9302,1
6785,1
7151,1
5378,1
56,1
9829,0
1529,1
5194,1
4028,1
3677,0
9497,1
6939,1
1197,1
4758,0
4971,0
3943,1
7581,0
2216,0
4536,1
6889,1
615,0
4025,0
3897,1
4229,1
200,1
4368,1
1223,1
5220,1
2385,1
6849,1
3644,0
1275,1
8225,0
660,1
5861,0
7647,0
3147,1
7364,0
4620,1
4394,0
5632,0
8801,1
1822,1
8444,1
3164,1
8314,1
8448,1
8095,1
4221,1
2616,1
2282,1
412,1
351,1
9978,0
593,1
3539,1
2827,0
431,0
7403,0
1622,1
109,1
5938,1
7169,0
480,1
8744,1
7880,1
922,0
7024,0
3797,1
9315,1
9668,1
4606,0
907,0
9032,1
8966,1
3056,1
5823,1
2124,0
3162,1
99,1
9108,1
8564,1
3258,1
7205,1
8730,1
7806,1
1358,1
175,1
5497,0
7285,1
1656,1
747,0
2950,0
3242,1
5624,1
1005,1
4053,1
3458,0
5459,0
6559,1
5081,0
1803,1
790,1
4921,0
6237,1
3578,1
7737,0
6582,1
4733,0
6872,0
7568,1
3089,1
9065,0
7228,0
8967,1
600,0
2442,0
3448,1
6917,1
6417,1
6202,1
5600,1
5620,1
6467,1
2686,1
1321,1
6671,0
4721,1
7345,1
5749,1
5678,1
3264,1
2121,1
8235,1
5387,0
3675,1
6395,1
8244,1
8552,1
1147,1
4116,1
5281,1
3928,0
4976,0
9984,1
3858,0
3575,1
5858,1
3304,1
1331,0
2211,1
1143,0
4415,1
4371,0
2412,1
4582,1
349,1
8425,1
1395,1
4114,0
9823,0
8676,1
8681,0
8197,1
2672,0
817,0
2447,1
7455,1
4117,1
8258,0
7246,1
4898,1
141,0
9379,1
910,1
9729,1
7801,1
3327,1
2345,0
6353,1
7510,1
9495,1
5517,0
5072,1
8526,0
1505,1
9349,0
7145,1
6908,0
8420,1
432,1
5561,0
2298,1
7079,1
7775,0
5416,0
1576,1
2976,1
1002,0
610,1
6912,0
9275,1
7836,1
2284,1
4749,1
2597,1
4458,0
3796,0
1450,1
1405,1
2381,1
9568,1
506,1
5983,1
1559,0
2228,0
9922,1
6205,1
1967,1
9178,1
9925,1
2469,1
9189,0
6587,0
1774,1
2659,1
5016,1
1086,1
435,1
489,1
1628,1
7491,1
8211,1
1307,1
1399,1
1687,1
45,1
4509,1
9309,1
7379,1
4494,0
8352,1
8859,1
106,1
3673,0
6079,1
2646,0
382,1
7804,0
4244,1
6413,0
5039,1
3081,0
519,1
532,1
5931,1
3368,1
4298,0
2867,1
8184,1
1971,1
8891,0
8616,1
1416,0
1906,1
3231,1
2679,1
2568,1
2972,1
5388,1
765,1
6779,1
7653,0
1898,1
9603,1
4148,1
6913,1
9783,1
4772,1
8117,1
681,1
6480,1
9993,0
8643,1
3560,1
707,0
7566,0
2022,1
9652,1
7272,1
7101,0
1847,1
8993,1
4684,0
5746,1
1170,0
1817,1
6286,1
5844,0
7182,0
2845,0
1330,0
388,1
2919,1
9838,1
1228,0
9865,0
8902,1
2727,1
7593,0
5988,0
739,1
258,0
5837,1
5428,1
1514,1
2547,1
4300,1
7256,1
6557,1
914,1
5951,1
6999,1
7132,0
7004,1
7212,1
8957,1
9265,0
2695,0
9128,1
3547,1
729,1
2741,1
3811,1
2797,0
3817,1
7359,0
4255,1
8508,1
1365,0
630,1
8341,0
5492,1
8863,1
3741,1
3610,0
1415,1
9139,1
1241,0
1763,0
3259,1
6533,0
8411,0
1925,0
9634,0
5359,1
6383,1
2242,1
3532,0
9725,1
4672,1
6415,0
5074,1
7026,1
3204,0
5456,1
4495,1
8766,1
4083,0
6310,0
1604,1
5482,0
5512,1
6161,1
5451,1
6760,1
2591,1
1694,0
3851,1
1472,0
653,1
8422,1
2564,1
3643,1
2101,1
3196,1
3221,1
3602,1
4704,1
8589,1
5030,0
6601,1
9728,1
8870,0
5715,0
8962,0
8431,0
2552,0
2157,1
9720,1
1589,1
6583,1
9763,1
5821,0
4828,0
570,0
2634,1
317,1
6186,1
6052,1
3303,1
2217,1
7473,1
5157,1
9531,0
9940,0
3959,0
8126,1
963,1
4595,1
5010,1
364,0
3087,1
1017,1
2981,0
9638,1
2398,1
1691,1
9510,1
4722,1
2057,0
3432,0
8618,1
6775,0
1154,1
6969,1
7121,1
2488,1
4995,1
526,0
1117,0
426,0
4297,1
3812,1
6880,1
6959,0
6216,1
3542,1
7842,0
5973,0
3638,1
9780,1
4840,1
1996,0
8228,1
4177,1
2888,1
7595,1
3416,1
8412,0
3390,0
6701,0
4646,0
2869,0
6961,0
785,0
5304,0
6477,1
6233,1
6399,1
406,0
8295,1
6379,1
7465,1
8540,1
2422,0
7985,0
917,1
61,1
5420,1
8588,1
7469,1
41,1
1849,1
3914,1
2478,0
1060,1
7758,1
791,1
2644,0
8343,1
7490,1
1511,0
6038,1
1526,1
1997,0
2640,0
8693,1
2218,1
7097,1
9554,1
3613,0
9017,1
5080,0
3121,1
7210,0
255,1
8611,1
3789,1
2109,1
250,0
421,1
2857,0
199,1
6753,0
9204,1
1375,1
4988,1
5524,1
5585,0
8619,1
8203,1
8286,1
7630,1
2038,1
3778,1
3709,1
9026,1
3159,1
3679,0
94,0
8307,0
845,1
3251,1
2480,1
6672,1
8960,1
4209,1
191,1
1521,1
3725,0
3614,0
254,0
1858,0
4530,1
774,1
2187,0
6056,1
873,1
1629,1
1148,1
2970,1
7729,1
3222,1
5960,0
3628,1
3973,0
1753,1
2071,0
206,1
721,1
3570,1
1823,1
9353,0
2991,0
5865,1
4847,1
1940,1
5775,0
477,1
1750,0
1623,0
7780,0
7774,1
752,1
5059,0
1300,0
6882,1
3014,1
449,1
9998,1
6297,1
1787,0
8179,1
9378,0
1255,0
9731,0
3929,1
8472,1
9472,0
2943,1
742,1
7460,0
7504,1
4800,1
6394,0
6759,1
9354,1
3005,1
5669,0
2854,1
5800,1
943,1
6960,1
8633,0
4600,1
5162,1
5516,1
1946,1
3311,0
9406,1
5448,1
6169,1
264,0
4431,0
8130,1
9733,1
4487,1
9626,1
2613,0
6447,1
7071,0
4027,1
7281,1
2098,1
3185,0
9866,0
1872,1
7563,1
1989,1
7458,1
3561,0
6588,1
694,1
8089,1
1709,1
8663,1
1976,0
5206,0
1094,1
9156,1
6702,1
1084,0
8357,1
9280,1
3792,1
4932,1
7530,1
9146,1
2787,1
8612,0
903,0
9068,0
6957,1
8929,1
851,1
4077,1
9985,1
4112,1
6848,1
1509,1
9457,1
7822,1
5014,1
1336,1
7890,0
7117,0
9921,1
8479,1
771,0
3469,1
3734,0
5649,0
3319,1
9205,1
8641,1
3920,0
7800,1
591,1
4857,1
9667,1
540,0
745,1
4804,1
3387,0
2700,1
8884,1
5170,0
2866,1
1028,0
6717,1
5445,1
876,1
9965,1
1550,0
7562,1
1404,1
3128,1
1348,1
6463,1
2818,0
2570,1
1414,1
3097,1
5424,0
7713,0
5125,1
16,0
4943,0
4934,1
2072,1
9088,1
9685,1
2189,1
751,0
6911,1
5696,1
3002,0
9526,1
8494,0
825,1
8828,1
5145,1
8505,1
5210,1
9503,1
1778,1
8713,0
9560,1
2357,1
1499,1
580,1
2263,0
3843,0
9570,0
5454,1
9021,1
3637,1
9240,1
6095,1
3114,0
5586,1
9833,1
7638,0
3705,1
4539,1
5196,1
1320,1
3022,1
2870,1
7251,1
9790,0
366,1
9824,1
3654,1
5717,1
5167,1
7000,1
7346,1
9438,1
7913,1
5138,1
9450,0
4890,1
1302,1
9288,0
9425,1
8252,0
678,1
8970,0
8061,1
804,0
6797,0
1819,1
5697,1
693,1
1271,0
7426,1
1422,1
6627,1
8814,0
3386,1
8157,0
1524,1
2904,0
2265,0
2258,1
4309,0
1653,1
4806,1
705,0
686,0
4316,1
9995,1
2554,0
1193,0
8282,1
8122,1
363,1
611,1
1680,0
9031,0
9846,1
9773,1
2744,1
121,0
4528,1
1784,0
8634,1
6875,1
4945,1
1282,1
7358,1
834,1
8655,0
4468,0
6591,1
3712,0
7416,1
7033,1
8990,1
8439,0
522,1
589,1
4154,0
5567,1
2774,0
3681,0
2415,0
4211,1
8032,0
1019,0
4723,0
8087,1
2399,0
1584,1
4475,1
2060,1
9609,1
9518,1
6803,0
2606,1
8580,1
6337,1
1871,1
2772,1
7239,1
8931,0
8063,1
7181,1
9097,0
643,0
8745,1
7796,0
711,1
2371,1
9556,1
9023,1
2514,1
7439,1
803,1
1442,1
2790,1
2987,0
3202,1
5912,1
1874,1
6995,1
1402,1
380,1
4392,1
7872,1
9659,1
5141,1
3141,1
5222,1
8590,0
111,1
5221,0
7748,0
8078,0
544,1
4851,1
6944,0
1761,1
305,1
9781,1
2534,1
2183,0
8473,1
5057,0
8689,0
1220,1
7287,1
1181,1
1090,1
5258,1
8194,1
6611,1
9188,1
9937,1
2201,1
9228,1
8782,1
9488,1
1034,1
208,1
7123,1
9719,1
9514,1
7014,1
6698,1
2896,1
35,1
7222,1
7519,1
2563,1
4949,1
2103,1
4750,1
2673,0
4660,0
547,1
7582,1
8238,1
6953,1
3279,1
5943,1
7065,1
9836,0
6166,1
3726,0
297,0
4693,0
1453,1
369,1
3459,0
5224,1
1933,0
9249,1
5056,1
8785,1
1577,1
7886,1
131,0
5397,1
452,0
1408,1
7759,1
8441,0
4778,1
7200,1
9612,0
6986,0
4338,1
9700,1
8056,0
514,1
2249,0
280,0
233,1
5096,1
5753,1
9873,1
6336,1
5893,1
4830,1
5683,0
1380,1
2601,1
4796,1
6378,1
3861,1
9674,1
2989,1
1605,1
3558,1
8662,1
2061,0
8332,1
7688,1
5383,1
3683,1
2858,0
6260,0
3371,1
2233,0
6050,0
1232,1
1370,1
1583,1
4058,1
9955,1
6616,0
9538,0
525,0
4173,0
4956,1
5139,0
209,1
4718,1
1667,1
9067,0
3039,1
7307,1
3890,1
2136,1
4325,0
9772,1
9669,0
6217,1
819,0
5256,1
5264,1
5197,1
4369,0
328,0
3818,1
1092,1
3394,1
9471,1
4001,1
9636,0
86,1
2428,1
9389,1
5069,1
8523,1
2080,0
9164,1
982,1
2104,1
8876,1
1040,1
9340,1
9006,1
9762,0
1815,0
6683,1
8292,1
6145,1
6427,1
6894,1
3751,0
2093,0
3952,0
9298,1
4590,1
4702,1
6946,1
4271,0
3406,0
2283,1
5115,0
7792,1
1231,0
5859,1
5777,1
7641,0
2361,1
7159,0
2840,1
3963,1
156,1
8997,1
649,1
5305,1
8147,1
6047,0
974,1
3591,1
513,1
389,1
1306,0
5121,1
425,0
7738,1
14,0
6418,1
5024,0
1273,1
5379,1
1585,0
2807,0
7993,1
7423,1
2092,1
7973,1
7179,1
2338,0
5741,1
8137,1
8480,1
1861,0
2333,1
2129,1
2152,0
7384,1
6537,0
4786,0
9875,1
6430,1
8527,1
4727,0
310,1
0,1
155,1
8629,0
2134,1
6275,1
4467,0
7968,1
2655,1
634,1
4715,1
7077,1
8471,1
1459,0
5606,0
8738,1
7488,1
8050,1
9856,0
2116,0
3936,1
6921,1
833,1
7041,1
3001,1
404,0
1311,1
7155,0
9662,1
9657,1
2177,0
3140,1
8759,1
3102,1
9673,1
9120,1
163,1
1368,1
900,0
9932,1
3450,1
7309,0
991,1
3268,1
3299,1
1921,0
667,1
7244,0
4111,1
322,0
5176,1
2862,0
7866,1
7743,1
691,1
6607,1
4771,1
4034,1
8469,1
5879,1
4644,0
5092,1
5997,0
3668,1
6864,1
7027,1
9915,0
9223,1
4940,1
8376,0
8537,1
1298,1
7427,1
6289,1
5417,1
3025,0
5208,0
3906,0
8015,1
9043,0
9960,0
4880,1
2737,1
202,0
2235,0
6193,0
8639,1
6993,1
4239,1
4968,1
3083,1
4250,1
3132,0
8752,1
3059,1
7019,1
9507,1
689,0
3461,1
4784,0
6903,1
7770,0
7609,1
4831,1
6506,0
4452,1
2631,1
9126,1
9125,1
6313,1
1036,1
7343,1
8230,1
3447,1
7348,0
1165,0
2111,1
9,0
6078,1
1191,1
3361,1
3173,1
9869,0
1792,1
9493,1
7849,1
2509,1
1938,0
7059,1
7939,0
1491,1
1644,1
7087,1
7399,0
4304,1
2215,1
6068,0
5365,1
3713,1
8482,1
8495,1
3660,1
7851,1
9947,1
3604,1
7942,0
7783,1
6699,1
3986,1
9859,1
7995,0
8429,0
3487,1
2433,0
9380,0
5573,1
1079,1
2222,0
4899,1
3814,0
2128,1
5405,1
8492,1
2324,0
7464,0
4254,1
7557,0
8806,1
8657,1
5691,1
4128,1
6746,1
9410,1
1922,1
1552,1
4213,1
6783,1
2329,0
1961,1
3606,1
7575,0
699,1
3672,0
4362,1
6514,1
313,1
6442,0
4823,1
884,0
4870,1
9776,1
6121,1
2781,1
5569,0
5708,0
1396,1
212,1
6110,1
5688,1
5553,1
3888,0
4626,1
6857,1
7338,1
3887,0
1891,0
6642,1
586,1
7049,1
6735,1
3639,1
2766,1
7120,1
3489,1
727,0
7233,1
7561,0
2728,0
1270,1
1625,1
8005,1
2275,1
9463,1
1391,1
4224,1
5765,0
4460,0
3031,1
5414,1
7315,1
3273,1
538,1
6754,1
5361,1
5250,1
6948,0
9924,1
703,0
1427,1
8082,1
4243,1
2610,1
4601,1
5506,1
430,0
946,1
81,1
6558,1
3976,0
9016,1
7404,1
8640,1
8853,0
1337,0
2948,1
6721,1
6761,1
6067,1
3608,1
7704,1
3067,0
422,0
9832,0
3068,0
7068,0
9935,0
2802,0
562,1
4762,1
642,1
9458,1
4483,1
9005,1
3182,0
7558,1
5850,1
3026,1
4438,0
4219,1
9976,1
2864,1
3346,0
896,1
2425,1
1892,1
3647,0
1668,0
7781,0
937,1
9359,1
9964,1
7610,1
9811,1
8188,1
8290,1
4324,0
8036,1
3981,1
9987,0
7726,0
9123,1
5763,0
1322,0
3786,1
620,0
9820,1
6176,1
5001,0
9311,0
7135,0
4616,1
143,0
7341,1
3425,0
82,0
9081,0
80,1
823,0
9607,1
4504,1
6790,1
3342,1
4024,0
5654,1
8060,0
7131,1
6838,1
5199,1
4184,1
6219,0
4334,1
3198,1
2468,1
3226,1
8935,0
5563,1
7298,1
1160,0
6522,1
9687,0
8795,1
9358,1
8229,0
2701,0
8104,1
1192,0
1698,0
6312,1
207,0
1838,1
2571,1
932,1
829,1
7957,1
3977,1
8076,1
6255,1
46,1
2259,0
7717,0
5207,0
5128,1
7380,0
57,1
7864,0
6523,0
9134,1
3988,1
735,1
1674,0
7001,1
2689,1
1982,0
7214,1
2831,1
6757,1
450,1
6239,1
7104,0
6213,0
7844,0
8288,0
3270,1
1188,0
6764,1
7116,1
3431,0
1542,1
6146,0
5526,0
5890,1
9341,1
4118,1
2054,1
181,0
5937,1
5318,1
1888,1
4967,1
2792,1
4979,1
5967,1
8275,1
2898,1
9542,0
2370,0
8093,1
8885,0
1035,1
227,1
1180,0
1773,1
6019,0
174,1
7038,1
8883,0
6870,1
8435,1
6578,0
4491,1
9029,1
5811,1
6646,1
821,1
9741,1
2545,1
1890,0
3009,1
5605,0
6124,1
4865,1
7267,0
4426,1
4366,1
204,1
6515,1
2665,1
1145,1
1862,0
9505,1
6745,1
2107,1
2499,1
2170,1
1896,1
8394,1
6658,1
6841,0
405,1
3617,0
1093,1
4071,1
3949,1
4054,1
3316,1
7583,1
1158,1
921,0
8702,1
8392,0
8336,1
8837,1
487,1
4007,1
350,1
475,0
7261,0
2804,1
2929,1
6134,1
871,1
3895,1
3723,0
945,1
7339,1
5916,1
7626,0
6396,1
7304,1
9496,1
8456,0
5537,0
8476,1
1261,1
3633,0
9605,1
4422,1
4631,0
4777,0
520,1
9561,0
3954,0
5587,0
5660,1
1403,1
2596,1
4457,1
1734,1
4782,0
1219,0
1332,0
383,1
5054,1
5866,1
8530,1
9384,1
5662,1
7661,1
2502,1
9250,0
222,0
7513,1
5780,1
8025,0
403,1
2843,1
6266,1
3631,1
6485,1
2780,1
2019,0
6198,0
7417,1
5192,1
6288,1
8959,0
9730,1
3825,0
746,1
2487,1
8664,0
23,0
5437,0
8362,1
2358,0
5511,0
5297,1
5862,1
1030,1
1393,0
3601,1
6303,1
3189,1
1554,1
2467,1
2937,1
3868,1
9453,1
7342,0
7335,0
5129,1
1209,0
3940,1
8555,0
6598,1
9437,1
9702,0
9740,1
9746,0
2902,0
8092,1
5781,0
8335,1
1777,1
8546,1
3810,0
9113,0
9534,0
9601,0
9883,1
3254,0
8896,1
9547,0
1643,0
786,1
1673,0
1751,0
874,1
5465,1
3177,1
2848,1
1764,1
6874,0
7025,0
7923,0
7721,1
9596,0
8998,1
8164,0
1458,1
316,0
9701,0
5515,1
9968,1
9797,0
6534,1
4352,0
6412,0
1351,1
1308,1
5181,0
4185,0
5443,1
1177,0
7528,1
9747,1
8384,1
6663,1
9475,0
5147,1
3471,0
5812,1
5655,1
1538,1
5110,0
2253,1
6527,0
2149,1
7484,0
2882,1
58,1
4395,0
4948,1
1316,0
545,1
7820,1
7914,1
6852,1
4604,1
8327,1
8405,1
770,1
9313,1
4532,1
2911,1
9516,1
2181,1
6195,0
9479,0
5686,1
5970,0
7930,0
292,0
7706,0
7907,0
7909,1
6437,1
7088,1
9259,1
232,1
7541,0
5009,0
5798,0
1448,1
4540,0
7084,1
7461,1
4815,0
2454,1
9694,0
3808,1
4836,0
9887,0
987,0
1420,1
1001,1
1372,1
9415,0
3337,1
9949,0
4683,1
8987,1
1042,1
4308,0
3439,0
5035,0
3069,1
3160,1
5409,1
7286,1
3325,1
5670,1
7390,1
3101,0
8881,1
6893,1
792,1
8250,1
7779,1
9362,0
6615,0
6364,0
8731,1
8402,1
955,1
3728,1
6302,1
992,0
3211,0
304,1
2003,1
4096,0
6017,1
6074,0
2144,1
7108,1
6792,0
9159,0
9252,1
362,1
2543,1
8701,0
354,1
5774,0
8671,1
1061,1
5752,1
3350,1
7013,0
5434,1
260,1
1547,1
9057,0
3345,1
3194,1
3555,0
4144,1
1856,1
9368,1
8449,1
6345,1
4993,0
6076,1
1361,1
3476,0
3098,1
8560,1
5701,1
7938,1
7340,1
6343,0
6998,0
7902,1
9308,1
7040,0
2365,0
2203,1
1326,0
5257,1
9089,1
3732,1
4068,1
7355,0
7184,0
4204,0
3233,1
8367,1
6987,0
9515,0
2760,1
7981,0
8703,1
9517,1
936,0
6262,1
8151,0
6431,1
5584,1
5904,1
2110,0
7554,1
7932,1
3466,0
5442,1
798,0
8055,0
5595,1
2507,1
5618,1
2023,0
7933,1
2523,1
7334,1
3064,1
5899,0
2289,0
671,0
1720,0
290,1
2086,1
3956,1
8932,1
616,1
4039,1
3192,0
2479,1
6371,1
7805,1
1708,1
2897,1
1796,1
7419,0
6059,0
3657,0
5677,1
9402,0
7617,0
6362,1
4903,1
9048,1
1692,1
5077,0
9904,0
2179,0
6560,0
9834,0
7103,1
8464,1
9171,1
5645,0
7280,0
5928,1
6659,0
3007,1
6033,1
7509,1
7357,1
3966,1
1663,0
9536,1
6279,1
4591,1
9660,1
1956,0
4270,1
9149,1
8973,0
6517,1
8426,1
6057,0
3859,0
4465,0
2868,1
9886,1
4951,1
1532,1
7555,0
4728,1
3768,1
4284,0
1513,0
5227,1
3,0
33,1
7746,1
807,1
7331,0
2321,0
7577,1
3444,0
4092,0
3070,0
868,1
3249,1
1884,0
5345,0
9931,1
3122,0
1903,1
1977,1
7316,1
1953,1
4095,1
160,1
9190,1
6200,0
9611,0
6062,1
4740,1
2432,1
4521,1
1246,1
9326,1
3771,1
6855,1
676,0
6877,0
7393,1
2999,1
6667,1
4496,0
7252,1
9767,1
6191,0
8421,1
7284,1
8445,1
4614,1
3615,0
1221,1
4222,1
9216,1
5816,1
4902,1
8222,1
1456,1
400,1
5621,1
1596,0
9545,1
1183,1
9637,0
8413,0
3413,1
700,1
3536,0
857,1
9853,1
5011,1
6739,0
2800,1
6224,0
8939,0
9071,1
2457,0
3594,1
6247,0
3636,0
5203,0
6171,1
9600,1
4908,1
6929,0
6510,1
3775,0
6543,1
7921,1
4409,1
1482,0
2619,1
8647,1
3870,1
4874,1
4547,1
9370,1
2638,1
1136,0
7966,1
5324,0
9862,1
1908,0
8219,1
9141,1
192,1
2611,1
5797,0
3620,1
2273,1
7386,0
5453,0
2604,1
9397,1
8510,1
9109,0
6661,0
7353,0
3360,1
8240,1
5847,0
1969,1
1975,1
252,1
2751,1
8265,0
2651,0
153,1
8606,1
4958,1
8105,0
482,1
1468,1
9941,0
2266,1
5508,1
3850,1
4697,1
1053,0
7915,1
5714,0
8637,0
6682,1
3244,1
5333,1
413,0
2068,1
9151,1
5283,1
9916,1
6971,1
6622,1
5373,1
1987,1
7201,0
7983,1
5087,1
5558,1
767,1
5285,1
4541,1
4421,0
8121,0
8665,1
7901,0
1561,0
3517,1
9566,1
5051,1
5343,1
2706,0
5358,1
3704,1
4376,1
5692,1
8709,0
5398,1
603,1
9826,1
6048,1
2239,1
4433,1
2524,0
2986,1
7388,1
9391,1
1716,0
6568,1
1091,1
8685,1
2460,1
7875,1
688,1
9739,0
7109,1
814,1
3765,0
8058,1
3382,1
5236,1
9879,1
1746,0
2588,1
9004,1
7709,0
9738,0
5596,1
5483,1
6687,1
3716,1
4798,0
898,1
3551,0
4056,1
6541,1
1018,1
6141,1
5022,1
3785,1
820,1
8486,0
3329,1
4135,1
4201,1
1379,1
1841,0
9778,1
7308,1
894,0
2240,1
1085,0
3557,0
9857,0
4584,0
1222,1
8922,1
2065,1
2404,1
664,1
548,1
9654,1
5153,1
5363,0
6380,1
6381,0
2326,0
9263,1
220,1
9147,0
9633,1
4432,1
558,1
6919,1
8822,1
5513,1
8315,0
2605,1
3506,0
9893,1
2053,1
7732,1
632,1
223,1
9525,1
9112,0
8333,1
715,1
5309,1
4952,1
1480,0
6729,1
701,0
4566,0
440,1
263,1
2050,1
849,1
8799,1
6335,0
8414,0
7337,1
5481,0
9610,1
755,0
4346,1
5565,0
4525,0
5104,1
396,1
2477,0
7742,0
3354,0
8609,1
6032,1
2400,1
2207,0
1886,0
6063,1
1507,1
9582,0
461,1
8567,0
4061,1
3138,0
958,1
9079,0
5136,0
8743,0
9520,0
1723,1
3328,1
6072,1
5914,1
935,1
3619,1
8946,1
6666,1
6554,0
4609,1
763,1
7045,1
8816,0
2519,1
7187,1
103,0
6513,0
4936,1
6801,0
2264,1
5942,1
3357,1
9014,1
259,1
4577,0
9595,1
4450,1
334,0
6507,1
3947,1
6823,1
5822,0
6595,0
6617,0
1712,1
2501,1
7313,1
2341,0
8999,0
9491,1
8488,1
8879,1
6126,0
665,0
4354,1
76,0
2834,1
9304,1
659,1
4386,1
3483,1
3197,1
4962,0
6160,1
1771,1
5185,1
1495,0
5491,0
9020,1
5711,0
8646,0
4738,1
6579,1
374,1
2392,1
3572,1
6907,1
4524,1
9979,1
9640,1
670,1
4923,1
4333,1
8077,1
6795,0
1167,1
7162,1
7878,1
69,1
72,1
2075,0
6639,0
3501,1
3992,0
2011,1
9708,1
2106,0
1985,0
2891,1
6767,0
5356,1
9037,1
5919,1
3798,1
2497,1
7635,1
6178,1
3718,0
4534,0
6723,0
6713,0
4102,1
7592,1
4802,1
4680,1
5694,1
4176,0
4977,1
518,1
4942,1
2451,1
7424,1
4508,1
7002,0
2921,1
4241,0
4957,1
1843,1
8400,0
1905,1
5680,0
3823,1
541,1
3735,0
6333,1
3491,1
9580,0
6029,0
6158,0
3436,1
3336,0
4794,1
1845,1
8502,1
2161,0
8718,1
3754,0
3409,1
5566,1
2720,1
9110,1
2012,0
8579,1
9839,0
1,1
3238,1
7429,1
451,1
7622,0
6566,0
6539,0
9754,1
8690,0
1317,0
8008,1
6175,0
650,0
1299,1
4180,1
408,0
1916,1
4845,1
5796,0
2823,0
4306,1
1816,0
8001,0
3569,0
8234,0
8440,1
5729,1
2675,1
3872,1
636,1
6634,1
7260,1
6102,1
3245,1
9920,1
7668,1
4505,0
4510,0
9427,1
2660,0
5562,0
7012,1
832,1
5896,0
2191,1
4760,1
7407,0
2819,0
7396,0
5594,1
5339,1
168,1
1502,1
6182,1
5112,0
2973,1
7410,1
230,1
289,0
6423,1
2079,1
3392,0
3795,1
1166,1
104,1
6501,1
402,0
9650,0
9046,1
1280,1
612,1
656,1
4497,1
4999,1
3086,1
2274,1
1531,0
7119,1
5996,0
3543,1
6071,1
1024,1
890,1
3876,1
303,1
4012,1
4411,1
1057,1
2150,1
9064,1
8409,0
8358,1
9314,1
5900,1
3250,1
6003,0
7370,0
37,0
2285,0
7136,0
7620,1
2090,0
7385,1
6748,1
7586,1
9019,0
828,1
9686,1
1619,1
2413,0
2409,0
6934,1
9512,1
4359,0
4010,1
128,1
2503,1
1702,0
7372,1
9664,1
9529,1
434,1
6073,0
2252,1
4000,0
2306,0
9623,0
3781,1
9045,1
266,0
1011,1
2352,0
588,1
7613,1
4050,1
7172,0
2416,1
1156,1
4454,1
2782,1
5668,1
3918,1
4596,1
6486,1
969,1
2292,1
5940,1
6742,1
1211,0
744,1
7440,0
4351,1
5871,0
2712,1
4430,1
4698,0
286,1
654,1
4143,0
3523,1
3708,1
1825,1
6012,1
7174,1
1681,1
7320,1
83,1
7944,1
8736,0
2825,1
2386,1
2148,0
9347,1
3144,1
3302,1
5570,1
5924,0
7570,1
91,1
7154,1
2654,1
1715,1
8594,1
9040,0
5766,1
3094,1
9303,1
3171,0
3378,0
8992,0
9579,1
2879,1
505,1
101,1
2889,1
5867,1
4575,0
1227,0
7947,1
6777,1
214,1
1392,0
5503,0
4602,0
7375,0
8232,0
3962,1
1263,1
3335,1
7722,0
9467,1
6040,0
124,1
9539,1
9050,1
8028,1
565,1
1129,0
8613,0
78,0
9175,1
4691,0
4774,1
8350,1
8692,0
8023,0
4982,1
7772,0
2517,0
8224,1
3609,1
4363,1
4389,1
7838,1
3923,1
1389,0
1519,1
7824,1
5815,1
4552,1
1235,1
6049,0
9350,1
3465,1
1994,1
4998,0
3588,1
8773,1
8769,1
4329,1
7374,1
8277,1
5636,0
3167,1
5744,0
314,0
6253,1
7832,0
22,0
8437,1
4507,0
8108,0
3240,0
4127,1
4793,1
2243,1
9274,0
2771,1
3573,0
5335,1
8770,0
10,0
5161,0
8387,1
5868,1
3893,0
4795,1
5268,1
1545,1
8854,0
4941,1
2308,1
3527,0
8867,1
5761,1
6446,1
8760,1
602,1
5984,1
9069,1
3468,1
8083,1
5772,0
8360,1
8245,1
8416,0
3176,1
2707,1
3919,0
4472,0
7650,1
3331,0
5552,1
5949,1
7723,0
5773,0
1385,0
436,1
988,1
8034,1
4406,1
6208,0
9594,0
47,1
6737,0
7736,1
4610,1
8239,0
5088,0
8506,0
6058,1
6916,1
1648,1
7534,1
224,1
3294,1
757,1
3037,1
2690,1
219,1
5864,1
1743,0
7874,1
1919,0
9682,1
7262,1
6891,0
4212,1
5418,1
8182,0
1444,0
6865,1
3072,0
9072,1
3623,0
2573,0
4763,1
7903,1
1452,1
1543,1
6791,0
8525,1
822,0
3169,1
210,1
6712,1
7051,1
4837,1
73,1
8762,1
8894,0
6844,1
5193,1
5760,1
4103,0
2540,1
568,0
6871,0
150,1
7171,0
1440,1
5635,1
3475,1
3576,1
5219,0
3990,0
7176,1
6577,1
9775,1
9723,1
9923,1
6457,1
504,0
7016,1
5684,0
516,0
977,1
2908,1
7254,0
5097,0
9908,1
973,0
2967,1
4887,1
3092,0
1503,1
3820,0
4686,1
8217,1
198,1
2293,0
6846,0
6799,1
9903,0
993,1
7247,1
6854,1
9329,1
5929,1
2200,1
5396,0
1266,0
9158,0
7447,0
8725,1
1334,1
3537,1
7643,1
5464,1
2995,0
8861,1
1065,1
2180,1
7192,0
8989,1
6245,0
4783,1
6815,1
6010,0
3334,1
6675,0
2384,1
8446,1
3237,1
826,1
7787,1
1510,1
3145,0
3050,0
2946,0
9054,0
9103,1
9946,1
6082,0
6975,0
8906,0
574,1
800,1
655,1
3865,1
2747,0
3085,1
8487,1
8033,1
6139,1
815,0
2229,0
8049,0
9179,1
4166,1
5473,0
5695,0
8577,1
6574,1
5716,1
2362,1
17,1
7114,1
9332,1
448,1
6035,1
7452,1
9447,1
6326,1
6093,1
8625,1
4759,1
3235,1
2511,0
7707,0
5502,0
7677,1
6996,1
7747,0
4811,1
9392,0
7146,1
2861,0
1281,1
7548,0
3635,1
9333,0
4223,1
1488,0
2435,1
2066,0
8153,1
9663,1
6686,1
2954,0
870,1
2377,0
5687,0
7137,0
1175,0
9212,1
6762,0
126,1
4779,0
2198,1
2884,1
719,1
9768,1
2330,1
3665,1
1000,0
1256,1
2890,0
8167,1
3477,1
6173,0
9891,1
3464,1
9095,1
8081,1
3984,0
8135,0
3352,1
3516,1
3816,1
9713,0
4544,0
4375,0
2676,1
9969,1
6719,1
7686,1
9703,1
9321,0
2669,0
7978,0
9986,1
4529,1
7795,1
6624,1
8774,1
578,1
9756,1
9567,0
990,1
1765,1
5068,0
8749,1
9988,1
161,1
5201,1
2718,1
1714,1
6199,0
472,0
4563,1
2670,1
7377,0
9127,0
4556,1
3524,1
6571,0
6649,1
6118,1
1269,1
7164,0
657,0
897,1
1572,1
7624,0
251,0
6254,0
7441,1
2421,1
9324,1
1309,1
2504,1
6459,0
3948,0
909,1
8571,1
9589,1
8607,0
6827,0
7190,0
4947,1
9130,0
5149,0
4489,1
5510,1
6589,0
3630,1
8803,0
2174,0
7475,0
6688,0
3833,1
7819,1
4040,1
4440,1
4287,1
9033,0
3714,1
1063,1
1548,1
2437,1
4808,1
7021,0
2209,1
9801,0
1518,0
8845,0
3931,0
6325,0
7619,0
2955,1
4453,1
8535,0
7893,1
1067,1
5432,1
5648,1
9107,0
1139,1
8465,1
8274,1
6112,0
1010,1
1685,1
3826,0
975,1
1944,1
9982,0
240,1
8600,0
8289,0
2752,1
3624,1
6925,1
3805,1
4707,1
3183,1
9222,1
5725,0
3510,1
2641,1
4969,0
948,0
5015,1
2474,0
3927,1
6677,0
8954,1
4471,0
8091,0
2909,1
5218,0
1756,0
7694,1
295,1
7472,0
9234,0
7129,1
2754,1
8980,0
5187,1
100,1
137,1
1535,1
1679,1
5520,1
503,1
2411,1
1073,1
9927,1
6309,1
9421,1
5728,0
2388,1
6387,1
5947,1
261,0
5726,0
4259,0
8207,0
4437,1
6626,1
1885,1
7094,1
3997,0
6000,1
344,1
8268,0
6696,1
3513,1
4581,1
5239,1
1141,1
1434,1
8071,0
5638,0
891,1
7462,0
1804,1
944,0
9619,1
730,1
4714,1
5764,0
5106,1
4191,1
8434,1
1267,1
1749,1
4597,1
4198,0
7823,1
8909,1
1205,0
5251,1
2049,1
3314,1
3978,0
3321,1
5306,0
8162,1
5724,0
5108,0
6044,0
1325,1
9219,1
738,1
272,1
9671,0
7750,0
9501,0
347,0
1947,1
5350,1
3611,0
5923,0
2300,1
1986,1
8129,1
5479,1
720,1
2900,0
7941,0
4716,1
4115,1
6242,1
6143,0
7802,1
186,0
3369,0
6314,1
885,1
5093,1
1941,1
8241,0
8842,0
6644,1
901,1
4498,1
9614,0
4160,1
4029,1
7631,1
913,0
7540,1
4130,1
887,1
7531,1
7486,1
9018,0
7710,1
9769,1
9585,1
7325,0
3913,0
3835,0
9813,0
3200,1
7550,1
1492,1
419,0
1360,1
7373,1
9465,0
8963,1
3372,1
8325,0
1508,0
7376,0
4228,1
5887,1
6885,1
3819,1
5186,1
3618,1
3750,1
1070,1
2359,1
2453,1
8320,1
3559,0
6728,0
964,1
7369,1
2742,1
1481,1
2186,1
6135,1
2708,1
9432,1
2512,1
9951,0
7591,1
9209,0
517,0
7503,1
4523,1
4593,1
1173,1
4015,0
7798,1
4858,1
8604,0
6022,1
959,1
2481,1
3190,0
4630,0
6590,1
7674,1
197,0
8620,1
2363,1
5833,1
4341,1
9841,1
7516,1
838,0
3530,1
3592,1
4113,0
1868,1
4514,1
5804,1
9312,1
4826,1
3937,1
3047,0
5723,1
95,0
9750,1
5058,1
6268,0
8109,1
8688,1
4435,0
6372,1
7163,0
1665,1
9285,0
797,1
5514,1
7507,1
3852,1
3146,1
1615,1
7259,0
3930,1
5667,1
3113,1
3295,0
8591,1
3076,0
9049,0
2639,1
336,1
9821,0
6438,1
6550,1
3035,0
39,1
5085,1
5485,1
134,0
6212,0
1684,0
8377,1
3165,1
55,1
6689,1
6905,0
9270,0
1808,1
8572,0
4617,1
9200,1
6596,1
285,1
7790,1
8195,1
1562,1
1493,1
2648,0
1016,0
5609,1
234,1
731,1
4864,1
5484,1
9676,0
4158,1
7700,1
9440,1
2830,1
7057,1
8652,0
9322,1
9337,1
8221,1
4671,1
8610,0
7149,1
5411,1
7102,1
4492,1
1626,1
9256,0
7505,1
9716,0
7224,0
4665,1
4564,0
6276,0
1128,1
8981,1
2348,1
1200,1
6734,0
7058,1
1995,1
4533,1
599,1
9905,0
2199,1
7616,1
4869,0
2510,1
7100,1
6813,0
9066,1
4317,1
7657,1
9959,0
7752,1
3296,1
7889,1
8660,0
2777,1
2176,0
4364,1
1981,1
9632,0
865,1
1198,0
5091,1
9808,1
9651,1
1076,1
7785,0
395,1
7483,1
6220,0
3655,1
248,1
5165,0
7604,1
5933,1
5103,1
8686,1
8890,1
2290,1
4876,0
4854,1
6330,0
2527,1
741,0
8779,1
6863,1
7497,1
9117,0
120,0
9770,0
5509,1
8793,1
5532,1
2076,0
537,1
7086,0
2859,1
2975,1
9428,1
7911,0
1635,1
8820,1
3333,1
4797,0
6545,1
4357,0
9144,0
6251,1
1240,1
1465,1
2040,1
4253,1
3274,0
4473,0
68,1
3563,1
473,1
2074,1
3646,0
1100,1
1340,0
1387,1
7877,1
415,1
3600,1
7105,1
2132,0
5360,1
1080,1
6572,1
1253,1
1824,1
1419,1
7413,1
923,1
9266,1
9656,1
8263,1
7363,0
2091,0
8626,1
7050,0
986,1
4044,1
5898,1
3634,0
238,1
9374,1
7754,0
3961,1
5557,1
6873,0
6826,0
6685,1
3479,1
3702,1
4769,1
5351,0
4883,1
7257,0
3680,1
7368,1
2767,0
9975,1
26,1
8264,1
6674,1
9557,0
340,1
5993,1
5501,0
4877,1
5232,1
5876,0
2874,1
7235,1
8419,0
3901,1
3293,1
4233,1
2694,1
2393,1
7127,0
2127,1
8831,1
1428,0
149,0
3605,1
6338,1
4121,0
8915,1
3339,1
4897,0
3801,1
8892,1
6693,1
726,1
8678,0
4842,0
7884,1
972,1
7091,1
2838,0
8142,1
4560,1
2465,1
6593,0
1662,0
8396,1
9211,1
5877,1
189,1
1620,0
5581,1
4414,1
7728,1
1970,1
3323,1
7776,0
8321,1
5841,1
1631,0
9163,1
5395,1
2705,0
1553,0
2826,1
4181,1
188,1
4367,1
1735,1
5329,1
3412,1
3994,0
3898,1
9473,0
365,0
7479,1
29,1
3437,0
8941,1
8574,1
2138,0
8543,1
7042,0
9383,1
2544,1
3480,0
4866,0
1602,1
5000,1
8363,1
7931,1
4653,1
7463,1
4005,1
193,0
3029,0
7495,0
8933,1
7478,1
9155,0
2905,1
7669,0
4955,1
5727,0
2924,1
2269,1
4174,0
7927,0
5550,1
3832,1
8710,1
9176,0
5542,0
4090,1
7344,1
6426,1
848,1
1279,1
5213,1
3470,1
4909,1
2267,1
1638,1
6004,1
5523,1
1920,1
9015,0
5132,1
9180,1
4911,1
1153,1
2353,1
2097,0
9439,1
4787,1
6293,0
469,1
978,1
3541,0
9670,1
3292,1
2851,1
8259,1
6448,1
9335,1
6464,1
8900,1
7456,1
2366,1
9528,1
4954,1
3965,1
439,1
6733,0
3395,0
9080,0
377,1
4892,0
4933,1
3223,0
9166,1
417,1
9442,0
8975,1
281,0
217,1
115,1
2688,1
9038,1
3015,1
4401,1
7438,1
4151,1
1217,0
1565,1
5738,0
3766,1
5884,1
708,0
2429,1
1642,1
5408,1
2926,0
3813,1
5364,1
19,1
7243,1
3381,1
6001,1
524,0
1523,1
6397,1
3116,0
5693,0
2996,1
6458,1
794,0
2067,1
714,0
7395,1
4824,0
9760,1
4410,1
7971,0
6812,1
3743,1
8271,1
3229,1
6927,0
2539,0
6722,1
1027,1
9364,0
3024,1
7241,1
1184,1
6116,0
7090,1
3864,0
3531,1
2043,1
6061,1
6655,0
577,1
9295,0
1588,0
8189,0
71,1
1310,1
8359,1
4313,0
4989,1
3877,1
7011,1
8877,1
5144,1
4459,1
4195,1
3983,1
9863,0
8558,1
4570,1
7940,1
1728,1
6132,1
3562,0
5651,1
4904,0
4746,1
3212,1
2913,1
8113,0
1196,1
2407,0
9666,0
9111,1
1794,0
1737,1
4461,0
9060,0
3964,1
2865,0
4210,1
4013,0
3482,0
4732,1
4305,1
3745,1
8984,1
6443,1
4220,0
1460,1
2941,0
7175,1
6111,1
9991,1
566,1
479,1
5604,1
4717,0
4972,1
5312,1
925,1
371,1
4162,1
5107,1
2769,1
1599,0
2167,1
8636,0
7712,1
7633,0
2317,1
1401,0
5546,1
1627,1
7506,1
7649,1
2939,0
7400,0
5991,0
4265,1
215,0
5934,1
5026,1
1865,1
7293,0
624,0
9872,0
2202,1
4925,1
9714,1
4846,1
2112,1
7347,1
3975,1
3036,1
8111,1
6943,1
5340,0
7360,1
4283,0
9119,1
9537,0
9142,1
4720,0
8467,1
5582,0
7708,1
1353,0
7992,1
8901,1
7648,0
5100,1
1837,0
836,1
9105,0
7365,1
205,1
3799,0
4829,0
6375,1
5659,0
6026,1
6324,1
1323,1
750,0
8065,1
2490,0
4891,1
7470,1
283,1
2740,0
2403,1
3744,1
8247,0
2979,1
7718,1
2391,0
7165,1
5894,1
7223,1
1528,1
4542,1
114,1
8878,1
8549,0
2569,1
8781,1
147,1
8887,1
4339,1
9997,1
7311,0
3052,1
7099,1
1624,1
3957,1
4075,1
5972,1
3780,1
762,1
7405,1
3441,0
7865,0
1394,1
6711,1
9408,1
132,0
2230,1
8723,1
4517,1
7282,0
9426,1
4511,0
7332,1
4405,1
2224,1
1290,1
1305,1
912,1
231,0
3629,0
411,1
8318,1
3969,1
1608,1
2732,0
4754,1
4713,0
2652,1
3505,0
2692,1
7450,1
3011,1
867,0
4966,1
8312,0
1099,1
7794,0
2032,0
7031,1
1412,1
5177,1
4016,0
8497,1
2472,1
2261,1
4332,1
8667,1
8503,1
8528,1
4580,1
1096,1
5580,1
183,0
1045,0
3061,0
1251,1
468,1
8500,1
4767,0
7628,1
6892,0
572,1
2912,1
9825,0
6597,1
427,1
1464,0
3003,0
8988,1
1110,1
9239,1
6367,0
9485,1
3689,1
8916,0
4190,1
7290,1
7987,0
3320,1
5663,1
1082,1
4282,1
6315,1
3433,1
6807,1
3493,0
4021,1
5758,1
8757,1
1486,1
1234,1
9277,1
1149,0
1288,1
3215,1
5301,0
2423,1
8695,1
3282,1
4587,1
4214,1
628,1
3117,1
2244,1
9639,1
2095,1
7892,1
1462,1
3504,1
236,1
3290,0
846,1
5906,0
7150,1
7269,1
2746,0
8170,0
6895,0
9675,1
2346,1
2931,1
2042,1
6755,1
9167,1
1301,0
6988,0
4245,1
319,0
4280,1
7831,0
2916,0
1335,1
9261,1
695,1
8914,0
4900,0
3670,0
9055,0
4624,1
3815,0
7514,1
3787,1
6935,1
6149,1
1199,0
5613,0
2786,1
1557,1
2964,1
2125,1
575,1
2390,0
2809,1
5549,0
6030,0
4423,0
3955,1
1272,1
7965,0
1688,1
1437,0
1328,1
2600,1
59,0
5832,1
4249,0
2245,1
3769,1
6478,0
3519,0
9390,1
5334,0
9371,1
6018,1
8349,1
173,1
4196,0
1081,1
5599,0
4729,1
3693,1
8340,1
8775,1
8742,1
9182,0
4267,0
6138,1
4974,1
6653,1
3109,1
5174,1
2778,0
7683,0
9644,1
4179,0
3074,1
8044,1
5013,1
2063,0
5712,0
2709,0
2988,1
3533,1
880,1
8256,1
5043,1
178,1
6606,0
3503,1
5698,1
1567,1
7922,1
6075,1
257,0
830,1
2678,0
8674,1
4871,1
7326,1
9804,1
2508,0
5290,1
6768,0
592,0
3717,0
9521,1
5380,1
9546,1
4751,1
7302,1
2934,1
9367,1
1406,1
8427,1
4574,1
4935,1
7270,1
4613,1
4425,0
8002,1
1729,1
6064,1
2364,0
4675,1
9950,0
3518,1
3791,1
5854,1
6357,1
2087,0
1853,0
8212,1
8311,0
4009,1
2331,0
6529,1
184,1
5528,1
5874,0
8575,1
5577,1
9618,0
710,1
2084,1
3678,1
1664,1
4240,1
1516,1
1830,1
420,1
9948,1
4700,1
9132,1
7645,1
8581,1
2476,0
5494,1
3584,1
6705,0
30,0
1603,1
2313,1
2645,0
6825,1
330,1
7711,1
7636,1
4634,1
7634,1
1537,1
7112,0
8395,1
4020,1
2592,1
7152,1
962,1
8299,0
3180,0
9992,1
9145,0
947,1
1114,0
5182,0
9980,1
7283,1
112,1
6668,1
9484,1
6580,0
8531,1
5706,1
7814,1
2907,1
8545,1
2536,1
9490,0
9598,1
8669,1
2297,1
8548,1
9815,1
7545,1
1762,1
138,1
2820,1
9706,0
3023,0
704,1
8484,1
8094,1
6028,1
4636,0
8297,0
2314,1
1346,1
8148,1
6244,1
7654,1
9267,1
3219,1
3844,1
7603,1
2932,1
4052,0
5007,1
2958,0
6327,1
9272,1
8624,1
6968,1
7897,1
3248,1
8418,1
673,1
1226,0
5917,1
2749,0
7601,1
8763,0
3126,1
8597,0
2184,0
353,1
4206,0
9707,1
4290,0
3175,1
1206,1
7521,1
9748,1
459,1
3456,1
551,1
6508,1
6703,0
2223,1
2462,1
2291,1
201,1
8166,0
685,0
5282,0
3088,1
5848,0
1877,1
7861,1
5245,1
6881,1
7809,0
4825,1
4006,0
6923,1
2758,1
2920,0
8712,0
1570,1
9317,1
6204,0
1530,1
8270,1
4975,1
4072,0
507,1
8592,1
9174,1
7039,0
8172,1
4770,0
4924,1
2942,1
9698,1
8433,0
7219,0
7763,0
6858,0
9233,0
4445,1
1171,1
2855,0
1134,1
6014,1
429,0
5422,1
1850,1
2498,1
3453,1
9765,1
1215,1
7498,1
3909,0
3077,0
9788,0
3915,1
4047,0
9382,0
2237,1
7614,1
3925,1
1015,1
3649,1
4739,1
4757,1
5734,1
7022,1
4766,1
4057,1
7173,1
8821,1
8410,0
3511,1
7010,0
3685,1
7853,1
470,0
7567,0
9173,0
9569,0
5735,0
9504,1
4983,0
3318,0
3759,1
539,0
3803,0
8650,1
5849,0
844,1
920,0
2099,0
4141,1
9840,1
2026,1
2816,1
9409,1
698,1
4622,1
9477,0
9699,1
9136,1
2584,1
9435,1
2894,1
6503,1
1901,0
1686,0
2951,1
4537,1
1324,1
162,0
2254,1
7693,0
1549,0
5449,1
8746,1
9509,0
1918,1
6214,1
9162,0
8118,0
2440,0
8450,0
3642,1
8875,1
8423,1
3188,1
4960,1
5249,1
7436,1
3454,1
7158,0
9082,1
3377,0
8809,1
6800,1
4149,1
8316,1
2559,1
6201,1
7958,0
7791,1
7144,1
9749,1
2389,1
9858,0
2703,0
4476,1
4773,1
4889,0
4398,1
6933,0
6168,0
4673,1
6416,0
1900,1
4855,1
9369,1
2272,1
2844,1
2773,1
6505,1
2664,0
9100,1
116,1
564,0
2567,1
6963,1
3241,1
3136,0
2779,1
8457,1
5994,1
1859,0
2553,1
8013,1
635,1
5548,0
8644,1
5349,1
7156,1
1826,1
4315,0
6163,1
3435,0
9028,1
4230,1
4293,0
1721,1
8483,0
8771,0
7319,1
5825,1
9724,1
1835,0
583,1
8181,0
4650,1
9346,0
3021,1
4292,1
3590,1
6304,1
4197,0
7265,1
2250,1
3111,0
8159,0
2397,1
9078,1
8338,1
5629,1
5901,0
1776,1
9919,1
5805,0
4273,1
7757,1
2801,0
5935,0
9201,0
4248,1
2485,1
5223,1
6965,1
6034,0
7551,1
6084,1
3033,1
2513,1
1690,0
2325,1
759,1
4436,1
4237,0
916,0
5575,1
5982,1
5966,0
3581,1
5826,1
5690,1
5102,1
4479,1
6819,1
8704,1
93,0
8570,1
5964,1
3013,0
1044,0
1807,1
8811,1
8326,0
1294,1
780,0
4657,0
6931,1
5255,1
7698,1
6087,1
4980,1
1894,1
1696,0
8373,1
9282,0
5028,1
8477,1
8209,1
2443,1
7904,1
2160,0
9956,1
8176,0
1109,1
5098,1
2977,1
3115,1
5225,0
8798,0
1438,0
4991,0
737,1
6608,1
1069,1
2158,1
7847,1
9053,1
6820,0
6862,0
1105,1
6806,0
563,0
8007,1
3082,1
8200,0
5601,1
2350,1
243,1
5802,1
6784,1
1869,1
7471,1
8276,1
8871,1
339,0
5040,0
3217,1
2118,1
7662,1
5400,1
1710,0
1098,1
1087,1
7062,1
8865,1
8175,0
2960,0
3960,1
4841,1
5639,1
6918,0
8797,1
6403,0
5936,1
669,0
4289,1
6756,0
5431,1
651,1
4645,1
8138,0
511,1
4080,1
6942,1
9286,1
6484,0
8074,1
5661,1
7515,0
2414,1
5751,1
4356,0
8918,1
6374,1
2143,1
9544,0
4262,1
2983,0
8114,1
3553,0
3556,1
7576,1
860,1
7835,1
4286,0
9361,1
7744,1
3586,1
4554,0
5118,1
6604,1
6684,1
3526,1
7881,1
8675,1
8144,1
4820,1
5099,1
2743,1
7314,1
2280,0
6086,1
8679,1
5317,1
8907,1
2734,0
2723,0
4731,0
4153,0
7394,0
5499,1
4155,0
7354,0
7191,0
1048,1
2656,1
1260,1
4658,1
6382,0
8519,1
4067,1
1292,1
3794,1
6856,0
8642,1
5592,1
2027,0
8697,1
7597,1
355,1
462,1
107,1
3091,1
1671,0
5779,0
9229,1
809,1
7975,0
6981,1
5323,1
6718,1
508,1
9727,1
8847,1
6306,1
7607,1
9680,1
2647,0
2546,1
1432,0
4748,1
6780,1
4444,1
7453,1
4548,1
4927,0
3690,1
9385,1
1724,1
9952,1
872,1
5731,1
1767,0
3800,1
9377,1
5066,1
2255,1
2839,1
6358,1
758,1
8858,0
4994,1
9764,0
7818,0
8261,0
9230,1
3363,0
842,1
242,1
4791,0
2081,1
1654,1
8699,0
3057,1
5783,0
6914,0
3788,1
9752,0
9009,1
5743,1
123,1
6128,1
8666,1
6842,0
7951,1
8022,1
5430,1
3521,1
2621,1
2947,1
2617,1
4501,1
1421,0
6847,1
5989,0
8215,1
3019,1
5466,0
8748,1
8829,0
601,1
9375,0
5480,0
1137,0
1239,1
2257,1
5314,1
2374,0
3664,1
1962,1
9483,1
7454,1
5952,1
4343,1
6511,1
9293,1
5260,1
7788,1
8982,1
2852,1
2985,1
5031,1
6025,1
2085,1
1151,0
5142,1
4060,1
4986,0
4168,0
8638,0
337,1
8758,0
5047,0
7753,1
62,1
4661,0
6708,1
3000,1
5017,1
2971,0
1607,0
8722,1
7147,0
1945,1
5647,1
9289,1
8533,0
523,1
3544,1
8784,1
7644,1
2236,1
6620,1
5229,0
6440,1
8603,0
6258,0
533,1
5319,1
8615,1
7587,1
9779,0
5021,1
7382,1
6088,0
3481,1
1829,1
7697,1
6248,1
7391,0
9787,1
6472,0
2238,1
4916,1
6434,0
6570,1
7249,1
2426,1
7378,0
4390,1
6009,1
5151,1
3118,1
8279,0
4420,1
7656,1
7672,0
3582,0
8031,0
2299,1
7854,1
2872,1
3078,0
225,1
818,1
4350,0
1633,0
1059,0
8068,1
9938,0
8158,0
5979,0
9753,0
9157,0
8544,1
2332,1
6051,1
7526,1
5382,1
3103,1
8059,0
1097,1
6460,1
9881,0
7996,0
749,1
1236,1
3234,0
7640,0
4260,1
1383,1
282,0
5175,0
3881,0
3017,1
4446,1
5394,1
6628,0
3847,0
1973,1
9535,1
1952,0
3048,0
5421,1
467,1
5778,1
4735,1
816,1
1707,0
277,1
8955,0
8285,1
3970,1
1252,0
2360,1
2980,1
384,1
6910,1
5322,0
2895,0
5346,1
8585,1
5536,0
5754,1
4734,1
9283,0
5809,1
859,1
617,0
3393,1
3855,1
5652,1
9177,0
8547,1
6603,1
3896,0
5703,1
3358,0
5521,1
9373,0
50,0
736,1
7512,0
8330,0
3184,1
1214,1
2697,1
9527,1
5034,1
2046,1
332,1
2693,1
7618,0
2556,1
6115,0
9253,0
7549,0
5374,1
9294,1
2108,1
498,1
9003,1
7231,1
4246,0
453,1
928,1
324,0
5307,0
3485,1
1363,1
273,0
4464,1
4455,1
1367,1
5321,0
6368,1
5327,1
9330,1
6227,1
2286,1
3648,0
9837,1
8452,0
4907,0
3941,1
1250,0
9885,1
3213,1
4104,1
5467,1
5325,1
9454,1
6144,0
8532,1
4266,1
9625,1
7608,1
3857,0
9524,1
9502,1
7846,1
1880,1
1043,1
6352,1
3809,0
8627,1
4699,1
881,1
43,0
6232,0
5308,1
6821,0
3340,1
8542,1
716,1
7539,1
6311,1
387,1
6497,1
9433,1
165,1
7292,0
8462,0
4589,0
6876,1
598,0
4690,1
1895,1
1775,1
8790,1
692,1
6625,0
8,0
1051,0
784,1
2122,1
9843,1
2448,1
9635,1
8079,1
307,1
3641,1
6021,1
483,1
5052,1
6361,1
9898,1
7350,1
2214,1
9704,1
6831,1
7599,0
4859,1
2555,0
3749,1
2873,0
4079,1
3206,1
9563,1
8852,0
409,1
7970,0
3884,1
4598,1
5046,0
416,0
3179,1
5171,0
5880,1
4726,1
4161,0
4278,1
9355,1
9013,0
1106,1
2593,1
3365,0
9809,0
6360,0
7905,0
9761,1
866,0
1120,1
1104,1
1800,1
2587,0
3420,0
3426,1
9786,1
2603,0
8599,1
6884,0
5362,1
3841,0
4561,1
1725,1
9622,1
1781,1
6101,0
8329,1
4668,1
6433,0
5980,1
1020,1
2997,0
7371,1
9533,1
6736,0
9035,1
1618,0
2001,1
3317,0
6654,1
5041,1
1008,0
2520,1
5084,1
8719,0
5273,1
6346,0
6804,1
9297,0
9235,1
584,0
2881,1
4242,0
5985,1
6834,1
5657,1
8334,0
6706,0
2115,1
8565,1
1164,1
4310,1
7950,1
6455,1
980,1
4038,1
321,0
8833,0
7916,0
5071,1
7060,1
3105,0
3044,1
4403,1
7573,1
8072,1
9116,0
862,1
3186,0
2133,1
3137,1
3079,1
9672,1
9683,0
2007,1
2837,1
4319,1
9897,0
550,1
8623,1
8206,1
1445,1
7028,1
8880,1
5470,0
8191,1
4393,0
6422,1
445,1
1247,1
4314,0
65,1
2045,1
6581,1
4656,1
7408,1
2113,1
3139,1
5860,1
5354,0
3550,1
1801,0
4373,1
7867,1
2822,1
7761,0
1278,1
394,1
2803,1
8353,1
9599,1
1127,1
4381,1
315,1
4633,1
4014,1
850,1
3565,0
9386,0
9789,1
3054,0
6384,1
2759,1
9681,1
3129,0
3496,0
1006,0
8233,1
6647,1
6938,1
5959,1
2957,1
2279,1
1425,1
9237,1
7673,1
1474,1
4662,1
36,0
6547,0
7937,1
1347,1
8583,0
9597,1
2188,1
8006,1
626,1
6772,0
2815,1
4037,1
6548,0
7926,1
9914,1
378,1
6385,1
5435,1
1436,1
1107,1
6425,1
9878,1
5261,1
8298,1
6113,0
8163,1
9615,0
9848,1
4355,0
491,1
1641,1
6563,0
6131,0
237,1
6356,1
5375,1
6069,0
7912,1
6531,1
9812,0
8602,0
2294,1
8011,1
167,1
2140,0
561,1
6984,1
4019,1
6317,1
5828,1
8187,0
8098,0
1669,1
4018,1
3178,1
5276,1
9059,0
6250,0
9906,1
6549,0
6715,0
1490,1
1400,1
4163,1
333,0
4170,1
3980,0
157,0
1950,0
663,0
4312,0
4579,0
2903,1
5810,1
113,1
5747,1
6538,1
5450,1
7695,0
1487,1
1719,1
4441,0
2811,0
4747,0
1497,1
1007,1
6635,1
713,1
9264,1
8994,0
3404,1
3463,0
5891,1
9217,1
5406,0
4929,0
9576,1
1356,1
9648,1
9967,1
8573,0
8872,0
9300,1
1820,0
4069,1
2444,1
2446,0
2821,1
2311,1
4207,1
5183,1
2637,1
9255,0
4413,0
249,1
4642,1
5173,1
1736,0
8466,0
2595,0
1496,1
1645,1
3731,0
4565,1
3324,0
2952,1
4558,1
7976,0
1988,1
3922,1
4853,0
4543,1
6909,1
8614,1
2354,1
9874,1
1066,1
357,1
5903,1
7625,1
9396,1
7248,1
2585,0
5075,1
8751,1
4805,1
2062,1
1566,0
7185,0
4708,1
4850,1
4462,1
3848,1
5094,0
1478,1
3399,1
3355,1
2328,0
613,1
6810,0
486,1
1413,0
4150,1
8628,0
5202,1
6046,1
3172,1
9262,1
1992,0
60,0
3924,1
2529,0
3418,1
9721,1
3869,1
7276,1
359,1
902,0
3908,1
3288,1
3457,1
1658,0
3032,1
7956,0
151,1
6724,1
9336,1
3041,0
3373,1
9431,1
1245,1
64,1
7699,0
4701,1
9799,1
3842,1
6720,1
8458,1
6243,1
6005,0
1058,0
4372,1
5078,0
3520,1
4358,1
6215,1
6519,1
6621,1
2436,0
9926,1
5452,1
7194,1
1738,1
6013,1
1388,0
7500,1
2635,1
4984,0
3875,0
9617,1
7676,0
1600,0
6573,1
677,0
8186,1
3883,1
7733,1
177,0
5615,1
4183,0
187,0
924,1
621,1
1943,1
9366,1
2248,0
4852,1
146,1
4790,1
2925,1
6673,0
8917,1
5341,1
5089,1
4827,0
2674,0
8850,1
2663,1
8319,1
7860,1
9271,0
1343,1
2863,0
139,1
9884,1
8586,0
5381,0
7969,1
864,0
9888,1
9743,1
9331,1
661,0
2542,1
6100,1
7681,1
2577,1
927,1
2518,1
9805,1
6456,0
7967,1
7598,0
8911,1
13,0
9855,1
4502,0
9464,1
5189,0
4380,0
15,1
934,1
709,1
7415,1
2835,1
9254,1
3967,1
4896,1
3344,0
6321,1
8386,0
6042,1
7953,1
994,1
2817,0
3500,0
4484,1
3170,1
9083,1
3462,0
2810,1
5384,1
6164,0
3283,1
2653,0
2548,1
8064,0
4361,1
6389,1
3442,0
4353,1
6569,1
9616,1
8983,1
4264,1
6452,1
4937,0
4608,1
879,0
4818,1
8201,1
1349,1
6840,1
2662,1
4257,1
9522,0
4861,0
4741,0
1930,1
1876,1
5713,0
3853,1
7080,1
3688,0
5179,1
6991,1
5498,1
8014,0
9942,0
9868,1
9602,1
8493,1
170,0
2033,1
9429,1
7110,1
7850,1
9688,0
1789,1
4120,1
8156,1
8843,0
5390,1
8846,1
6747,1
6690,1
4370,1
9137,1
5909,1
4202,1
9318,1
1814,1
7925,1
702,0
