,Y
2021,0
3951,1
3341,1
799,1
6495,0
5426,1
5640,0
5399,1
7960,1
9913,0
428,0
8772,1
4463,1
7735,1
6218,1
7972,0
9530,1
7489,1
5027,1
6833,0
8926,0
8223,1
9861,0
7955,1
5999,1
7652,1
8120,1
1617,1
4603,0
5863,0
3305,0
6235,1
3740,0
2582,0
2788,1
8649,1
5829,0
3571,0
8291,1
4469,0
2770,1
8777,1
256,0
2334,0
604,0
4562,1
8903,1
2002,0
4512,1
9413,1
4926,1
8595,0
3612,1
1483,1
6099,0
7543,0
5814,0
2614,0
2846,1
6936,0
3155,0
3150,1
6179,0
4679,1
1157,1
995,1
1964,0
9792,0
3821,1
8009,0
6060,0
4730,0
6432,0
4776,1
2154,1
1083,0
3313,0
53,1
6643,1
8658,0
8927,0
4647,0
3916,1
5474,1
3882,0
4789,0
7166,1
4258,0
8521,1
7255,1
75,0
8708,1
1121,0
7667,0
7225,1
3860,0
367,0
9850,1
1041,1
4384,0
92,1
3154,0
501,1
1204,0
949,1
3761,0
291,1
9678,1
8102,0
1851,0
9751,1
905,1
6349,0
4064,0
5702,0
7552,0
1329,1
8489,1
3232,0
8930,1
1836,1
534,0
4480,0
5762,1
4915,0
5920,0
1089,1
194,1
9543,1
5817,0
8199,0
8596,0
7141,0
455,1
3596,1
7639,1
4875,0
3755,1
639,0
5135,0
7006,0
5932,1
5191,1
5298,0
3053,0
3411,0
4901,0
1840,0
2315,0
4482,1
9320,1
6811,0
52,0
7312,0
997,0
4400,0
2441,0
8284,0
6257,0
4953,0
4499,0
965,1
1155,1
5611,1
9099,0
5347,0
6174,0
7178,1
4106,1
609,0
4833,1
1581,0
7301,0
6194,0
957,1
1195,0
329,0
172,0
2578,1
7306,1
8039,0
9973,0
7124,0
6278,1
652,0
3996,0
5689,1
4516,1
2681,1
5355,0
8551,1
6130,0
3112,0
3218,0
8953,0
7229,0
6586,0
4640,0
6271,0
7845,1
6980,1
4535,1
7980,0
176,0
8053,1
3276,1
4030,1
8304,1
1722,0
5389,1
5488,1
4872,0
9118,0
8840,1
5886,0
6261,0
7816,1
8536,0
6155,1
2842,0
4066,0
2041,1
7696,1
549,1
2726,0
8507,1
6966,0
4100,1
1257,1
5579,1
5436,0
1258,0
7383,1
6544,0
1285,1
7527,1
6492,1
5574,1
9480,1
2494,1
1621,0
320,0
3806,1
7827,1
5990,0
3063,0
9822,1
8696,0
1224,0
2721,1
6209,0
855,0
5402,0
7882,0
6031,1
9745,0
9945,0
2549,1
9356,1
9276,0
7690,0
5672,0
831,0
6411,1
8511,0
6479,1
1201,1
2572,0
6341,0
5700,1
9052,0
2387,0
1939,1
7692,1
1479,0
9203,1
3968,0
7825,1
3696,0
2096,1
9208,1
9091,1
6915,1
6406,1
4045,0
5407,0
9933,1
9161,0
7727,0
6817,1
3243,0
2562,0
7594,0
2058,1
808,1
1022,0
3161,0
8576,1
7701,0
5974,1
4913,0
5025,0
2372,0
2963,0
8974,0
530,0
2017,0
7637,0
6888,1
2813,0
567,0
8787,0
9867,1
5053,1
9577,1
6562,0
9962,0
2064,1
8080,0
3804,1
9590,0
2922,0
7118,0
5682,0
2320,0
8898,1
9581,0
3236,0
640,1
8656,0
9344,1
9766,0
5033,0
4093,0
4136,0
8823,0
801,0
5948,1
5158,0
9532,0
3398,1
5897,1
4918,0
166,1
7430,0
3286,0
2178,0
4607,1
521,0
7984,0
4252,0
1842,1
3777,0
3836,1
9292,0
9194,0
1159,0
5807,0
4681,0
3568,1
8968,1
8714,1
6316,1
4803,0
2356,0
8132,1
6098,1
213,0
1176,0
8944,0
1286,0
7762,0
2753,0
3012,0
5296,0
1118,0
3106,0
5462,0
2880,0
2035,1
6489,0
180,1
1374,0
939,0
1441,1
2828,1
5608,1
6366,1
6070,1
2812,0
1435,0
7751,0
8154,1
1078,0
6828,0
2226,1
2227,1
4215,1
787,0
79,1
9186,1
4648,1
85,0
535,1
1140,0
4377,1
9583,0
4576,1
4388,0
7666,0
8949,0
8016,0
1274,0
8346,1
495,1
888,1
7518,0
7216,1
6555,0
5385,0
9310,1
1049,1
8958,0
18,0
3214,0
4382,1
4867,1
1571,1
7869,0
5665,1
7356,1
7167,1
3123,0
6211,0
3509,1
1568,1
8040,0
3353,0
7362,0
4615,0
6041,1
1126,0
8000,0
573,1
3267,1
9494,0
7351,0
4781,1
8428,0
5271,1
6741,1
1501,0
8844,1
3315,1
687,0
629,0
4944,0
4337,0
5214,1
4621,0
5958,0
4664,1
585,1
6188,1
8052,0
6065,0
8038,1
7856,0
7799,1
6180,0
1666,1
4742,0
3195,0
2515,0
7274,0
2506,0
6829,0
2396,1
6798,0
433,0
2956,0
7009,0
9489,0
6089,1
9395,1
1867,1
7764,1
724,0
9448,1
8815,1
1974,0
6520,0
6264,0
1304,0
2234,1
8337,1
8921,0
8310,1
3410,0
4,1
5646,1
3729,0
8198,0
6532,1
582,0
9645,0
875,0
1473,0
4408,0
3651,0
6778,1
9918,1
7474,0
6633,0
8110,0
1693,0
9830,0
5614,0
8698,0
3310,1
812,0
1264,0
6172,1
892,1
6080,0
1726,1
5759,1
7988,0
9791,1
3443,0
5316,1
8942,1
2401,1
5336,1
5155,1
8101,0
1695,0
6439,1
4503,1
5371,0
8124,1
852,0
5843,0
9352,0
3130,1
4226,0
2875,0
2962,0
1929,0
8174,0
2719,1
7492,1
5122,1
7032,0
8345,1
5784,0
5478,1
8817,1
8342,0
5954,0
7876,0
6436,0
1788,0
9251,0
7724,0
6391,1
854,0
6498,0
3721,1
6879,1
971,0
9758,0
2628,0
6273,0
5368,1
6148,1
7730,1
6120,0
9734,0
6540,1
2094,0
44,0
9591,1
3272,1
4417,0
3663,1
2966,0
1544,0
4813,0
6122,0
4914,0
494,0
9966,1
9181,0
6793,0
668,0
145,1
2005,1
5410,0
4275,0
9793,0
1133,0
7157,1
531,1
3423,0
4218,0
5076,0
555,0
4402,1
4573,0
795,0
3055,0
8919,1
1593,0
3143,1
6985,1
9074,1
9121,0
3343,1
7682,0
8046,0
6992,1
8436,0
5200,0
2495,0
2761,0
5957,0
7817,1
3993,0
856,0
8248,1
9129,0
4884,0
1423,0
140,0
5571,1
1612,0
7122,0
2430,1
9122,1
6564,1
9187,1
8107,0
8390,0
5367,0
7574,0
302,1
6525,0
7066,1
8512,0
6551,1
1390,1
1760,0
3707,1
7529,1
1163,1
8262,0
6015,1
1132,1
6859,0
1248,1
171,0
778,0
2304,0
7803,0
6189,0
8899,1
12,1
2493,0
31,0
2899,0
2379,0
3266,1
6964,0
1243,0
6334,0
6077,0
5038,1
9803,0
4711,1
8584,0
345,0
5946,1
8210,1
1062,1
7588,0
6240,0
5215,0
8860,0
2185,0
6421,1
6776,0
915,1
2135,0
4331,1
6137,0
6363,0
9928,1
136,1
6156,0
772,0
5504,0
9084,0
8281,0
7685,1
9411,0
1031,0
8728,0
1283,0
951,0
6869,0
3347,0
4235,1
7786,1
919,1
5331,0
9041,1
6896,0
2193,1
4639,1
6990,0
6714,0
9807,0
9643,1
5212,0
6630,0
5673,0
5705,0
1606,0
9305,0
4188,0
2860,0
5168,0
21,0
444,1
5233,1
6752,0
2522,0
878,1
1072,0
196,1
7602,0
6878,1
410,0
318,0
6280,1
5311,0
3891,1
5583,0
4169,0
8807,0
6576,0
3933,1
1660,1
7959,1
5769,0
1614,1
2082,0
3733,0
7580,0
5455,1
4084,0
3307,1
8019,1
6983,0
4810,0
1522,1
2164,1
9394,1
3845,1
5178,0
4527,0
3401,0
1960,0
2877,1
2768,1
5795,0
8754,0
1540,1
9549,0
2622,0
356,0
9245,1
4917,0
1115,1
3322,1
5782,0
968,1
1678,1
7684,0
6530,0
6982,1
5328,0
1112,1
6207,0
5835,0
7646,0
2581,1
8920,1
418,0
7560,1
8498,1
1313,1
5294,1
8895,1
7917,0
4251,0
5597,1
8791,0
9278,1
8923,0
484,0
77,0
3546,0
4676,1
6197,0
7253,1
6229,1
8348,1
8956,1
9794,1
7813,1
7268,0
1655,1
4605,0
4611,0
5342,0
1397,1
373,1
2368,0
3880,1
1327,0
7018,0
967,0
7291,1
9363,0
5045,0
7170,1
5644,0
8965,0
502,0
8388,1
3758,1
3187,0
8372,1
6861,0
4205,1
6043,0
2220,0
4208,1
6468,1
7015,0
4669,0
4578,1
8541,1
7883,0
8680,1
9388,0
1364,0
889,0
1864,0
1742,0
8893,0
4145,0
6602,0
8146,1
5241,1
6354,0
9901,1
6567,0
4549,0
3871,1
1718,1
465,1
414,1
5918,1
9818,0
9436,0
2024,0
1652,1
9260,1
5447,1
4099,0
6599,1
4873,0
1210,1
4164,1
5310,0
5280,1
8300,1
4063,0
2560,0
6142,1
2458,0
348,0
8824,0
3676,0
3084,0
8204,1
8562,1
3201,0
760,0
8057,0
5020,0
5291,1
4651,0
9958,0
8724,1
7870,0
5163,0
9487,0
7906,0
1297,1
5005,1
2056,0
122,1
9999,0
6153,0
7627,1
7812,0
8169,0
3598,1
7188,0
2301,0
4677,1
5198,0
2730,1
5736,1
164,0
2175,0
7053,0
789,0
4199,1
8438,0
1287,0
6605,1
3834,1
185,1
7047,0
1449,0
3658,0
6296,0
631,0
3932,0
1610,0
6027,1
6814,0
5616,1
4506,1
3256,1
4081,0
1291,0
7414,1
6444,0
3515,0
723,1
9552,0
7734,0
1237,1
2982,0
9461,0
226,0
6940,0
2901,0
1381,1
2525,0
3784,0
7221,1
54,0
7333,0
6008,0
8322,0
2204,1
9996,1
3985,0
7263,0
8208,0
2755,0
4655,0
777,0
7296,1
3626,1
4912,1
6989,0
2192,1
5658,0
3839,0
2829,0
3402,0
9460,0
1150,0
4379,1
4407,0
3308,0
3127,1
9798,0
3697,0
5018,0
6922,0
5211,1
5534,1
8721,0
4862,0
7299,1
529,0
9185,1
9934,0
2302,1
6294,0
2505,0
6868,1
2464,1
3348,1
7675,0
5969,1
2711,0
8165,1
605,0
8733,0
6656,1
3104,1
8788,0
2763,0
1768,0
7008,0
9290,0
7665,0
1377,1
3388,1
182,1
5274,0
1942,1
2450,0
3748,1
3507,0
3289,0
9519,0
5083,0
2210,0
6092,1
6450,0
9027,1
2733,0
3309,1
9562,1
1875,1
9558,0
8808,0
2736,0
9248,1
7496,0
2757,1
5468,1
3391,1
9736,1
4635,0
8700,0
2137,0
2004,0
279,0
7679,0
8202,0
2241,0
7046,0
7406,0
9221,0
2532,0
1597,0
7508,1
4442,0
6409,1
2623,1
3944,0
6241,0
5722,0
6109,1
5803,1
3747,0
8654,0
1706,1
4812,1
2006,1
8768,0
2083,1
293,1
4518,0
3134,1
6407,0
7023,0
9882,0
9160,1
8303,1
1733,0
2841,0
7294,1
8029,1
9929,1
2624,0
3359,1
2141,0
5801,0
4551,0
343,0
5627,0
4987,0
8468,1
712,0
1769,0
633,0
9101,0
9357,0
7381,0
262,1
1122,0
5247,1
6902,0
3627,0
7081,1
6222,1
1934,0
3793,1
7444,1
9345,1
929,1
2914,0
743,0
6920,0
5461,1
8339,1
5637,1
9983,0
3900,1
5262,0
4659,1
8598,1
4860,0
66,0
3383,0
2565,0
7457,1
3445,1
1312,1
8683,0
1924,0
2466,1
4321,0
4709,0
6850,0
618,1
9153,0
2270,1
7036,0
2938,0
5002,1
4279,1
352,1
8042,0
3490,0
4490,1
105,0
1262,0
476,0
4046,0
6339,0
9302,0
6785,0
7151,1
5378,1
56,0
9829,0
1529,1
5194,0
4028,0
3677,1
9497,1
6939,1
1197,1
4758,0
4971,1
3943,1
7581,0
2216,0
4536,1
6889,1
615,0
4025,0
3897,0
4229,0
200,0
4368,0
1223,0
5220,0
2385,1
6849,0
3644,0
1275,0
8225,1
660,1
5861,0
7647,1
3147,1
7364,1
4620,0
4394,1
5632,0
8801,0
1822,1
8444,1
3164,0
8314,0
8448,0
8095,0
4221,1
2616,0
2282,1
412,1
351,1
9978,0
593,1
3539,1
2827,0
431,1
7403,0
1622,1
109,0
5938,1
7169,0
480,1
8744,1
7880,1
922,0
7024,0
3797,1
9315,0
9668,1
4606,0
907,0
9032,0
8966,1
3056,1
5823,1
2124,0
3162,1
99,1
9108,1
8564,0
3258,1
7205,1
8730,0
7806,1
1358,1
175,0
5497,1
7285,1
1656,1
747,0
2950,0
3242,0
5624,0
1005,0
4053,0
3458,0
5459,1
6559,1
5081,0
1803,0
790,0
4921,1
6237,1
3578,1
7737,0
6582,1
4733,0
6872,0
7568,1
3089,1
9065,0
7228,1
8967,1
600,0
2442,0
3448,1
6917,0
6417,1
6202,0
5600,0
5620,0
6467,0
2686,0
1321,0
6671,0
4721,0
7345,1
5749,0
5678,1
3264,0
2121,0
8235,1
5387,0
3675,1
6395,0
8244,0
8552,1
1147,1
4116,1
5281,1
3928,0
4976,0
9984,1
3858,0
3575,0
5858,1
3304,0
1331,0
2211,1
1143,0
4415,0
4371,0
2412,1
4582,1
349,1
8425,1
1395,1
4114,0
9823,0
8676,0
8681,0
8197,0
2672,1
817,0
2447,0
7455,1
4117,1
8258,0
7246,0
4898,1
141,0
9379,1
910,1
9729,0
7801,1
3327,0
2345,1
6353,1
7510,1
9495,0
5517,0
5072,0
8526,0
1505,1
9349,0
7145,0
6908,0
8420,0
432,0
5561,0
2298,0
7079,0
7775,0
5416,0
1576,1
2976,0
1002,1
610,0
6912,0
9275,0
7836,0
2284,1
4749,0
2597,0
4458,0
3796,0
1450,0
1405,1
2381,0
9568,1
506,1
5983,0
1559,0
2228,0
9922,0
6205,1
1967,0
9178,0
9925,1
2469,0
9189,0
6587,1
1774,1
2659,1
5016,1
1086,1
435,1
489,0
1628,0
7491,1
8211,1
1307,1
1399,1
1687,0
45,1
4509,0
9309,1
7379,0
4494,0
8352,1
8859,0
106,0
3673,0
6079,1
2646,0
382,0
7804,0
4244,0
6413,0
5039,0
3081,0
519,1
532,1
5931,0
3368,0
4298,1
2867,0
8184,0
1971,1
8891,0
8616,0
1416,0
1906,0
3231,1
2679,0
2568,1
2972,1
5388,0
765,0
6779,1
7653,0
1898,1
9603,1
4148,1
6913,1
9783,1
4772,1
8117,1
681,0
6480,1
9993,0
8643,1
3560,0
707,1
7566,1
2022,1
9652,0
7272,0
7101,0
1847,1
8993,0
4684,0
5746,1
1170,0
1817,0
6286,1
5844,0
7182,1
2845,0
1330,0
388,1
2919,1
9838,0
1228,1
9865,0
8902,1
2727,0
7593,0
5988,0
739,1
258,0
5837,0
5428,1
1514,1
2547,1
4300,1
7256,0
6557,0
914,1
5951,1
6999,1
7132,0
7004,1
7212,1
8957,0
9265,0
2695,1
9128,1
3547,0
729,1
2741,0
3811,0
2797,1
3817,0
7359,0
4255,1
8508,1
1365,0
630,1
8341,0
5492,0
8863,1
3741,0
3610,1
1415,1
9139,1
1241,0
1763,0
3259,0
6533,0
8411,0
1925,0
9634,0
5359,1
6383,1
2242,1
3532,0
9725,0
4672,0
6415,0
5074,1
7026,0
3204,1
5456,0
4495,1
8766,1
4083,0
6310,0
1604,1
5482,0
5512,0
6161,1
5451,1
6760,1
2591,0
1694,0
3851,1
1472,0
653,1
8422,1
2564,1
3643,1
2101,0
3196,0
3221,0
3602,0
4704,1
8589,1
5030,1
6601,0
9728,1
8870,0
5715,0
8962,0
8431,0
2552,0
2157,0
9720,0
1589,1
6583,1
9763,1
5821,0
4828,0
570,1
2634,1
317,0
6186,0
6052,0
3303,1
2217,0
7473,1
5157,1
9531,0
9940,0
3959,0
8126,1
963,0
4595,1
5010,1
364,0
3087,1
1017,1
2981,0
9638,0
2398,0
1691,0
9510,1
4722,1
2057,0
3432,0
8618,1
6775,0
1154,0
6969,1
7121,1
2488,1
4995,0
526,0
1117,0
426,1
4297,0
3812,0
6880,0
6959,0
6216,1
3542,0
7842,0
5973,0
3638,0
9780,1
4840,1
1996,0
8228,0
4177,0
2888,1
7595,1
3416,0
8412,0
3390,0
6701,0
4646,0
2869,0
6961,0
785,0
5304,0
6477,1
6233,1
6399,0
406,0
8295,1
6379,0
7465,1
8540,0
2422,1
7985,0
917,0
61,0
5420,0
8588,1
7469,0
41,1
1849,0
3914,1
2478,0
1060,0
7758,1
791,1
2644,0
8343,1
7490,0
1511,1
6038,1
1526,1
1997,1
2640,0
8693,0
2218,1
7097,1
9554,0
3613,0
9017,1
5080,0
3121,0
7210,0
255,0
8611,1
3789,1
2109,1
250,0
421,0
2857,1
199,0
6753,0
9204,1
1375,1
4988,0
5524,1
5585,0
8619,0
8203,1
8286,0
7630,0
2038,1
3778,0
3709,1
9026,0
3159,0
3679,0
94,0
8307,1
845,1
3251,1
2480,1
6672,0
8960,0
4209,0
191,0
1521,0
3725,1
3614,0
254,0
1858,0
4530,1
774,0
2187,1
6056,0
873,1
1629,1
1148,1
2970,0
7729,1
3222,1
5960,0
3628,1
3973,0
1753,0
2071,1
206,1
721,1
3570,0
1823,1
9353,0
2991,0
5865,1
4847,1
1940,1
5775,1
477,0
1750,0
1623,0
7780,0
7774,0
752,0
5059,1
1300,0
6882,1
3014,1
449,0
9998,1
6297,0
1787,0
8179,0
9378,0
1255,0
9731,0
3929,1
8472,0
9472,0
2943,1
742,0
7460,0
7504,1
4800,1
6394,0
6759,0
9354,0
3005,0
5669,1
2854,1
5800,1
943,0
6960,1
8633,0
4600,0
5162,0
5516,0
1946,0
3311,0
9406,1
5448,1
6169,1
264,0
4431,0
8130,0
9733,0
4487,0
9626,1
2613,1
6447,0
7071,1
4027,1
7281,0
2098,1
3185,0
9866,0
1872,1
7563,1
1989,0
7458,1
3561,1
6588,0
694,0
8089,1
1709,1
8663,1
1976,0
5206,0
1094,1
9156,1
6702,0
1084,1
8357,0
9280,1
3792,1
4932,1
7530,1
9146,0
2787,1
8612,0
903,0
9068,1
6957,0
8929,1
851,1
4077,0
9985,1
4112,0
6848,0
1509,0
9457,1
7822,1
5014,1
1336,0
7890,0
7117,0
9921,0
8479,1
771,0
3469,0
3734,0
5649,0
3319,1
9205,1
8641,0
3920,1
7800,0
591,0
4857,1
9667,0
540,0
745,0
4804,0
3387,0
2700,1
8884,1
5170,1
2866,1
1028,0
6717,1
5445,0
876,0
9965,0
1550,0
7562,1
1404,1
3128,0
1348,1
6463,0
2818,0
2570,1
1414,1
3097,0
5424,0
7713,1
5125,0
16,0
4943,0
4934,1
2072,0
9088,1
9685,0
2189,1
751,1
6911,1
5696,1
3002,0
9526,1
8494,1
825,0
8828,0
5145,1
8505,1
5210,1
9503,0
1778,0
8713,0
9560,0
2357,0
1499,1
580,0
2263,1
3843,0
9570,0
5454,0
9021,0
3637,0
9240,0
6095,0
3114,0
5586,0
9833,0
7638,0
3705,0
4539,0
5196,0
1320,0
3022,1
2870,1
7251,1
9790,1
366,0
9824,0
3654,1
5717,0
5167,0
7000,1
7346,1
9438,1
7913,1
5138,1
9450,0
4890,0
1302,1
9288,0
9425,0
8252,0
678,1
8970,0
8061,1
804,0
6797,0
1819,1
5697,1
693,1
1271,0
7426,1
1422,0
6627,1
8814,1
3386,1
8157,1
1524,0
2904,0
2265,0
2258,0
4309,0
1653,1
4806,1
705,0
686,0
4316,1
9995,1
2554,1
1193,0
8282,0
8122,0
363,1
611,1
1680,0
9031,0
9846,1
9773,0
2744,1
121,1
4528,1
1784,0
8634,1
6875,0
4945,1
1282,0
7358,0
834,0
8655,1
4468,0
6591,1
3712,0
7416,1
7033,0
8990,1
8439,0
522,1
589,1
4154,0
5567,0
2774,0
3681,0
2415,0
4211,0
8032,1
1019,0
4723,0
8087,1
2399,0
1584,1
4475,0
2060,1
9609,1
9518,1
6803,0
2606,1
8580,1
6337,0
1871,1
2772,1
7239,0
8931,1
8063,0
7181,1
9097,0
643,0
8745,0
7796,0
711,1
2371,1
9556,0
9023,1
2514,0
7439,1
803,0
1442,0
2790,0
2987,0
3202,0
5912,1
1874,0
6995,0
1402,1
380,0
4392,1
7872,1
9659,1
5141,1
3141,1
5222,0
8590,0
111,0
5221,0
7748,1
8078,0
544,1
4851,0
6944,1
1761,0
305,1
9781,0
2534,0
2183,0
8473,1
5057,0
8689,0
1220,1
7287,0
1181,0
1090,0
5258,1
8194,0
6611,1
9188,1
9937,0
2201,0
9228,1
8782,1
9488,0
1034,0
208,0
7123,0
9719,0
9514,1
7014,0
6698,1
2896,1
35,1
7222,1
7519,1
2563,1
4949,1
2103,0
4750,1
2673,0
4660,0
547,1
7582,0
8238,0
6953,1
3279,0
5943,1
7065,0
9836,0
6166,1
3726,0
297,0
4693,0
1453,1
369,0
3459,1
5224,0
1933,1
9249,0
5056,1
8785,1
1577,1
7886,1
131,0
5397,0
452,0
1408,0
7759,1
8441,0
4778,0
7200,0
9612,1
6986,0
4338,0
9700,0
8056,0
514,1
2249,0
280,0
233,0
5096,0
5753,1
9873,0
6336,1
5893,0
4830,1
5683,1
1380,1
2601,1
4796,1
6378,0
3861,1
9674,1
2989,0
1605,1
3558,1
8662,0
2061,0
8332,1
7688,1
5383,0
3683,1
2858,0
6260,0
3371,1
2233,1
6050,1
1232,1
1370,1
1583,0
4058,0
9955,0
6616,0
9538,1
525,0
4173,0
4956,1
5139,0
209,0
4718,1
1667,0
9067,0
3039,1
7307,1
3890,0
2136,0
4325,0
9772,0
9669,0
6217,1
819,0
5256,0
5264,1
5197,1
4369,0
328,0
3818,1
1092,0
3394,1
9471,1
4001,1
9636,0
86,0
2428,1
9389,0
5069,1
8523,0
2080,1
9164,0
982,1
2104,0
8876,0
1040,0
9340,1
9006,1
9762,0
1815,0
6683,1
8292,1
6145,1
6427,1
6894,0
3751,0
2093,0
3952,0
9298,0
4590,1
4702,1
6946,0
4271,0
3406,0
2283,1
5115,1
7792,1
1231,0
5859,0
5777,1
7641,1
2361,0
7159,1
2840,1
3963,1
156,0
8997,1
649,0
5305,1
8147,1
6047,1
974,0
3591,1
513,0
389,1
1306,0
5121,0
425,0
7738,1
14,0
6418,1
5024,0
1273,0
5379,0
1585,0
2807,0
7993,0
7423,1
2092,0
7973,0
7179,1
2338,0
5741,1
8137,1
8480,0
1861,0
2333,0
2129,0
2152,0
7384,1
6537,0
4786,0
9875,1
6430,0
8527,0
4727,0
310,0
0,0
155,1
8629,0
2134,0
6275,0
4467,0
7968,1
2655,0
634,0
4715,1
7077,0
8471,1
1459,0
5606,0
8738,1
7488,1
8050,1
9856,0
2116,0
3936,1
6921,0
833,1
7041,0
3001,1
404,0
1311,1
7155,0
9662,0
9657,1
2177,0
3140,0
8759,0
3102,1
9673,0
9120,0
163,1
1368,1
900,0
9932,0
3450,0
7309,0
991,1
3268,1
3299,1
1921,0
667,1
7244,0
4111,0
322,1
5176,0
2862,0
7866,1
7743,1
691,1
6607,0
4771,0
4034,0
8469,0
5879,1
4644,1
5092,1
5997,0
3668,1
6864,0
7027,0
9915,0
9223,1
4940,0
8376,0
8537,1
1298,1
7427,0
6289,0
5417,0
3025,1
5208,1
3906,0
8015,1
9043,0
9960,0
4880,1
2737,0
202,0
2235,0
6193,1
8639,0
6993,1
4239,1
4968,0
3083,0
4250,0
3132,0
8752,1
3059,1
7019,0
9507,1
689,1
3461,0
4784,1
6903,0
7770,0
7609,1
4831,1
6506,0
4452,1
2631,0
9126,1
9125,0
6313,0
1036,0
7343,1
8230,0
3447,0
7348,0
1165,0
2111,0
9,0
6078,0
1191,0
3361,0
3173,1
9869,0
1792,0
9493,0
7849,0
2509,0
1938,1
7059,1
7939,0
1491,0
1644,0
7087,0
7399,1
4304,0
2215,1
6068,0
5365,0
3713,1
8482,1
8495,1
3660,1
7851,1
9947,1
3604,1
7942,0
7783,1
6699,0
3986,1
9859,1
7995,0
8429,0
3487,1
2433,0
9380,1
5573,0
1079,0
2222,0
4899,0
3814,0
2128,0
5405,1
8492,1
2324,0
7464,0
4254,1
7557,0
8806,1
8657,0
5691,1
4128,1
6746,0
9410,0
1922,1
1552,1
4213,1
6783,1
2329,1
1961,0
3606,1
7575,0
699,1
3672,0
4362,1
6514,0
313,0
6442,0
4823,1
884,0
4870,1
9776,1
6121,1
2781,0
5569,0
5708,0
1396,1
212,0
6110,0
5688,1
5553,0
3888,0
4626,1
6857,1
7338,0
3887,0
1891,0
6642,1
586,0
7049,1
6735,0
3639,1
2766,0
7120,0
3489,0
727,0
7233,1
7561,0
2728,1
1270,1
1625,1
8005,1
2275,0
9463,0
1391,1
4224,1
5765,1
4460,1
3031,0
5414,0
7315,1
3273,1
538,1
6754,1
5361,1
5250,1
6948,0
9924,1
703,0
1427,1
8082,1
4243,1
2610,0
4601,1
5506,1
430,0
946,1
81,1
6558,1
3976,0
9016,1
7404,1
8640,1
8853,0
1337,0
2948,0
6721,1
6761,0
6067,1
3608,1
7704,1
3067,0
422,1
9832,0
3068,0
7068,0
9935,0
2802,1
562,0
4762,0
642,1
9458,1
4483,0
9005,0
3182,0
7558,0
5850,1
3026,0
4438,0
4219,1
9976,0
2864,1
3346,0
896,1
2425,1
1892,0
3647,0
1668,0
7781,0
937,1
9359,0
9964,1
7610,1
9811,0
8188,1
8290,1
4324,0
8036,0
3981,1
9987,1
7726,0
9123,0
5763,0
1322,1
3786,1
620,0
9820,0
6176,0
5001,1
9311,0
7135,0
4616,1
143,0
7341,1
3425,0
82,0
9081,0
80,0
823,0
9607,1
4504,0
6790,0
3342,1
4024,1
5654,0
8060,0
7131,0
6838,1
5199,1
4184,1
6219,1
4334,1
3198,1
2468,1
3226,1
8935,0
5563,0
7298,0
1160,0
6522,1
9687,0
8795,0
9358,1
8229,0
2701,0
8104,0
1192,0
1698,0
6312,0
207,1
1838,1
2571,0
932,1
829,1
7957,1
3977,1
8076,1
6255,1
46,0
2259,0
7717,1
5207,0
5128,1
7380,0
57,0
7864,0
6523,0
9134,0
3988,1
735,0
1674,0
7001,1
2689,1
1982,1
7214,0
2831,1
6757,0
450,1
6239,1
7104,1
6213,1
7844,0
8288,0
3270,1
1188,0
6764,0
7116,1
3431,0
1542,0
6146,0
5526,0
5890,1
9341,0
4118,0
2054,0
181,0
5937,1
5318,1
1888,0
4967,1
2792,1
4979,0
5967,1
8275,1
2898,1
9542,0
2370,0
8093,0
8885,0
1035,1
227,1
1180,0
1773,0
6019,0
174,1
7038,1
8883,0
6870,1
8435,0
6578,1
4491,1
9029,1
5811,0
6646,0
821,1
9741,1
2545,1
1890,0
3009,0
5605,0
6124,0
4865,0
7267,0
4426,1
4366,1
204,0
6515,1
2665,0
1145,0
1862,0
9505,1
6745,1
2107,1
2499,1
2170,1
1896,0
8394,1
6658,0
6841,0
405,0
3617,0
1093,1
4071,1
3949,1
4054,1
3316,1
7583,1
1158,0
921,0
8702,1
8392,0
8336,1
8837,0
487,1
4007,1
350,0
475,0
7261,0
2804,0
2929,1
6134,1
871,1
3895,1
3723,0
945,0
7339,0
5916,1
7626,0
6396,1
7304,1
9496,1
8456,0
5537,1
8476,1
1261,0
3633,0
9605,1
4422,0
4631,0
4777,0
520,1
9561,0
3954,1
5587,0
5660,0
1403,0
2596,1
4457,0
1734,0
4782,0
1219,0
1332,0
383,1
5054,0
5866,1
8530,0
9384,1
5662,0
7661,1
2502,1
9250,0
222,0
7513,0
5780,1
8025,1
403,1
2843,0
6266,1
3631,1
6485,0
2780,1
2019,0
6198,1
7417,1
5192,0
6288,1
8959,0
9730,1
3825,1
746,1
2487,1
8664,0
23,1
5437,0
8362,1
2358,0
5511,0
5297,1
5862,1
1030,0
1393,0
3601,1
6303,0
3189,0
1554,0
2467,1
2937,1
3868,0
9453,1
7342,1
7335,1
5129,0
1209,0
3940,1
8555,0
6598,0
9437,0
9702,0
9740,1
9746,0
2902,0
8092,1
5781,0
8335,0
1777,1
8546,0
3810,0
9113,0
9534,0
9601,1
9883,1
3254,0
8896,0
9547,1
1643,0
786,1
1673,0
1751,0
874,0
5465,1
3177,0
2848,1
1764,0
6874,0
7025,0
7923,0
7721,1
9596,1
8998,0
8164,0
1458,1
316,1
9701,0
5515,0
9968,0
9797,0
6534,1
4352,1
6412,0
1351,1
1308,0
5181,0
4185,1
5443,1
1177,0
7528,1
9747,1
8384,0
6663,1
9475,1
5147,0
3471,0
5812,0
5655,1
1538,0
5110,0
2253,1
6527,0
2149,0
7484,1
2882,1
58,0
4395,0
4948,1
1316,0
545,1
7820,0
7914,0
6852,0
4604,0
8327,1
8405,1
770,1
9313,0
4532,1
2911,0
9516,0
2181,0
6195,0
9479,0
5686,0
5970,0
7930,0
292,0
7706,0
7907,0
7909,0
6437,0
7088,1
9259,0
232,1
7541,1
5009,0
5798,0
1448,1
4540,0
7084,1
7461,1
4815,0
2454,0
9694,0
3808,1
4836,0
9887,0
987,1
1420,1
1001,1
1372,0
9415,0
3337,1
9949,0
4683,1
8987,0
1042,0
4308,0
3439,0
5035,1
3069,1
3160,1
5409,1
7286,1
3325,0
5670,0
7390,1
3101,0
8881,1
6893,0
792,1
8250,1
7779,0
9362,0
6615,0
6364,0
8731,1
8402,0
955,1
3728,0
6302,1
992,0
3211,0
304,0
2003,0
4096,0
6017,1
6074,0
2144,0
7108,0
6792,0
9159,0
9252,0
362,0
2543,1
8701,1
354,0
5774,0
8671,0
1061,1
5752,0
3350,1
7013,0
5434,0
260,0
1547,1
9057,0
3345,1
3194,0
3555,0
4144,1
1856,1
9368,1
8449,1
6345,0
4993,0
6076,0
1361,0
3476,0
3098,0
8560,1
5701,1
7938,1
7340,1
6343,0
6998,0
7902,1
9308,0
7040,0
2365,0
2203,0
1326,0
5257,0
9089,1
3732,0
4068,0
7355,0
7184,0
4204,1
3233,1
8367,1
6987,0
9515,0
2760,1
7981,0
8703,1
9517,1
936,0
6262,1
8151,0
6431,0
5584,1
5904,0
2110,0
7554,0
7932,0
3466,0
5442,0
798,0
8055,1
5595,1
2507,1
5618,1
2023,0
7933,1
2523,1
7334,0
3064,1
5899,0
2289,0
671,0
1720,0
290,0
2086,0
3956,0
8932,1
616,0
4039,0
3192,0
2479,1
6371,0
7805,1
1708,0
2897,0
1796,1
7419,0
6059,0
3657,0
5677,1
9402,1
7617,0
6362,1
4903,1
9048,1
1692,1
5077,0
9904,0
2179,0
6560,0
9834,0
7103,1
8464,1
9171,0
5645,0
7280,0
5928,1
6659,0
3007,0
6033,0
7509,1
7357,0
3966,0
1663,0
9536,0
6279,0
4591,1
9660,0
1956,1
4270,0
9149,0
8973,0
6517,0
8426,1
6057,0
3859,0
4465,0
2868,0
9886,1
4951,0
1532,0
7555,0
4728,1
3768,0
4284,1
1513,0
5227,1
3,0
33,1
7746,0
807,0
7331,1
2321,0
7577,1
3444,0
4092,0
3070,1
868,1
3249,1
1884,0
5345,1
9931,0
3122,1
1903,0
1977,1
7316,0
1953,0
4095,0
160,1
9190,0
6200,0
9611,0
6062,1
4740,0
2432,1
4521,1
1246,0
9326,0
3771,1
6855,0
676,1
6877,0
7393,1
2999,1
6667,0
4496,0
7252,1
9767,1
6191,0
8421,1
7284,1
8445,0
4614,1
3615,0
1221,1
4222,1
9216,1
5816,1
4902,1
8222,0
1456,1
400,1
5621,1
1596,0
9545,1
1183,1
9637,1
8413,0
3413,0
700,1
3536,1
857,1
9853,0
5011,1
6739,0
2800,1
6224,0
8939,0
9071,1
2457,0
3594,0
6247,0
3636,0
5203,0
6171,1
9600,1
4908,0
6929,1
6510,0
3775,0
6543,1
7921,0
4409,0
1482,0
2619,0
8647,1
3870,0
4874,1
4547,1
9370,1
2638,1
1136,0
7966,1
5324,1
9862,0
1908,0
8219,0
9141,0
192,0
2611,0
5797,0
3620,1
2273,1
7386,0
5453,0
2604,1
9397,0
8510,1
9109,0
6661,0
7353,0
3360,0
8240,0
5847,0
1969,1
1975,1
252,1
2751,1
8265,0
2651,0
153,1
8606,0
4958,0
8105,1
482,1
1468,1
9941,0
2266,0
5508,0
3850,0
4697,0
1053,0
7915,0
5714,0
8637,0
6682,1
3244,0
5333,0
413,0
2068,0
9151,1
5283,1
9916,1
6971,1
6622,1
5373,1
1987,1
7201,0
7983,0
5087,0
5558,0
767,0
5285,1
4541,0
4421,0
8121,1
8665,0
7901,0
1561,0
3517,1
9566,1
5051,1
5343,1
2706,0
5358,0
3704,0
4376,0
5692,0
8709,0
5398,1
603,0
9826,1
6048,1
2239,1
4433,1
2524,0
2986,1
7388,0
9391,0
1716,0
6568,1
1091,1
8685,1
2460,1
7875,1
688,1
9739,1
7109,1
814,0
3765,0
8058,1
3382,1
5236,1
9879,1
1746,0
2588,0
9004,1
7709,0
9738,0
5596,0
5483,1
6687,1
3716,0
4798,0
898,0
3551,1
4056,1
6541,1
1018,1
6141,0
5022,1
3785,0
820,1
8486,0
3329,0
4135,0
4201,0
1379,1
1841,0
9778,0
7308,1
894,0
2240,1
1085,0
3557,0
9857,0
4584,0
1222,0
8922,0
2065,0
2404,1
664,1
548,1
9654,1
5153,0
5363,0
6380,1
6381,0
2326,0
9263,1
220,1
9147,0
9633,1
4432,0
558,0
6919,1
8822,0
5513,1
8315,0
2605,1
3506,0
9893,1
2053,1
7732,0
632,1
223,1
9525,0
9112,0
8333,1
715,0
5309,0
4952,1
1480,0
6729,1
701,0
4566,0
440,1
263,0
2050,1
849,0
8799,1
6335,1
8414,0
7337,1
5481,0
9610,0
755,0
4346,0
5565,0
4525,0
5104,1
396,0
2477,1
7742,0
3354,0
8609,0
6032,1
2400,1
2207,0
1886,0
6063,0
1507,1
9582,0
461,0
8567,0
4061,1
3138,0
958,1
9079,0
5136,0
8743,0
9520,0
1723,0
3328,1
6072,0
5914,1
935,1
3619,1
8946,1
6666,1
6554,0
4609,1
763,0
7045,0
8816,0
2519,1
7187,1
103,0
6513,0
4936,0
6801,0
2264,1
5942,0
3357,1
9014,0
259,1
4577,0
9595,1
4450,1
334,0
6507,1
3947,1
6823,0
5822,0
6595,0
6617,0
1712,0
2501,0
7313,1
2341,0
8999,0
9491,0
8488,0
8879,1
6126,0
665,0
4354,1
76,0
2834,0
9304,0
659,1
4386,1
3483,0
3197,1
4962,0
6160,1
1771,0
5185,0
1495,0
5491,0
9020,1
5711,0
8646,0
4738,1
6579,1
374,1
2392,0
3572,1
6907,0
4524,1
9979,0
9640,1
670,1
4923,1
4333,1
8077,1
6795,0
1167,0
7162,1
7878,0
69,1
72,1
2075,1
6639,1
3501,0
3992,1
2011,1
9708,1
2106,0
1985,0
2891,0
6767,0
5356,1
9037,1
5919,1
3798,0
2497,1
7635,0
6178,0
3718,0
4534,0
6723,0
6713,0
4102,1
7592,1
4802,1
4680,0
5694,1
4176,0
4977,0
518,0
4942,1
2451,0
7424,0
4508,0
7002,1
2921,0
4241,0
4957,1
1843,1
8400,0
1905,0
5680,0
3823,0
541,0
3735,0
6333,1
3491,1
9580,0
6029,0
6158,1
3436,1
3336,1
4794,1
1845,0
8502,0
2161,0
8718,0
3754,0
3409,0
5566,1
2720,0
9110,1
2012,0
8579,1
9839,0
1,1
3238,1
7429,1
451,1
7622,0
6566,1
6539,0
9754,1
8690,1
1317,0
8008,0
6175,0
650,0
1299,1
4180,1
408,0
1916,1
4845,0
5796,0
2823,0
4306,0
1816,1
8001,0
3569,0
8234,0
8440,1
5729,0
2675,0
3872,1
636,1
6634,1
7260,1
6102,0
3245,1
9920,1
7668,0
4505,0
4510,0
9427,1
2660,1
5562,1
7012,0
832,0
5896,0
2191,1
4760,0
7407,0
2819,0
7396,0
5594,1
5339,1
168,1
1502,1
6182,1
5112,0
2973,0
7410,1
230,0
289,0
6423,0
2079,0
3392,0
3795,0
1166,0
104,0
6501,1
402,0
9650,0
9046,0
1280,0
612,0
656,0
4497,0
4999,0
3086,1
2274,0
1531,0
7119,0
5996,0
3543,0
6071,0
1024,0
890,0
3876,1
303,1
4012,1
4411,1
1057,0
2150,1
9064,1
8409,0
8358,0
9314,1
5900,0
3250,0
6003,0
7370,0
37,0
2285,1
7136,0
7620,0
2090,0
7385,0
6748,1
7586,0
9019,0
828,1
9686,1
1619,1
2413,0
2409,0
6934,0
9512,0
4359,0
4010,0
128,1
2503,0
1702,0
7372,1
9664,0
9529,0
434,0
6073,1
2252,1
4000,1
2306,0
9623,0
3781,0
9045,0
266,0
1011,0
2352,0
588,1
7613,1
4050,1
7172,0
2416,0
1156,1
4454,1
2782,1
5668,0
3918,1
4596,0
6486,0
969,0
2292,0
5940,0
6742,0
1211,0
744,0
7440,1
4351,1
5871,0
2712,0
4430,1
4698,0
286,1
654,1
4143,0
3523,1
3708,1
1825,1
6012,1
7174,0
1681,0
7320,1
83,0
7944,1
8736,1
2825,0
2386,0
2148,0
9347,0
3144,0
3302,1
5570,0
5924,1
7570,1
91,1
7154,1
2654,1
1715,1
8594,1
9040,0
5766,1
3094,1
9303,0
3171,1
3378,1
8992,0
9579,1
2879,0
505,1
101,1
2889,1
5867,0
4575,1
1227,0
7947,0
6777,1
214,1
1392,0
5503,0
4602,1
7375,1
8232,0
3962,0
1263,0
3335,0
7722,0
9467,0
6040,0
124,1
9539,0
9050,1
8028,1
565,0
1129,0
8613,1
78,0
9175,0
4691,0
4774,1
8350,0
8692,0
8023,0
4982,0
7772,0
2517,0
8224,0
3609,1
4363,0
4389,1
7838,0
3923,0
1389,1
1519,0
7824,1
5815,1
4552,0
1235,1
6049,0
9350,0
3465,0
1994,1
4998,0
3588,1
8773,1
8769,1
4329,1
7374,1
8277,0
5636,0
3167,1
5744,0
314,0
6253,1
7832,0
22,0
8437,0
4507,1
8108,0
3240,0
4127,1
4793,0
2243,1
9274,0
2771,0
3573,1
5335,0
8770,0
10,0
5161,0
8387,1
5868,0
3893,0
4795,1
5268,1
1545,1
8854,1
4941,1
2308,0
3527,0
8867,1
5761,0
6446,0
8760,1
602,1
5984,1
9069,0
3468,0
8083,1
5772,0
8360,1
8245,0
8416,1
3176,0
2707,1
3919,0
4472,0
7650,1
3331,0
5552,0
5949,0
7723,0
5773,0
1385,0
436,1
988,1
8034,1
4406,1
6208,0
9594,0
47,0
6737,1
7736,1
4610,1
8239,0
5088,0
8506,0
6058,0
6916,0
1648,1
7534,0
224,0
3294,0
757,1
3037,0
2690,0
219,0
5864,0
1743,1
7874,1
1919,0
9682,1
7262,1
6891,0
4212,0
5418,0
8182,0
1444,0
6865,0
3072,0
9072,0
3623,1
2573,0
4763,1
7903,1
1452,1
1543,0
6791,0
8525,0
822,1
3169,1
210,0
6712,0
7051,0
4837,1
73,1
8762,1
8894,0
6844,0
5193,1
5760,1
4103,1
2540,1
568,1
6871,0
150,1
7171,0
1440,0
5635,0
3475,1
3576,1
5219,0
3990,1
7176,1
6577,1
9775,1
9723,1
9923,1
6457,0
504,0
7016,0
5684,0
516,0
977,1
2908,1
7254,1
5097,0
9908,0
973,0
2967,0
4887,1
3092,0
1503,0
3820,0
4686,1
8217,0
198,0
2293,0
6846,0
6799,1
9903,0
993,1
7247,0
6854,0
9329,1
5929,1
2200,0
5396,0
1266,0
9158,0
7447,0
8725,0
1334,0
3537,0
7643,0
5464,1
2995,1
8861,0
1065,0
2180,0
7192,0
8989,0
6245,0
4783,0
6815,1
6010,0
3334,1
6675,0
2384,0
8446,1
3237,1
826,1
7787,1
1510,1
3145,0
3050,1
2946,0
9054,0
9103,0
9946,1
6082,0
6975,0
8906,0
574,1
800,1
655,0
3865,0
2747,0
3085,1
8487,1
8033,0
6139,1
815,0
2229,0
8049,0
9179,0
4166,0
5473,0
5695,0
8577,1
6574,0
5716,0
2362,1
17,0
7114,1
9332,1
448,0
6035,1
7452,1
9447,1
6326,1
6093,1
8625,0
4759,1
3235,0
2511,1
7707,0
5502,1
7677,1
6996,0
7747,0
4811,0
9392,1
7146,1
2861,0
1281,1
7548,0
3635,0
9333,0
4223,1
1488,0
2435,0
2066,0
8153,0
9663,1
6686,0
2954,0
870,1
2377,0
5687,1
7137,0
1175,0
9212,1
6762,0
126,0
4779,0
2198,1
2884,0
719,0
9768,0
2330,1
3665,0
1000,0
1256,0
2890,0
8167,1
3477,1
6173,1
9891,1
3464,1
9095,1
8081,1
3984,0
8135,0
3352,1
3516,0
3816,0
9713,0
4544,0
4375,0
2676,1
9969,1
6719,1
7686,1
9703,1
9321,0
2669,0
7978,0
9986,1
4529,1
7795,1
6624,0
8774,1
578,1
9756,1
9567,1
990,0
1765,1
5068,0
8749,0
9988,1
161,0
5201,1
2718,1
1714,1
6199,0
472,1
4563,1
2670,1
7377,1
9127,0
4556,1
3524,1
6571,0
6649,0
6118,1
1269,0
7164,0
657,0
897,1
1572,1
7624,0
251,0
6254,0
7441,0
2421,0
9324,1
1309,0
2504,1
6459,1
3948,0
909,1
8571,0
9589,0
8607,1
6827,0
7190,0
4947,1
9130,0
5149,0
4489,1
5510,1
6589,0
3630,1
8803,0
2174,0
7475,0
6688,0
3833,1
7819,1
4040,1
4440,0
4287,0
9033,0
3714,0
1063,1
1548,0
2437,1
4808,1
7021,0
2209,1
9801,0
1518,1
8845,0
3931,0
6325,0
7619,0
2955,1
4453,0
8535,0
7893,1
1067,0
5432,1
5648,0
9107,0
1139,1
8465,0
8274,1
6112,0
1010,1
1685,0
3826,0
975,1
1944,1
9982,1
240,1
8600,0
8289,0
2752,0
3624,1
6925,1
3805,1
4707,1
3183,1
9222,0
5725,0
3510,1
2641,0
4969,0
948,0
5015,1
2474,0
3927,1
6677,0
8954,1
4471,0
8091,1
2909,0
5218,0
1756,0
7694,0
295,1
7472,0
9234,0
7129,0
2754,1
8980,0
5187,1
100,1
137,0
1535,0
1679,1
5520,0
503,1
2411,1
1073,0
9927,1
6309,1
9421,0
5728,0
2388,1
6387,1
5947,1
261,0
5726,0
4259,1
8207,1
4437,0
6626,1
1885,1
7094,1
3997,0
6000,0
344,0
8268,0
6696,1
3513,1
4581,1
5239,1
1141,0
1434,1
8071,0
5638,0
891,1
7462,1
1804,0
944,1
9619,1
730,0
4714,1
5764,0
5106,0
4191,0
8434,0
1267,1
1749,0
4597,1
4198,1
7823,1
8909,0
1205,0
5251,1
2049,0
3314,1
3978,0
3321,0
5306,1
8162,1
5724,1
5108,0
6044,0
1325,1
9219,1
738,1
272,0
9671,1
7750,0
9501,0
347,0
1947,1
5350,0
3611,0
5923,0
2300,1
1986,1
8129,0
5479,1
720,0
2900,0
7941,0
4716,0
4115,0
6242,1
6143,1
7802,0
186,0
3369,1
6314,0
885,1
5093,0
1941,0
8241,0
8842,0
6644,1
901,1
4498,1
9614,0
4160,0
4029,0
7631,1
913,0
7540,0
4130,0
887,1
7531,1
7486,0
9018,0
7710,1
9769,1
9585,0
7325,0
3913,0
3835,0
9813,0
3200,1
7550,0
1492,0
419,1
1360,0
7373,0
9465,0
8963,1
3372,1
8325,0
1508,0
7376,0
4228,0
5887,0
6885,0
3819,1
5186,0
3618,0
3750,1
1070,1
2359,1
2453,1
8320,0
3559,1
6728,0
964,0
7369,0
2742,1
1481,1
2186,1
6135,1
2708,1
9432,0
2512,0
9951,1
7591,1
9209,0
517,0
7503,1
4523,0
4593,0
1173,0
4015,1
7798,0
4858,1
8604,0
6022,0
959,1
2481,0
3190,0
4630,0
6590,0
7674,1
197,0
8620,0
2363,1
5833,1
4341,0
9841,1
7516,1
838,0
3530,0
3592,0
4113,0
1868,1
4514,0
5804,0
9312,1
4826,1
3937,0
3047,0
5723,0
95,1
9750,1
5058,1
6268,0
8109,0
8688,0
4435,0
6372,0
7163,0
1665,0
9285,0
797,0
5514,0
7507,0
3852,1
3146,0
1615,1
7259,0
3930,0
5667,1
3113,1
3295,0
8591,0
3076,0
9049,0
2639,1
336,1
9821,1
6438,1
6550,0
3035,1
39,0
5085,1
5485,1
134,0
6212,0
1684,0
8377,1
3165,1
55,1
6689,1
6905,0
9270,1
1808,1
8572,0
4617,1
9200,1
6596,1
285,1
7790,0
8195,1
1562,0
1493,1
2648,0
1016,1
5609,0
234,1
731,1
4864,0
5484,1
9676,0
4158,1
7700,1
9440,1
2830,0
7057,1
8652,0
9322,1
9337,0
8221,1
4671,1
8610,0
7149,1
5411,0
7102,1
4492,0
1626,1
9256,0
7505,1
9716,0
7224,0
4665,1
4564,0
6276,0
1128,0
8981,1
2348,1
1200,1
6734,0
7058,1
1995,1
4533,1
599,0
9905,0
2199,1
7616,0
4869,0
2510,0
7100,1
6813,0
9066,0
4317,0
7657,1
9959,0
7752,1
3296,1
7889,0
8660,0
2777,1
2176,0
4364,1
1981,0
9632,0
865,1
1198,0
5091,0
9808,0
9651,0
1076,1
7785,0
395,0
7483,1
6220,1
3655,1
248,1
5165,1
7604,1
5933,1
5103,1
8686,1
8890,0
2290,1
4876,0
4854,1
6330,0
2527,0
741,0
8779,0
6863,1
7497,1
9117,0
120,0
9770,0
5509,0
8793,1
5532,0
2076,1
537,1
7086,0
2859,0
2975,1
9428,1
7911,0
1635,1
8820,1
3333,1
4797,0
6545,1
4357,0
9144,0
6251,0
1240,1
1465,1
2040,0
4253,1
3274,0
4473,0
68,0
3563,1
473,0
2074,1
3646,0
1100,1
1340,0
1387,1
7877,1
415,1
3600,0
7105,1
2132,0
5360,0
1080,1
6572,0
1253,0
1824,0
1419,1
7413,0
923,0
9266,0
9656,1
8263,1
7363,0
2091,0
8626,1
7050,0
986,1
4044,1
5898,1
3634,1
238,0
9374,1
7754,0
3961,1
5557,1
6873,0
6826,0
6685,1
3479,1
3702,0
4769,1
5351,1
4883,1
7257,0
3680,1
7368,0
2767,0
9975,1
26,1
8264,0
6674,1
9557,0
340,1
5993,0
5501,1
4877,0
5232,1
5876,0
2874,1
7235,1
8419,0
3901,0
3293,1
4233,1
2694,0
2393,0
7127,0
2127,1
8831,0
1428,0
149,0
3605,0
6338,1
4121,0
8915,1
3339,1
4897,0
3801,0
8892,0
6693,0
726,0
8678,0
4842,1
7884,0
972,0
7091,0
2838,1
8142,1
4560,1
2465,0
6593,1
1662,0
8396,0
9211,0
5877,1
189,1
1620,0
5581,1
4414,1
7728,0
1970,1
3323,0
7776,0
8321,1
5841,0
1631,0
9163,1
5395,0
2705,0
1553,0
2826,1
4181,1
188,0
4367,1
1735,1
5329,1
3412,1
3994,0
3898,0
9473,0
365,1
7479,1
29,1
3437,0
8941,1
8574,1
2138,1
8543,0
7042,1
9383,1
2544,1
3480,1
4866,0
1602,0
5000,0
8363,1
7931,1
4653,0
7463,0
4005,0
193,0
3029,1
7495,0
8933,1
7478,0
9155,0
2905,1
7669,0
4955,1
5727,1
2924,1
2269,0
4174,0
7927,1
5550,0
3832,0
8710,1
9176,0
5542,0
4090,0
7344,0
6426,0
848,1
1279,0
5213,0
3470,1
4909,1
2267,1
1638,1
6004,1
5523,0
1920,1
9015,0
5132,1
9180,1
4911,1
1153,1
2353,0
2097,1
9439,1
4787,1
6293,0
469,1
978,1
3541,0
9670,1
3292,1
2851,0
8259,1
6448,1
9335,0
6464,0
8900,1
7456,1
2366,1
9528,0
4954,1
3965,0
439,1
6733,1
3395,0
9080,0
377,1
4892,1
4933,0
3223,0
9166,0
417,0
9442,0
8975,1
281,0
217,1
115,1
2688,0
9038,1
3015,1
4401,1
7438,1
4151,1
1217,0
1565,1
5738,0
3766,0
5884,1
708,0
2429,1
1642,0
5408,0
2926,0
3813,0
5364,0
19,0
7243,0
3381,0
6001,0
524,0
1523,1
6397,0
3116,0
5693,0
2996,1
6458,1
794,1
2067,0
714,0
7395,0
4824,0
9760,0
4410,0
7971,0
6812,0
3743,0
8271,0
3229,0
6927,0
2539,0
6722,1
1027,1
9364,0
3024,1
7241,1
1184,1
6116,0
7090,1
3864,1
3531,0
2043,1
6061,0
6655,0
577,1
9295,0
1588,1
8189,0
71,0
1310,1
8359,1
4313,0
4989,1
3877,1
7011,1
8877,1
5144,0
4459,0
4195,0
3983,0
9863,1
8558,1
4570,1
7940,1
1728,1
6132,1
3562,0
5651,1
4904,0
4746,1
3212,1
2913,0
8113,1
1196,1
2407,0
9666,0
9111,1
1794,0
1737,1
4461,1
9060,0
3964,1
2865,0
4210,0
4013,0
3482,0
4732,1
4305,1
3745,0
8984,1
6443,0
4220,0
1460,1
2941,0
7175,1
6111,1
9991,0
566,0
479,0
5604,1
4717,0
4972,1
5312,0
925,1
371,0
4162,1
5107,1
2769,1
1599,0
2167,1
8636,1
7712,1
7633,0
2317,1
1401,0
5546,1
1627,1
7506,0
7649,0
2939,0
7400,1
5991,0
4265,1
215,0
5934,1
5026,0
1865,0
7293,0
624,0
9872,0
2202,1
4925,0
9714,1
4846,1
2112,0
7347,1
3975,0
3036,1
8111,0
6943,0
5340,0
7360,1
4283,0
9119,1
9537,1
9142,0
4720,0
8467,0
5582,0
7708,1
1353,0
7992,1
8901,1
7648,0
5100,1
1837,1
836,1
9105,0
7365,1
205,0
3799,0
4829,0
6375,0
5659,0
6026,0
6324,0
1323,1
750,0
8065,0
2490,0
4891,1
7470,1
283,0
2740,0
2403,1
3744,1
8247,0
2979,0
7718,1
2391,0
7165,0
5894,0
7223,0
1528,1
4542,1
114,0
8878,1
8549,0
2569,1
8781,1
147,0
8887,0
4339,0
9997,1
7311,0
3052,0
7099,1
1624,0
3957,1
4075,1
5972,1
3780,0
762,1
7405,1
3441,0
7865,0
1394,1
6711,1
9408,1
132,0
2230,0
8723,0
4517,1
7282,0
9426,0
4511,1
7332,0
4405,0
2224,0
1290,1
1305,0
912,0
231,0
3629,1
411,0
8318,0
3969,1
1608,0
2732,0
4754,1
4713,1
2652,1
3505,0
2692,1
7450,1
3011,0
867,1
4966,1
8312,0
1099,0
7794,1
2032,0
7031,1
1412,0
5177,1
4016,0
8497,1
2472,0
2261,1
4332,1
8667,1
8503,1
8528,1
4580,1
1096,0
5580,0
183,1
1045,0
3061,1
1251,0
468,1
8500,1
4767,0
7628,0
6892,0
572,0
2912,0
9825,0
6597,0
427,0
1464,1
3003,0
8988,1
1110,0
9239,0
6367,0
9485,1
3689,1
8916,0
4190,0
7290,1
7987,0
3320,1
5663,1
1082,1
4282,1
6315,1
3433,0
6807,1
3493,0
4021,1
5758,0
8757,1
1486,0
1234,0
9277,1
1149,0
1288,0
3215,0
5301,1
2423,0
8695,0
3282,0
4587,0
4214,0
628,1
3117,1
2244,0
9639,1
2095,0
7892,0
1462,1
3504,0
236,1
3290,0
846,1
5906,0
7150,1
7269,1
2746,0
8170,0
6895,0
9675,1
2346,1
2931,0
2042,1
6755,0
9167,1
1301,0
6988,0
4245,1
319,0
4280,0
7831,0
2916,0
1335,0
9261,1
695,0
8914,0
4900,1
3670,0
9055,1
4624,0
3815,0
7514,0
3787,0
6935,0
6149,1
1199,1
5613,0
2786,0
1557,1
2964,1
2125,0
575,0
2390,0
2809,1
5549,0
6030,0
4423,0
3955,0
1272,0
7965,0
1688,1
1437,0
1328,0
2600,0
59,0
5832,0
4249,0
2245,0
3769,0
6478,0
3519,0
9390,1
5334,0
9371,0
6018,1
8349,1
173,1
4196,0
1081,1
5599,0
4729,1
3693,1
8340,1
8775,0
8742,1
9182,1
4267,0
6138,0
4974,1
6653,1
3109,0
5174,1
2778,0
7683,0
9644,1
4179,0
3074,0
8044,1
5013,1
2063,0
5712,0
2709,0
2988,0
3533,0
880,1
8256,1
5043,1
178,1
6606,0
3503,0
5698,0
1567,0
7922,1
6075,1
257,0
830,1
2678,0
8674,1
4871,0
7326,1
9804,1
2508,0
5290,1
6768,0
592,0
3717,1
9521,0
5380,1
9546,1
4751,1
7302,1
2934,1
9367,1
1406,1
8427,1
4574,0
4935,1
7270,1
4613,1
4425,0
8002,1
1729,1
6064,0
2364,1
4675,0
9950,0
3518,1
3791,1
5854,0
6357,1
2087,0
1853,1
8212,0
8311,0
4009,0
2331,0
6529,1
184,1
5528,1
5874,0
8575,0
5577,1
9618,0
710,1
2084,1
3678,0
1664,0
4240,1
1516,0
1830,1
420,1
9948,0
4700,1
9132,0
7645,1
8581,1
2476,0
5494,0
3584,1
6705,0
30,0
1603,1
2313,1
2645,0
6825,0
330,0
7711,0
7636,1
4634,1
7634,1
1537,1
7112,0
8395,1
4020,1
2592,1
7152,0
962,0
8299,0
3180,0
9992,1
9145,0
947,1
1114,0
5182,0
9980,1
7283,1
112,0
6668,0
9484,0
6580,1
8531,1
5706,1
7814,0
2907,0
8545,1
2536,0
9490,1
9598,0
8669,1
2297,1
8548,0
9815,0
7545,0
1762,0
138,1
2820,1
9706,0
3023,0
704,0
8484,0
8094,0
6028,0
4636,0
8297,0
2314,1
1346,1
8148,1
6244,0
7654,1
9267,1
3219,0
3844,1
7603,0
2932,0
4052,1
5007,0
2958,1
6327,0
9272,0
8624,1
6968,0
7897,1
3248,1
8418,1
673,0
1226,0
5917,0
2749,0
7601,1
8763,0
3126,1
8597,0
2184,1
353,0
4206,0
9707,1
4290,0
3175,0
1206,1
7521,1
9748,1
459,0
3456,1
551,0
6508,0
6703,0
2223,1
2462,0
2291,0
201,0
8166,0
685,0
5282,1
3088,1
5848,0
1877,0
7861,1
5245,0
6881,0
7809,0
4825,1
4006,0
6923,1
2758,1
2920,0
8712,0
1570,1
9317,0
6204,0
1530,1
8270,1
4975,1
4072,0
507,1
8592,1
9174,0
7039,0
8172,1
4770,0
4924,0
2942,0
9698,1
8433,0
7219,0
7763,0
6858,0
9233,0
4445,1
1171,1
2855,0
1134,0
6014,1
429,0
5422,1
1850,1
2498,1
3453,1
9765,0
1215,0
7498,1
3909,1
3077,1
9788,0
3915,1
4047,0
9382,0
2237,0
7614,1
3925,0
1015,0
3649,0
4739,1
4757,1
5734,1
7022,1
4766,0
4057,1
7173,1
8821,1
8410,0
3511,0
7010,1
3685,1
7853,1
470,0
7567,0
9173,0
9569,0
5735,0
9504,1
4983,0
3318,0
3759,1
539,1
3803,0
8650,1
5849,0
844,1
920,0
2099,1
4141,0
9840,1
2026,1
2816,1
9409,1
698,1
4622,1
9477,1
9699,1
9136,0
2584,1
9435,1
2894,1
6503,0
1901,0
1686,0
2951,0
4537,1
1324,1
162,0
2254,0
7693,0
1549,0
5449,1
8746,1
9509,0
1918,1
6214,1
9162,0
8118,0
2440,0
8450,0
3642,0
8875,1
8423,1
3188,1
4960,1
5249,1
7436,0
3454,1
7158,0
9082,0
3377,0
8809,0
6800,0
4149,0
8316,0
2559,1
6201,0
7958,1
7791,1
7144,0
9749,1
2389,1
9858,0
2703,0
4476,1
4773,0
4889,0
4398,1
6933,0
6168,0
4673,0
6416,0
1900,1
4855,1
9369,0
2272,0
2844,1
2773,1
6505,1
2664,0
9100,1
116,0
564,0
2567,0
6963,0
3241,0
3136,0
2779,0
8457,1
5994,1
1859,0
2553,1
8013,0
635,1
5548,0
8644,0
5349,0
7156,0
1826,0
4315,0
6163,1
3435,0
9028,1
4230,0
4293,0
1721,0
8483,0
8771,1
7319,1
5825,0
9724,1
1835,0
583,0
8181,1
4650,0
9346,0
3021,1
4292,0
3590,1
6304,0
4197,0
7265,1
2250,0
3111,0
8159,0
2397,1
9078,1
8338,1
5629,1
5901,0
1776,1
9919,1
5805,0
4273,1
7757,1
2801,0
5935,0
9201,1
4248,0
2485,1
5223,1
6965,0
6034,0
7551,0
6084,0
3033,0
2513,1
1690,0
2325,0
759,0
4436,1
4237,0
916,1
5575,0
5982,1
5966,0
3581,1
5826,0
5690,0
5102,0
4479,1
6819,0
8704,1
93,1
8570,0
5964,0
3013,0
1044,0
1807,1
8811,1
8326,0
1294,0
780,0
4657,0
6931,1
5255,0
7698,0
6087,1
4980,0
1894,1
1696,0
8373,1
9282,0
5028,1
8477,1
8209,0
2443,0
7904,0
2160,0
9956,1
8176,0
1109,1
5098,1
2977,1
3115,1
5225,0
8798,0
1438,0
4991,0
737,0
6608,1
1069,0
2158,1
7847,1
9053,0
6820,0
6862,0
1105,1
6806,0
563,0
8007,0
3082,0
8200,0
5601,0
2350,1
243,1
5802,0
6784,0
1869,1
7471,1
8276,1
8871,0
339,0
5040,0
3217,0
2118,1
7662,1
5400,0
1710,0
1098,0
1087,0
7062,0
8865,1
8175,0
2960,0
3960,1
4841,0
5639,1
6918,0
8797,1
6403,0
5936,1
669,1
4289,1
6756,0
5431,1
651,1
4645,1
8138,0
511,1
4080,1
6942,0
9286,1
6484,0
8074,1
5661,1
7515,0
2414,1
5751,0
4356,0
8918,1
6374,1
2143,0
9544,0
4262,0
2983,0
8114,1
3553,0
3556,1
7576,0
860,1
7835,1
4286,1
9361,0
7744,0
3586,1
4554,0
5118,1
6604,0
6684,1
3526,1
7881,1
8675,1
8144,0
4820,1
5099,0
2743,0
7314,1
2280,0
6086,0
8679,1
5317,1
8907,1
2734,0
2723,0
4731,0
4153,0
7394,1
5499,1
4155,0
7354,1
7191,0
1048,1
2656,1
1260,1
4658,1
6382,0
8519,1
4067,1
1292,0
3794,1
6856,0
8642,0
5592,1
2027,0
8697,1
7597,0
355,1
462,1
107,1
3091,1
1671,0
5779,0
9229,1
809,0
7975,0
6981,1
5323,1
6718,1
508,1
9727,1
8847,0
6306,0
7607,0
9680,1
2647,0
2546,0
1432,0
4748,1
6780,0
4444,1
7453,1
4548,1
4927,0
3690,1
9385,1
1724,0
9952,1
872,1
5731,1
1767,0
3800,0
9377,1
5066,1
2255,1
2839,1
6358,0
758,0
8858,0
4994,1
9764,0
7818,0
8261,0
9230,1
3363,0
842,1
242,1
4791,0
2081,1
1654,1
8699,1
3057,0
5783,0
6914,1
3788,0
9752,0
9009,1
5743,1
123,0
6128,1
8666,1
6842,0
7951,0
8022,1
5430,0
3521,0
2621,0
2947,1
2617,1
4501,0
1421,1
6847,1
5989,0
8215,1
3019,0
5466,0
8748,1
8829,0
601,1
9375,0
5480,0
1137,0
1239,0
2257,1
5314,0
2374,0
3664,1
1962,1
9483,1
7454,0
5952,0
4343,0
6511,0
9293,1
5260,0
7788,0
8982,1
2852,0
2985,0
5031,1
6025,1
2085,0
1151,0
5142,1
4060,0
4986,0
4168,0
8638,0
337,1
8758,0
5047,0
7753,0
62,1
4661,1
6708,1
3000,1
5017,1
2971,0
1607,0
8722,1
7147,0
1945,0
5647,1
9289,0
8533,0
523,1
3544,0
8784,1
7644,1
2236,1
6620,0
5229,0
6440,1
8603,0
6258,1
533,0
5319,1
8615,0
7587,0
9779,0
5021,1
7382,0
6088,0
3481,1
1829,1
7697,0
6248,1
7391,0
9787,0
6472,0
2238,1
4916,0
6434,0
6570,1
7249,1
2426,1
7378,0
4390,1
6009,1
5151,0
3118,0
8279,1
4420,0
7656,0
7672,1
3582,0
8031,0
2299,0
7854,0
2872,1
3078,0
225,1
818,1
4350,1
1633,0
1059,0
8068,1
9938,1
8158,0
5979,0
9753,0
9157,0
8544,1
2332,1
6051,0
7526,0
5382,0
3103,1
8059,1
1097,1
6460,1
9881,0
7996,0
749,1
1236,0
3234,0
7640,0
4260,1
1383,1
282,0
5175,0
3881,1
3017,1
4446,1
5394,1
6628,0
3847,1
1973,0
9535,1
1952,0
3048,1
5421,0
467,1
5778,1
4735,1
816,1
1707,0
277,1
8955,1
8285,0
3970,1
1252,0
2360,0
2980,1
384,1
6910,0
5322,0
2895,0
5346,1
8585,0
5536,0
5754,0
4734,0
9283,0
5809,0
859,0
617,0
3393,0
3855,1
5652,1
9177,0
8547,1
6603,1
3896,1
5703,0
3358,0
5521,1
9373,0
50,0
736,0
7512,0
8330,1
3184,1
1214,1
2697,1
9527,0
5034,0
2046,1
332,0
2693,1
7618,0
2556,1
6115,0
9253,0
7549,0
5374,1
9294,1
2108,1
498,0
9003,0
7231,1
4246,0
453,1
928,1
324,1
5307,0
3485,1
1363,0
273,0
4464,1
4455,0
1367,1
5321,0
6368,1
5327,1
9330,0
6227,1
2286,1
3648,0
9837,0
8452,1
4907,1
3941,0
1250,0
9885,1
3213,1
4104,1
5467,1
5325,0
9454,1
6144,1
8532,0
4266,1
9625,1
7608,1
3857,0
9524,1
9502,0
7846,1
1880,1
1043,1
6352,0
3809,0
8627,1
4699,1
881,0
43,0
6232,0
5308,1
6821,1
3340,0
8542,1
716,1
7539,0
6311,0
387,0
6497,1
9433,1
165,1
7292,0
8462,0
4589,0
6876,1
598,0
4690,1
1895,0
1775,0
8790,0
692,1
6625,1
8,1
1051,0
784,1
2122,0
9843,0
2448,0
9635,0
8079,1
307,1
3641,0
6021,0
483,1
5052,0
6361,1
9898,1
7350,0
2214,0
9704,1
6831,1
7599,0
4859,0
2555,0
3749,1
2873,0
4079,1
3206,0
9563,0
8852,0
409,1
7970,0
3884,1
4598,1
5046,0
416,0
3179,0
5171,0
5880,0
4726,1
4161,0
4278,1
9355,0
9013,0
1106,1
2593,1
3365,0
9809,0
6360,0
7905,0
9761,1
866,0
1120,1
1104,1
1800,0
2587,0
3420,0
3426,1
9786,0
2603,0
8599,1
6884,0
5362,1
3841,0
4561,0
1725,1
9622,1
1781,1
6101,0
8329,0
4668,0
6433,0
5980,0
1020,0
2997,0
7371,1
9533,0
6736,0
9035,0
1618,0
2001,1
3317,0
6654,1
5041,1
1008,0
2520,0
5084,1
8719,0
5273,0
6346,0
6804,1
9297,0
9235,1
584,0
2881,0
4242,1
5985,1
6834,0
5657,0
8334,0
6706,0
2115,1
8565,1
1164,0
4310,1
7950,0
6455,1
980,1
4038,1
321,0
8833,0
7916,1
5071,1
7060,1
3105,1
3044,0
4403,1
7573,0
8072,1
9116,0
862,0
3186,1
2133,1
3137,1
3079,1
9672,1
9683,0
2007,0
2837,1
4319,1
9897,0
550,1
8623,1
8206,1
1445,0
7028,1
8880,0
5470,0
8191,0
4393,0
6422,1
445,1
1247,0
4314,1
65,0
2045,0
6581,1
4656,0
7408,0
2113,0
3139,1
5860,1
5354,0
3550,0
1801,1
4373,0
7867,0
2822,1
7761,0
1278,0
394,0
2803,1
8353,1
9599,0
1127,1
4381,1
315,1
4633,0
4014,0
850,1
3565,0
9386,0
9789,0
3054,0
6384,1
2759,1
9681,1
3129,0
3496,0
1006,0
8233,0
6647,1
6938,1
5959,0
2957,0
2279,0
1425,0
9237,0
7673,0
1474,1
4662,1
36,0
6547,0
7937,1
1347,0
8583,0
9597,1
2188,0
8006,1
626,1
6772,0
2815,1
4037,1
6548,0
7926,1
9914,0
378,0
6385,0
5435,0
1436,1
1107,1
6425,0
9878,1
5261,1
8298,1
6113,0
8163,1
9615,1
9848,1
4355,0
491,1
1641,1
6563,0
6131,0
237,0
6356,1
5375,1
6069,1
7912,1
6531,1
9812,0
8602,0
2294,1
8011,1
167,0
2140,0
561,0
6984,0
4019,1
6317,0
5828,0
8187,0
8098,0
1669,0
4018,1
3178,0
5276,0
9059,1
6250,0
9906,1
6549,0
6715,0
1490,0
1400,1
4163,1
333,0
4170,0
3980,0
157,0
1950,0
663,0
4312,1
4579,0
2903,0
5810,0
113,1
5747,0
6538,1
5450,1
7695,0
1487,1
1719,1
4441,1
2811,0
4747,0
1497,0
1007,1
6635,1
713,1
9264,1
8994,0
3404,1
3463,0
5891,1
9217,1
5406,0
4929,0
9576,1
1356,0
9648,0
9967,1
8573,0
8872,0
9300,1
1820,0
4069,1
2444,1
2446,0
2821,0
2311,1
4207,1
5183,1
2637,1
9255,0
4413,0
249,1
4642,0
5173,0
1736,0
8466,0
2595,0
1496,0
1645,0
3731,0
4565,0
3324,0
2952,0
4558,0
7976,0
1988,1
3922,0
4853,1
4543,1
6909,1
8614,1
2354,0
9874,1
1066,0
357,0
5903,1
7625,0
9396,1
7248,1
2585,0
5075,1
8751,0
4805,1
2062,1
1566,1
7185,1
4708,1
4850,1
4462,1
3848,0
5094,0
1478,0
3399,1
3355,1
2328,0
613,0
6810,1
486,1
1413,0
4150,1
8628,1
5202,1
6046,0
3172,1
9262,0
1992,0
60,0
3924,0
2529,0
3418,1
9721,0
3869,1
7276,1
359,0
902,0
3908,1
3288,0
3457,0
1658,0
3032,1
7956,1
151,1
6724,1
9336,1
3041,0
3373,0
9431,1
1245,0
64,0
7699,0
4701,1
9799,1
3842,1
6720,1
8458,1
6243,1
6005,0
1058,0
4372,1
5078,1
3520,0
4358,0
6215,0
6519,0
6621,1
2436,0
9926,1
5452,1
7194,0
1738,1
6013,1
1388,1
7500,0
2635,0
4984,0
3875,1
9617,0
7676,0
1600,0
6573,1
677,0
8186,1
3883,0
7733,0
177,0
5615,1
4183,0
187,0
924,0
621,1
1943,0
9366,0
2248,0
4852,0
146,1
4790,1
2925,1
6673,0
8917,1
5341,0
5089,0
4827,0
2674,0
8850,1
2663,0
8319,0
7860,1
9271,0
1343,0
2863,0
139,0
9884,1
8586,0
5381,0
7969,0
864,0
9888,1
9743,1
9331,1
661,1
2542,0
6100,1
7681,0
2577,1
927,1
2518,0
9805,1
6456,0
7967,1
7598,0
8911,0
13,1
9855,1
4502,0
9464,1
5189,0
4380,0
15,0
934,0
709,1
7415,1
2835,1
9254,1
3967,0
4896,0
3344,0
6321,1
8386,0
6042,1
7953,0
994,0
2817,0
3500,0
4484,1
3170,0
9083,1
3462,0
2810,1
5384,0
6164,0
3283,1
2653,0
2548,0
8064,0
4361,1
6389,1
3442,0
4353,1
6569,1
9616,1
8983,0
4264,0
6452,0
4937,0
4608,1
879,0
4818,0
8201,0
1349,1
6840,0
2662,0
4257,1
9522,0
4861,0
4741,0
1930,0
1876,1
5713,1
3853,1
7080,1
3688,0
5179,0
6991,1
5498,1
8014,1
9942,0
9868,0
9602,0
8493,1
170,0
2033,0
9429,0
7110,1
7850,1
9688,0
1789,1
4120,1
8156,0
8843,1
5390,1
8846,0
6747,1
6690,1
4370,1
9137,0
5909,1
4202,1
9318,1
1814,1
7925,0
702,0
